:020000040800F2
:10000000600600206D0100087D030008430300081E
:10001000790300081F020008E10800080000000042
:10002000000000000000000000000000C503000800
:100030002302000800000000A1030008B10400082A
:100040008701000887010008870100088701000870
:100050008701000887010008870100088701000860
:100060008701000887010008870100088701000850
:100070008701000887010008870100088701000840
:100080008701000887010008870100088701000830
:100090008701000887010008870100088701000820
:1000A0008701000887010008870100088701000810
:1000B0008701000887010008870100088701000800
:1000C00087010008870100088701000887010008F0
:1000D00087010008870100088701000887010008E0
:1000E00087010008870100088701000800F002F876
:1000F00000F02CF80AA090E8000C82448344AAF196
:100100000107DA4501D100F021F8AFF2090EBAE893
:100110000F0013F0010F18BFFB1A43F0010318473B
:10012000C4380100D4380100002300240025002633
:10013000103A28BF78C1FBD8520728BF30C148BF4A
:100140000B6070471FB51FBD10B510BD00F031F832
:100150001146FFF7F7FF00F0E1FB00F04FF803B4A2
:10016000FFF7F2FF03BC00F053F800000948804796
:1001700009480047FEE7FEE7FEE7FEE7FEE7FEE789
:10018000FEE7FEE7FEE7FEE704480549054A064BA1
:1001900070470000B5040008ED0000086000002072
:1001A0006006002060020020600200207047704757
:1001B0007047754600F028F8AE460500694653467C
:1001C00020F00700854618B020B5FFF7DDFFBDE839
:1001D00020404FF000064FF000074FF000084FF0AE
:1001E000000B21F00701AC46ACE8C009ACE8C0093F
:1001F000ACE8C009ACE8C0098D4670470446AFF3CF
:1002000000802046FFF7ABFF004870470000002049
:1002100001491820ABBEFEE726000200704700BF70
:10022000FEE770472DE9F041024600250026002038
:1002300000230024002791F803C00CF00F0591F86B
:1002400003C00CF0100CBCF1000F03D091F802C0F9
:100250004CEA050591F800C0BCF1000F31D01468DC
:1002600000202BE04FF0010C0CFA00F3B1F800C0B5
:100270000CEA03069E4220D183004FF00F0C0CFACB
:1002800003F7BC4305FA03FC4CEA040491F803C0ED
:10029000BCF1280F06D14FF0010C0CFA00FCC2F89B
:1002A00014C00AE091F803C0BCF1480F05D14FF02B
:1002B000010C0CFA00FCC2F810C0401C0828D1D375
:1002C0001460B1F800C0BCF1FF0F34DD54680020A9
:1002D0002EE000F1080C4FF0010808FA0CF3B1F819
:1002E00000C00CEA03069E4221D183004FF00F0CA0
:1002F0000CFA03F7BC4305FA03FC4CEA040491F83A
:1003000003C0BCF1280F05D100F1080C08FA0CF865
:10031000C2F8148091F803C0BCF1480F07D100F176
:10032000080C4FF0010808FA0CF8C2F81080401CC5
:100330000828CED35460BDE8F08141617047016167
:10034000704700BFFEE7000001464906084A92696F
:1003500042F00102064B9A61064A526822F0E062BE
:10036000044B5A601A4652680A435A6070470000AC
:10037000001002400000014000BFFEE7704710B5CA
:100380004FF4A06000F002F810BD000002490143E4
:10039000024A1160704700000000FA050CED00E011
:1003A0007047000029B1064A92690243044B9A61E2
:1003B00004E0034A92698243014B9A61704700004E
:1003C00000100240704710B500F002F810BD0000A8
:1003D0000CB50020019000903348006840F4803054
:1003E0003149086000BF3048006800F400300090D8
:1003F0000198401C0190009818B90198B0F5A06FC1
:10040000F1D12948006800F4003010B101200090BB
:1004100001E0002000900098012843D123480068A3
:1004200040F01000214908600846006820F00300F1
:1004300008600846006840F0020008601A484068FA
:10044000194948600846406848600846406840F4DA
:10045000806048600846406820F47C104860084688
:10046000406840F4E81048600846006840F080703A
:10047000086000BF0C48006800F000700028F9D048
:100480000948406820F00300074948600846406872
:1004900040F00200486000BF0348406800F00C00D4
:1004A0000828F9D10CBD00000010024000200240D5
:1004B0007047000010B51348006840F00100114972
:1004C000086008464068104908400E4948600846E0
:1004D00000680E4908400B4908600846006820F48F
:1004E000802008600846406820F4FE0048604FF411
:1004F0001F008860FFF767FF4FF000600449086045
:1005000010BD0000001002400000FFF8FFFFF6FEE3
:1005100008ED00E02DE9F04104460D4616461F4661
:100520002A2000F09FF9A0B200F08DF9B0B200F0DF
:100530008AF92B2000F096F9A8B200F084F9B8B23D
:1005400000F081F92C2000F08DF9BDE8F0812DE953
:10055000F04706460F4614461D46DDF820A0681EEB
:1005600083B2601E82B239463046FFF7D3FFB846E9
:100570000EE0B14606E0504600F065F909F10100D1
:100580001FFA80F9A145F6DB08F101001FFA80F897
:10059000A845EEDBBDE8F08708B501210820FFF78C
:1005A00001FF4FF47C70ADF8000010208DF80300BF
:1005B00003208DF8020069460448FFF733FE4FF42C
:1005C0007C710248FFF7BBFE08BD0000000C014033
:1005D00010B5FFF7E1FF80218048FFF7AEFE6420F1
:1005E00000F080F980217D48FFF7A9FE642000F02B
:1005F00079F910217948FFF7A2FE642000F072F922
:10060000362000F02FF9002000F026F9B22000F08B
:1006100029F90C2000F020F90C2000F01DF9002031
:1006200000F01AF9332000F017F9332000F014F924
:10063000202000F017F9B72000F014F9562000F040
:100640000BF9BB2000F00EF9182000F005F9C020CE
:1006500000F008F92C2000F0FFF8C22000F002F9A9
:10066000012000F0F9F8C32000F0FCF81F2000F092
:10067000F3F8C42000F0F6F8202000F0EDF8C620D2
:1006800000F0F0F80F2000F0E7F8D02000F0EAF8D2
:10069000A62000F0E1F8A12000F0DEF8E02000F054
:1006A000E1F8D02000F0D8F80D2000F0D5F81420A3
:1006B00000F0D2F80B2000F0CFF80B2000F0CCF8BF
:1006C000072000F0C9F83A2000F0C6F8442000F0F6
:1006D000C3F8502000F0C0F8082000F0BDF8132047
:1006E00000F0BAF8132000F0B7F82D2000F0B4F8AD
:1006F000322000F0B1F8E12000F0B4F8D02000F092
:10070000ABF80D2000F0A8F8142000F0A5F80B209D
:1007100000F0A2F80B2000F09FF8072000F09CF8F2
:100720003A2000F099F8442000F096F8502000F0AC
:1007300093F8082000F090F8132000F08DF81320B3
:1007400000F08AF82D2000F087F8322000F084F8BD
:10075000362000F087F8002000F07EF83A2000F004
:1007600081F8052000F078F8E72000F07BF8002001
:1007700000F072F8212000F075F8292000F072F8DE
:100780002C2000F06FF8212000F06CF8112000F010
:1007900069F8292000F066F82A2000F063F80020AC
:1007A00000F05AF8002000F057F8002000F054F84C
:1007B000EF2000F051F82B2000F054F8002000F05A
:1007C0004BF8282000F048F8012000F045F81720E9
:1007D00000F042F82C2000F045F810BD000C01405C
:1007E0002DE9F05F0746884615461E46DDF828903D
:1007F000002408EB0600401E83B27819401E82B226
:1008000041463846FFF786FEA24618E04FF0000B3F
:100810000FE019F8140000F01FF8012101EB44016A
:1008200019F8010000F018F8641C0BF101001FFA20
:1008300080FBB345EDDB0AF101001FFA80FAAA45FF
:10084000E4DBBDE8F09F10B50446201200F01AF872
:10085000E0B200F017F810BD10B50446204600F0D5
:1008600011F810BD10B5044640210548FFF765FD9D
:10087000204600F007F840210148FFF760FD10BD59
:10088000000C014070B5044620211448FFF755FDC7
:1008900000251BE04FF400711048FFF74EFD04F0F7
:1008A000800028B14FF480710C48FFF748FD04E048
:1008B0004FF480710948FFF740FD4FF4007107487D
:1008C000FFF73DFD6006040E681CC5B2082DE1DB94
:1008D00020210248FFF733FD70BD0000000C0140ED
:1008E00000BFFEE7014642F228324A434FF0E023C0
:1008F0005A6101221A6100229A6100BF4FF0E02282
:10090000106900F001021AB100F48032002AF5D01B
:1009100000224FF0E0231A619A61704708B5FFF793
:10092000C9FDFFF72CFD0220FFF70EFD0120FFF7A8
:100930000BFD0A20FFF7D6FFFFF74AFE4FF6FF70C8
:100940004FF4A073F022002100900846FFF7FFFD4E
:1009500057E02C481423F022002100900846FFF7AE
:100960003FFF0120FFF7BEFF27481423F02219465E
:1009700000900020FFF734FF0120FFF7B3FF23486A
:100980001423F022282100900020FFF729FF0120E6
:10099000FFF7A8FF1E481423F0223C2100900020FE
:1009A000FFF71EFF0120FFF79DFF1A481423F022D6
:1009B000502100900020FFF713FF0120FFF792FF66
:1009C00015481423F022642100900020FFF708FF4F
:1009D0000120FFF787FF11481423F02278210090AF
:1009E0000020FFF7FDFE0120FFF77CFF0C481623D7
:1009F000F0228C2100900020FFF7F2FE0120FFF78B
:100A000071FFA6E7240A0008A42F00082455000857
:100A1000A47A000824A00008A4C5000824EB00085C
:100A2000A410010843944394439443B443944394DF
:100A300043944394439443B443B443B4439443B47E
:100A400043B443B443B443944394439443B443946E
:100A50004394439443B443B443B543B543B543B51A
:100A600043B543B543B54B954B954BB54BB543B5E6
:100A7000439543B543B543B54395439543B543B516
:100A8000439543954395439543953B953B953B94BF
:100A90003B943B943B94439543953B953B953B74EA
:100AA0003B743B743B743B743B7443954395439553
:100AB00043954395439543954395439543B543B536
:100AC00043B543B543B543B543B543B543B643B664
:100AD00043B643B643D64BD643D64BB64BD643D696
:100AE00043D643D643D643D64BD64BD64BD64BD61E
:100AF0004BD64BD64BD64BD64BD64BD64BD64BD6EE
:100B00004BD64BD64BD64BD64BD64BD64BD64BD6DD
:100B10004BD64BD64BD64BD643D643D643D743D7EB
:100B200043D74BD74BD743B643D64BD643D643D503
:100B300043D543D643D643D643D64BD64BD64BD6D6
:100B40004BD643B643D643D643D643D643D643D6F5
:100B500043D643B643B64396439643B643D643D6AD
:100B600043D643D543D643D643D643B643B643B61E
:100B700043D643B643B643B643B643B643B643B68D
:100B800043B643B643B6439643964396439643963D
:100B9000439643964396439643964396439643968D
:100BA00043964396439643B643964396439643965D
:100BB0004396439743974397439743974397439766
:100BC00043B743B743974397439743B743B743B7B5
:100BD00043B743B743B743B7439743B7439643B786
:100BE00043B743B7439643964396439643964396FB
:100BF000439643964396439643964396439643962D
:100C00004396439643944394439443944394439428
:100C1000439443944394439443944394439443941C
:100C2000439443B4439443944394439443944394EC
:100C30004394439443B443B5439543B543B543B557
:100C400043B543B543954B954B954B954B95439584
:100C500043B543B543B543B5439543B54395439534
:100C6000439543954395439543953B9543953B94D5
:100C70003BB43B943B743B953B953B943B953B95F8
:100C80003B9543953B953B94439543B543B543B55D
:100C900043B543B543B54BB54BD643D643B543D522
:100CA00043D543D543D643D643D643D64BD64BD66E
:100CB00043D64BD64BD64BD64BD64BD64BD643D63C
:100CC00043D643D643D643B643D643D643D643B69C
:100CD0004BD643D64BD64BD64BD64BD64BD643D61C
:100CE00043D643D64BD643D643D643D643D643D634
:100CF00043D643D64BD643D643B643B643B643B6A4
:100D000043B743D743D743B643B643D643D643D678
:100D100043D643D643D643D643D643B643B643B66B
:100D200043B643B643B643B643B643B643B643B6FB
:100D300043B643B643B643B643B643B643D643D5AC
:100D400043B543D543D643B643B643B643B543B69E
:100D500043B643B643B643B643B643B643B643B6CB
:100D600043B643964396439643964395439643969C
:100D7000439643963B763B7643963B953B963B9614
:100D80003B963B953B9643963B963B963B963B96D4
:100D90003B96439643964397439643964396439791
:100DA00043B7439743974397439743964396439656
:100DB000439643964396439643964396439643966B
:100DC000439643B643B64396439643B643B64396DB
:100DD00043B6439643B643964396439643B643B6CB
:100DE00043B643B643944394439443944394439407
:100DF000439543944394437443944394439443945A
:100E00004394439443944375439443954395439546
:100E100043B543B543B543B543B54395439543B552
:100E200043B54395439543954B954B95439543B5B2
:100E300043B543B543B53BB543B543B543B543B6F9
:100E400043B543B543B543B643B543B543B543B5E1
:100E500043B543B543B5439543B543B543B543B5F2
:100E600043D543B543B543B543B543D543D543D641
:100E700043D643D543B543B543B543B543D643D62F
:100E800043D643D643D643D643D643D64BD64BD68A
:100E90004BD64BD643D64BD64BD64BD64BD643D65A
:100EA00043D643D643D643D643D643B643B64BD6B2
:100EB0004BD643D64BD64BD643D643D643B643D672
:100EC00043D643D643D643D643D643D643D643D65A
:100ED00043D643D643D643D643D643D643D643D64A
:100EE00043D643D64BD643D643B543B543B543B5B6
:100EF00043B543B543B543B543B53B953B953B95AA
:100F00003B953B953B953B953B954395439543B529
:100F100043B543B543963B953B953B953B953B95F8
:100F200043953B944396439643B543B643B543B587
:100F300043B543B543B543B543B543D543D543B6B0
:100F400043953B953B9543953B753B753B753B7591
:100F50003B753B753B753B753B753B753B753B95F1
:100F60003B753B753B753B953B753B753B763B76DF
:100F70003B763B763B763B963B9643964396439631
:100F8000439643B743B643B743B643B643B643B6B7
:100F900043B743964396439643B643964396439648
:100FA000439643964396439643B643B643B643B6F9
:100FB00043B643B643B6439643B6439643B643B6A9
:100FC00043B643B643944394439443944374437564
:100FD0004375437543754374437543754375437453
:100FE000437443744374437443744394439543B5C7
:100FF00043B543B543B543B543B543B543B543B531
:10100000439543B543B643B543B543B643B643B63C
:1010100043B543B543B543B543B543B5439543B530
:1010200043B643B643B643B643B643B543B543B5FB
:1010300043B543B543B543D643D643D543D543D64D
:1010400043D643D543D543D543D643D543D543D6DD
:1010500043D543D643D543D643D543B543D643D6EC
:1010600043B543B543D643D643D643D643B643B63A
:1010700043D64BB643B643B643B643D643B643B660
:1010800043B643B643B643B643B643B643B64396B8
:1010900043B543B643B643B643B643B643B643B689
:1010A00043B643B643B643B643B643B643B643B579
:1010B00043B543B543B543B643B543B5439543B58F
:1010C00043B643B643B6439543B543953B943B94EF
:1010D0003B9443954395439543953B9543953B9569
:1010E0003B953B743B753B753B753B744395439512
:1010F00043B5439543953B953B9543954395439421
:10110000439443943B954396439543B543B54394E9
:101110003B9443944394439443B443B443B54395BD
:1011200043953B953B9543754375437543754375AF
:101130004375437543753B753B753B753B753B7517
:101140003B753B753B753B753B753B753B753B751F
:101150003B753B763B763B75439643964396439669
:1011600043964396439643964396439643964396B7
:1011700043964396439643963B76439643964396CF
:1011800043964396439643B643B643B643B643B6F7
:1011900043B643B643B643964396439643B6439607
:1011A00043B643B6439543954B9543954B9543754D
:1011B0004B7543754B754B754B754B754B7543753F
:1011C00043754375437543954395439543B543959F
:1011D00043B543B543B643B543B543B543B543B54E
:1011E00043B543B543B643B643B643B643B643B639
:1011F00043B643B643B643B643B643B643B643B528
:1012000043D643D643D643D643B643D643D643B656
:1012100043B643D643D643D643D643D643D643D626
:1012200043D643D643D643D643D643D643D643D6F6
:1012300043D643D643D643D643B643B643B543B667
:1012400043B643B64BD643D643D643D643B643D62E
:1012500043D643B643B643B643B543B643B643B5A8
:1012600043B543B543B543D643B5439543953B7525
:1012700043953B9543953B953B953B7543953B95F6
:101280003B953B953B953B953B953B953B953B95DE
:101290003B953B953B953B943B943B9543954395C0
:1012A00043953B953B753B753B743B943B943B941A
:1012B0003B743B743B743B743B743B743B743B74B6
:1012C0003B743B743B743B743B743B743B743B9486
:1012D0003B943B953B753B743B743B753B943B9413
:1012E0003B943B943B953B95439543B543953B9449
:1012F0004394439443944394439443944394439436
:101300003B953B953B953B7543753B753B753B75F5
:101310003B543B543B543B543B743B743B543B74F5
:101320003B543B543B743B543B543B543B743B75E4
:101330003B753B753B753B753B753B753B763B960B
:101340003B753B763B763B763B763B753B753B7519
:101350003B7543763B763B753B753B753B753B7503
:101360003B753B75439543B643B643B6439643B688
:101370004396439643964396439643B64396439685
:10138000439643B64BB64BB64BB64BB64B964B96C5
:101390004B964B964B964B964B964B964B964B9645
:1013A0004B964B964B964BB643B643B543B64395D7
:1013B00043B543D643B643D643D543B643B543B608
:1013C00043D643B643B643B643D643D643D643D6B5
:1013D00043D643D643D643D643D643D643D643B665
:1013E00043D643B643D643D643B643D543D643D676
:1013F00043D643D643B643D643D643D643D643D645
:1014000043D643D643D643D643D643D643D643D614
:1014100043B643B543D543B543B543B5439543952B
:10142000439543954BB64BB64BB64BB643B643B616
:1014300043D643B643B643B643B643954395439527
:1014400043954395439543954395439543954395DC
:101450003B953B9543953B9543953B743B943B743F
:101460003B743B743B743B743B743B743B743B7404
:101470003B743B743B7443743B743B74439443949C
:10148000439443744394437443743B743B743B747C
:101490003B743B743B743B743B743B743B743B74D4
:1014A0003B743B743B743B743B743B743B744374BC
:1014B000439443943B743B743B7443743B743B745C
:1014C0003B743B743B743B74439443943B733B7356
:1014D0003B733B733B9343934394439443944395AF
:1014E0004394439543953B553B553B543B543B54A8
:1014F0003B543B543B543B543B543B543B543B5474
:101500003B543B543B543B543B543B543B543B5463
:101510003B543B543B543B553B543B543B543B7531
:101520003B753B753B553B543B753B753B753B757C
:101530003B753B753B753B553B553B543B543B54CE
:101540003B543B543B753B753B743B753B753B755E
:101550003B753B753B753B75437543753B753B75FB
:10156000439543B64BD64BD64BD64BD64BB64BB624
:101570004B9653B74BB74BB74BB74BB74BB74BB774
:101580004BB74BB74BB64BD64BD64BD64BB64BB6F1
:1015900043D64BD64BD643D643D643D643D643B693
:1015A00043D643D643D643D643D743D743D743D76F
:1015B00043D743D743D743D743D643D643D643D65F
:1015C00043D643D643D643D643D643B543D643B694
:1015D00043B63BB643B643B643D543B643D643B60C
:1015E00043B643B643B643D643B643D643B643B6F3
:1015F000439543B543B5439543954395437543950B
:10160000439543754395439543954395439543B619
:1016100043B643B543B543B643B543953B754375B0
:10162000437543754375437543954395439543947B
:101630003B94439443943B943B943B743B743B7482
:101640003B733B733B733B733B733B733B733B732A
:101650003B743B743B743B743B533B733B733B7336
:101660003B733B733B743B533B743B533B533B5388
:101670003B533B533B533B533B533B533B533B53FA
:101680003B533B533B533B533B533B533B533B54E9
:101690003B533B533B533B533B533B533B533B74B9
:1016A0003B533B533B733B733B733B733B733B730A
:1016B0003B733B733B733B733B733B733B743B74B8
:1016C0003B743B753B75437543753B5543753B54C4
:1016D0003B543B543B543B543B543B543B543B5492
:1016E0003B543B543B543B543B543B533B543B33A4
:1016F0003B343B343B343B543B543B543B543B54D2
:101700003B543B343B543B543B543B543B543B5481
:101710003B543B543B543B543B343B543B543B5471
:101720003B543B543B743B543B5433543B543B5429
:101730003B743B543B543B543B543B543B543B5411
:101740003B753B7543F64BF64BF64BD74BD74BD718
:1017500053D753B753D74BD74BD74BD753D74BD779
:101760004BD74BB74BD74BD64BD64BD64BD64BB6AE
:101770004BD64BD64BD64BD64BD643D643D643D679
:1017800043D643D643D643D643D743D743D643D68F
:1017900043D643D743D643B743D643F643F643D65F
:1017A00043D643F643D643D643D643D643B643B691
:1017B0003BB63B963BB53BB543B543B543B643B6A5
:1017C00043B643D643B643D643D643D643D643B6B1
:1017D00043B5439543954395439543954375439549
:1017E0004395439543954395439543954395439539
:1017F000439543954395439543953B953B753B7482
:101800003B743B743B743B744374439543953B94E6
:101810003B733B733B933B733B933B733B733B7318
:101820003B733B733B733B733B733B733B733B7348
:101830003B543B543B543B533B733B533B533B5315
:101840003B533B533B533B533B533B533B533B3348
:101850003B533B533B533B533B533B533B533B5318
:101860003B533B533B533B533B533B533353335318
:101870003B5333333B533B533B533B5333333B3368
:10188000333333333B533B533B533B523B533B5339
:101890003B533B533B533B533B533B533B543B54D6
:1018A0003B543B543B543B743B543B543B543B34C0
:1018B0003B343B343B343B333B333B333B333B5395
:1018C0003B5333533B533B533B533B333B333B3310
:1018D00033343B333B343B543B343B343B34333481
:1018E0003B343B343B343B343B3433343334333498
:1018F00033343B543B343B543B343B543B543B54D8
:101900003B543B543B543B743B743B54335433542F
:1019100033543B543B743B543B543B543B543B5437
:101920003B543B544BF74BF74BF74BF74BD74BD74D
:101930004BB74BD74BD74BD74BD74BD74BD74BB7D7
:101940004BD74BD74BB74BD64BD64BD64BF64BD68C
:101950004BD64BD64BD64BD64BD643B643D643D6B7
:1019600043D743D743D743D743D743D743D743D7A7
:1019700043D743D743D743D643D643D643D643B6BC
:1019800043D643D643D643D643D643D63BB63BB6DF
:1019900043B63BB63BB63BB543B5439543B543B6BB
:1019A00043B643D643D643B643B643B643B643B62F
:1019B00043B643B643B64395439543954395439504
:1019C000439643B543954395439543954395439536
:1019D000439543954395439543953B953B953B7480
:1019E0003B743B743B543B743B743B743B743B73A0
:1019F0003B733B733B733B733B733B733B733B7377
:101A00003B733B733B733B733B733B733B733B7366
:101A10003B743B743B743B733B533B533B533B33F3
:101A20003B333B533B5333323B533B533B533B538F
:101A30003B533333333333333B533B533B533B53AE
:101A40003B53335233533353335333533B53335357
:101A50003B533B533B333B333B333B333B533B5297
:101A60003B533B3333523B523B52333233323B33A3
:101A70003B323B323B323B523B533B333B333B13DA
:101A80003B333B333333335333533B333B333B33BE
:101A90003B343B333B333B12331333333333333336
:101AA0003333333333333333333333333333333306
:101AB00033333333333333333B333333333333130E
:101AC00033343333333333333333333333333333E5
:101AD00033333B543B543B543B543B543B543B54B7
:101AE0003B543B543B543B543B753B543B543B545D
:101AF0003B543B543B543B543B543B543B543B546E
:101B00003B543B544BD74BD74BD74BD74BD74BD7EB
:101B10004BD74BD74BD74BD74BD74BD74BD74BD7B5
:101B20004BD743B743D743D643D64BD64BD64BD6EA
:101B30004BD643D643D54BB64BB643B643D643B646
:101B400043B63BB63BB643B743B643D743D743D779
:101B500043D743D743D743D743D63BD643D643B6E1
:101B600043D743B643B643D643D63BD63BB63BB545
:101B70003BB63BB63BB63B953B9543B5439543954A
:101B800043B543B543B54395439543954395439535
:101B9000439543954395439543953B9543754375CD
:101BA0004395439543954395439543954395439575
:101BB0003B953B954395439543953B953B953B74AE
:101BC0003B543B753B543B743B543B543B743B533D
:101BD0003B533B733B733B733B733B533B533B5315
:101BE0003B533B533B533B533B533B533B533B5385
:101BF0003B333B533B533B533B333B333B533B33F5
:101C00003B533B533B533B533B533B533B533B5364
:101C10003B533B533B533B533B533B533B533B5354
:101C20003B5333533352335333533332335333539E
:101C300033533B323B333B3333323B333B323B5208
:101C40003B523B523352335233323B323B323B32C4
:101C50003B323B323B5233523B323B323B323B33E3
:101C60003B533B533B5333523353335333533B3345
:101C70003B333B333B323B133B133333333333334D
:101C800033333353335333533B33333333333333BC
:101C90003333333333333333333333333312333335
:101CA00033333B333333333333333312331233333E
:101CB0003333333333333333333333133333333314
:101CC000333333133313333333333B343B343B54E9
:101CD0003B543B5433343334333433343B343B336D
:101CE0003B333B344BB74BB74BB74BB74BB74BB70B
:101CF0004BB74BB743B743B743B743B743B743D7E4
:101D000043B743B743B643D643D643D643D64BF641
:101D10004BF643D643F643D643B643B643B643B633
:101D200043B63BB63BB63BD743B643D743D743D77F
:101D300043B643B643B643B63BD63BD643D63BD673
:101D400043B743B643B643D643D63BB53BB53BB5A5
:101D50003BB63BB53B953B953B9543953B954395B2
:101D6000439543953B953B953B95439543953B95D3
:101D70003B9543953B7543954395439543954375F3
:101D80003B753B753B953B753B753B9543953B954B
:101D90003B953B953B753B743B743B743B543B54C8
:101DA0003B543B5533543B543B543B543B543B53C3
:101DB0003B533B533B533B533B733B533B533B5393
:101DC0003B533B533B533B53333233323332333247
:101DD00033323332333233323B333B333B333B5397
:101DE0003B533B533B533B533B533B533B533B5383
:101DF0003B533B533B533B533B533B533B533B5373
:101E00003B533352335233523353335333323332DF
:101E10003352333233323332333233323333333378
:101E200033323332331233323332333233323B32A2
:101E30003B523B523B523B323B313B113B113B123D
:101E40003B1233323332335233523B333B3333134F
:101E50003B133312331232F232F233123312331293
:101E60002B122B122B122B12331232F2331233128B
:101E700033123312331233123333331233123333F8
:101E80003333333333333333333333323333333323
:101E90003333331233123312331233333333333396
:101EA0003333331333133333333333133313333382
:101EB0003313333333333333333333343333333311
:101EC000333333334BB74BB74BB74BB74BB743B643
:101ED0004BB743B743B743B743B743B743B743D70A
:101EE00043B743B743D643B643B643D643D643D6A8
:101EF00043D643D643B643B643B643B643B643B6DA
:101F000043D63BB63BB63BD743D743D743B63BD686
:101F10003BB63BB63BB63BD63BD63BD63BD63BD699
:101F20003BB63BB63BB63BB63BB63BB53BB53B954C
:101F300043B53B953B953B753B753B953B953B9539
:101F40003B95439543953B954395439543954395E1
:101F50003B953B953B953B753B753B753B953B7581
:101F60003B953B7543953B753B753B753B753B75A9
:101F70003B753B753B553B543B753B543B553B34A4
:101F80003B343B343B343B343B343B343B343B33DA
:101F90003B333B533B333B533B533B333B333B3371
:101FA0003B533B533B533B533B533B533B533B53C1
:101FB0003B533B533B533B533B333B533B533B33F1
:101FC0003B533B533B533B533B533B533B533332CA
:101FD0003B533333333333333333333333333333A9
:101FE00033333352333233523B533332335233521F
:101FF0003352335233323332333233323333333278
:102000003313331233122B12331132F1331032F0F7
:1020100032F032EF32F032F03AF03AF03AF03AF190
:102020003311333133323332331233123312331329
:10203000331232F232F232F232F232F2331232F23E
:1020400033122AF22B12331232F232F2331232F2FC
:1020500032F22AF1331232F22B122B122B123312DC
:102060002B122B1233122B12331233123332331240
:10207000333233133312331233122B13331333131C
:1020800033132B132AF22AF22AF22B132B132B13BE
:102090002B132B132B132B132B132B133312331242
:1020A000331333124BD74BD74BD74BD743D743D7E9
:1020B00043D643B643D743D743D743D743D743D772
:1020C00043B743B743B743B643B643B643B643B645
:1020D00043B643B543B543B643D643B643B63BB622
:1020E0003BB63BB63BB63BD63BD73BD63BD63BB6E7
:1020F0003BB63BB63BB63BB63BD63BD63BD63BB6F8
:102100003BB63BD63BB63BB53BB543B63B953B9563
:10211000439543953B953B753B953B753B753B958F
:102120003B9543953B953B753B753B753B753B75C7
:102130003B753B753B753B743B743B543B743B7444
:102140003B543B543B543B543B543B543B543B5417
:102150003B543B543B543B543B3433543B343B346F
:102160003B343B343B343B343B343B343B343B33F8
:102170003B333B333B333B333B333B333B343B33EE
:102180003B533B533B533B533B533B533B533353E7
:102190003B533B533B533B533B533B533B533B53CF
:1021A0003B533B533B533B533B533332333233323A
:1021B00033323332333233323332333233323332F7
:1021C00033323332333233323352335233323332A7
:1021D0003332333233323352333233523333333395
:1021E000331233133312331132F02ACF2AAE2AAD11
:1021F0002A8D2A6D2A6D2A4D328E3AF03AD032CF8E
:1022000032D032F033113311331232F232F232F271
:1022100032F232F232F232F132F232D132F12AF1CA
:102220002AF12AF12AF12AF12AF12AF12AF132F1CE
:1022300032F232F232F232F22B122B122AF12AF15E
:102240002B122AF22AF12AF132F12AF132F232F279
:1022500032F233123312331233122B122B122B128F
:102260002B122B122B122B122B122B122B122B1286
:102270002B122B122B122B122B122B1232F232F2A8
:102280003312331243B743B743B743D643D643D68B
:1022900043D643B643D643D743B743D743D743D7B1
:1022A00043D743D743B643B643B643D643B643D6E4
:1022B00043B643B543B63BB53BB53B953B953BB5C4
:1022C0003B953BB543B643D63BB63BB63BB63BB678
:1022D0003BB63BB63BB63BB63BD63BD73BB63BB635
:1022E0003BB743B63BB63BB53B953B953B953B95E2
:1022F0004395439543953B753B753B953B953B9586
:102300003B953B753B753B753B753B753B753B752D
:102310003B753B743B543B543B743B533B543B54E5
:102320003B543B343B533B533B343B333B533B33BA
:102330003B33331333133B333B333B133B133B33BD
:102340003B333B333B33331333133B133B133332B6
:102350003B333B33333333133333333333333B3355
:102360003B533B533B533B533B5333333332333277
:10237000333333323333333333333333333333332E
:1023800033323332333233323332333233323B53FC
:102390003332333233323332333233323332333215
:1023A00033323332333233323332333233122B124D
:1023B00033122B122B1233123312331232F232F247
:1023C00032F232D132D132CF32AF2A6C222B220AF2
:1023D00021C919A921CA21CA2A0B326D3AAE3AAFD6
:1023E0003ACF32F032F0331132F132F132F232D2EE
:1023F00032F232F232F132D132D132D132D132D163
:1024000032D12AD132D12AD132D132D132D132D1C4
:1024100032D132D132D132D12AF12AF12AD12AD184
:102420002AD12AD12AD12AF12AF12AD12AD12AD194
:102430002AF12AD12AF132F232F22AF22AF12AF1D1
:102440002AF22AF12AF12AF22B122AF232F232F27D
:102450002B122AF22B122AF22AF22B122AF232F231
:1024600033122AF243B743B743D743B643D643D6D2
:1024700043D643D643B643B743B743B743B743B74F
:1024800043D743B743B643B643B6439643B643B682
:1024900043B643B543B63BB53BB53BB53B953B95E2
:1024A0003B953BB63BB63BB63BB63BB643963BB6DD
:1024B0003BB63BB643963BB63BB63B963B963B960C
:1024C0003B963B963B953B953B953B953B95439582
:1024D00043953B95437543753B753B543B543B5487
:1024E0003B5443753B753B5543543B753B753B74BF
:1024F0003B743B543B5433533B533B3333323B33BA
:102500003B333B334333433343133B123B333B3285
:102510003B123B123B123B123B333B333B333B32D0
:102520003B333B333B333B123B323B323B323B3260
:102530003B32333233123312331333133313333307
:102540003B3333333B533B533B53333333323332DD
:102550003332333233323332333233323332333253
:1025600033323332333233323332333233323B531A
:102570003332333233323332333233323332333233
:10258000333233323332333233322B122B112AF1BE
:102590002AF12B112AF12AD12AD132F132F132D18A
:1025A00032B032AF326E2A4D2A0B21C92188196709
:1025B0001926192719272148218929AA3A2C3A8E48
:1025C0003ACF3AAF32CF32D132D132D132D132D208
:1025D00032D132F132D132D132D132D132D12AD1CB
:1025E00032D132D132D132D132D132D132B132D1F3
:1025F00032D12AD12AB12AB12AB12AB12AB12A90DC
:102600002AB12AB12AB12AB12AB12AB12AB12AB1F2
:102610002AB12AB12AB12AB12AB12AD12AD12AD182
:102620002AD12AD12AD12AF132F232F132D12AF139
:102630002AF132F232F233122B122B1133123312EF
:1026400033122AF143B743B743B643B643B643D632
:1026500043D643D543B643B643B643B63BB63BB683
:1026600043B743B643B643B63BB63BB63B9643B6D9
:102670003BB63B963BB53BB53BD53BB53BB53BB6D7
:102680003BB53BB53BB53BB63B963B963B963B9645
:102690003BB63B963B963B963B963B963B773B76D1
:1026A0003B763B763B953B953B953B953B953B95E8
:1026B0004395439543753B7543743B543B543B549E
:1026C0003B543B753B753B543B543B553B743B740F
:1026D0003B743B543B533B533B533B533B333B32A9
:1026E000433343333B124312431242F23B123B113A
:1026F0003B113B113B113AF13AF13B113B113311C4
:102700003331331133113311331133113311333169
:1027100033113312331232F2331233123313333391
:10272000333233333B533B533B533B5333333B32D3
:102730003332333233323332333233323332333271
:102740003332333233323332333233323332333261
:10275000333233323332333233322B123332333279
:1027600033322B122B122B122B1233122B112AF174
:102770002B1132F132D12AD12AD032D032CF32B01D
:1027800032AF2A6E324C29EB21A9196719251105A0
:1027900018E518E618E618E6190721482989320CC9
:1027A0003A6D328D32AE32B032D132D132D132D1F5
:1027B00032D132F132F12AD12AD12AB12AB12AB149
:1027C0002AB12AB12AB12AB12AB12AB12AB12AB131
:1027D0002AB12AB12AB12A902A902AB02AB12A9085
:1027E0002A912A9022702A70229022902290229080
:1027F000229022902A90229022902AB02AB02AB0C9
:102800002A902AB022B02AD12AD12AD12AB12AB1BB
:102810002AD12AB12AD12AD12AD12AD12AD12AF1E0
:102820002AF12AF143B643B643B643B643B643D67C
:1028300043D643D543B63BB63BB63BB643B63BB6B1
:1028400043B743B63BD743B643B63BB63BB63BB6BE
:102850003B953B953B953BB53BB53BB53BB53BB558
:102860003BB53B953B953B963B953B963B963B96C4
:102870003B963B963B963B953B963B763B763B7631
:102880003B763B753B75437543953B953B9543754F
:10289000439543753B743B7443753B543B543B54E5
:1028A0003B543B753B543B543B543B553B743B546E
:1028B0003B543B54335333533B5333323B323B1142
:1028C00032F13AD032D032B032B0328F32AF32AF92
:1028D00032AF32AF32AF32AF328F328F32AF2ACF18
:1028E0002AAF2AAF2AAF2AAF2AAF2ACF2ACF2AD0BF
:1028F0002AF032D02AD032F132F23312331233328C
:102900003333333233333B53333233323332333274
:10291000333233323312331233123312333233122F
:1029200033123332333233123332333233323332BF
:102930003332333233322B122B122B122B122B1237
:102940002B122B112B122B122B122B122AF12AF1E4
:102950002AF12AF12AD12AB02AB032B02A8E2A6E60
:102960002A4D2A2C29CA2188194710E510E418E4B9
:1029700018C520C518C518C510C518C6190721895E
:10298000320C322C326E2A8F32B032D132D12AB18F
:1029900032D12AD12AB12AB02AB02AB02AB02AB01C
:1029A00032B032B032B032B132B02AB02AB02AB02E
:1029B0002A902A902A902A902A902A902A902A9047
:1029C0002A902A6F226F226F226F226F227022704C
:1029D000226F229022702290226F226F227022702A
:1029E0002270226F226F226F226F22702A702A704B
:1029F0002A6F2270226F227022902290229022B0A1
:102A00002AD12AD13BD73BB643B643D63BB63BB6D9
:102A10003BB643B53BB63B953BB53BB63BB63BD728
:102A20003BB73BB73BB643D73BB63BB63BB63B9514
:102A30003BB53B953B953B953B953B953B953B95F6
:102A40003B953B953BB53B953B753B753B7543755E
:102A50003B753B753B753B75439543953B753B75A6
:102A60003B753B753B753B753B753B553B553B5546
:102A70003B553B553B543B743B543B743B743B745C
:102A80003B543354335433543B543B5433543354F6
:102A90003B543B333B333332331232F12AEF2AAE0D
:102AA0002A6D2A4D2A2C2A2C222C222B222B2A0B4F
:102AB0002A0B2A0B2A0B2A0B2A0B222B222B222C25
:102AC000224C224C224C222C222C224C226C2A4DAD
:102AD0002A6D2A6E2A8F32D03311331133113312FB
:102AE0003312331133113311333233122B1232F2CA
:102AF0002B122B122B122B122B112B112B112B12F1
:102B00003311331133112B112B11331133113311B5
:102B100033112B113311331132F2331133123311BC
:102B200033112B112B112B112B112B112AF12AF1FF
:102B30002AF12AF02AF02AB03290326F322E322D4A
:102B400029EB21AA1947110610E5110510E410E43C
:102B500010E418E410C510C510C510C410C519261E
:102B600021A92A0C324E3A8E32AF32D032F032F1F5
:102B70002AD02AD032B032B032B02AB02AB02A904D
:102B80002A902A902A902A902AAF2AAF2AAF2AAFF9
:102B90002AB02A8F2A8F2A8F2A8F2A8F2A8F2A8F4C
:102BA000228F226F226F226F226E224F2A4F224FD6
:102BB000224F224F224F224F224F224E224F224F8E
:102BC000224F226F226F226F226F2A6F2A6F2A6F85
:102BD0002A6F2A6F2A6F2A6F2A702A702270227039
:102BE0002A902A903BB63BB63BB63BB63BB63BB6CB
:102BF0003BB53BB53BB63B953BB63BB63BB63BB670
:102C00003BB73BB63BB643B63BB63BB63B953B9575
:102C10003BB53B953B943B953B953B953B953B9515
:102C20003B953B953B953B953B753B753B753B75A4
:102C30003B753B753B753B75437543753B753B5524
:102C40003B553B553B553B553B553B553B553B5504
:102C50003B553B543B753B543B543B543B543B54DA
:102C60003B543354333333333354333433343334C6
:102C700033533333333233112B1022CF22AD1A4C5E
:102C80001A2B21EB21AA21A919A919A919A9198976
:102C90001969196919891989198919A919A919AA03
:102CA00019A919C919CA220B19EB21EB220B21EB27
:102CB000220B220B222C2A4D2A8E32AF32AF32D079
:102CC00032F032F032EF2AD032F0331132F22AF100
:102CD0002AF22AF22AF22AF12AF12AF12AF12AF119
:102CE0002B112AF02AF02AF12AF12AF12AF12AF1ED
:102CF0002B11331132F12B112AF12AF12B112AF069
:102D00002AF12B112B112B112AF12AF12AF132F180
:102D10002AF12AF02ACF32AF328F322E2A0C21CB61
:102D20002169192810E510E5110610E518E518E5E8
:102D300018E410C410C510C510C410C410C410E5A8
:102D40001127218A2A0C326D328E32AF32D02AD02E
:102D50002AD02AB032B02AB02AB02AB02A8F2A8FBD
:102D60002A8F2A8F2A8F2A8F2A8F2A8F2A8F2A8F9B
:102D70002AB02A8F2A8F2A8F228F228F2A8F2AAF5A
:102D80002A8F226F226F226F226F226F2A6F2A6F83
:102D90002A6F2A6F2A6F226F2A6F224F224E224EED
:102DA000224F224F226F226F2A6F2A6F2A6F2A6FBB
:102DB0002A6F2A702A6F2A6F2A6F2A6F2270227058
:102DC00022702A903BB63BB63BB643B63BB63B952A
:102DD0003BB53BB53BB53B953BB63BB63BB63B96AF
:102DE0003B963B963B963B963B963B753B953B759E
:102DF0003B953B943B943B753B753B753B753B75F5
:102E00003B753B753B953B753B743B753B753B7523
:102E10003B953B753B753B753B753B753B543B7434
:102E20003B743B743B743B743B753B553B553B5586
:102E30003B553B543B543B543B543B543B543B5419
:102E4000335433333333333333333B343B343B54F6
:102E5000333333322B1022EF22CE1AAD1A8C122BC1
:102E600011C9116819681948194819681968116752
:102E7000194719471948196819471947114711483F
:102E800011681968194819681989198919891988DF
:102E90001988198921CA21EA2A0C2A4C2A2C224C89
:102EA000226D226D2A6D2A8E2A8E2ACF32F032F1BF
:102EB0002AD132F12AF12AF132D132F12AD02AD0A4
:102EC0002AD022D022B02AD02AD02AF02AF12AF100
:102ED0002B112B102B102B102AF02AF02AF02AF09D
:102EE0002AF02AF12AF12AF132F132F132F12AD014
:102EF0002AB02AB02A8F2A6E2A2D29CB21AA194856
:102F0000110610E618E510C518E518E518C418E50F
:102F100018C418C410C410A410A410A410C410C560
:102F200008C6112821AA2A0B328D328E32CF2AD020
:102F30002AD02AB032B02A902A902A8F2A8F2A903B
:102F40002AB02AB02AB02A902AB02AB02AB02AB0D1
:102F50002A6F226F226F226F226F228F228F2A8F79
:102F60002A8F226F226F228F226F2A6F2A6F226F81
:102F70002A6F2A6F2A6F2A6F2A6F226F226F226FA1
:102F8000226F224F226F224F2A6F2A6F2A6F2A6FD9
:102F90002A6F2A6F2A6F2A6F2A6F2A6F2A702A7067
:102FA0002A702A7043B643B643B643B643B63B9540
:102FB0003BB53BB53BB53B953B953B953B963B962F
:102FC0003B963B763B763B963B763B763B753B753B
:102FD0003B953B743B743B753B753B753B753B7553
:102FE0003B753B753B753B753B543B543B543B54E5
:102FF00043543B553B543B543B543B543B543B5450
:103000003B543B543B543B543B543B753B753B75E5
:103010003B543B543B543B543B543B543B543B5438
:103020003B543B5433543B3433543B3433343333C9
:1030300033322B101B0E12CC12CC12AB128B0A495E
:1030400009E8096711471126110610E61106112635
:1030500011061106110610E510E51105110610E61E
:1030600010E610E610E610E6110611061107192603
:103070001946194719672188218921A9218919A988
:1030800011C911C91A0A224B2A6C2A6D2A6E2A8F7D
:1030900032B032D132D132D032D032D02AD02AAF6F
:1030A000228F226E228E22AF2AD02AF032F132F104
:1030B00032F12AF02AF02AF02AF02AF02AF02AF037
:1030C0002AF02AF02AD02AF02AD032F032B032B0D8
:1030D00032B0328F2A6D2A2C21CB21A9212810E66B
:1030E00010E510C418E510C518C518C418A418C4F4
:1030F00018C418A410A410A410A410A410C410C5BF
:1031000008C508E6112721AA324D328E32AF2AD0E7
:103110002AD02AB02AB02A8F2A8F2A8F2A8F2A6F84
:103120002A6F2A6F2A6F2A6F2A8F2A6F2A6F2A8F97
:103130002A6F226F226F226E228F228F228F228F80
:10314000228F226F226F226F2A6F2A6F2A6F226FBF
:103150002A6F2A6F2A6F2A6F2A6F226F226F226FBF
:10316000226F224F226F226F2A6F2A6F2A6F2A6FD7
:103170002A6F2A6F226F226F226F226F22502270D5
:103180002270227043B5439543B5439543953B95D3
:103190003B953B953B953B953B953B953B753B95CF
:1031A0003B763B763B763B553B553B753B753B74DD
:1031B0003B743B743B743B743B753B753B743B7495
:1031C0003B743B743B743B7443543B753B753B759C
:1031D0003B753B753B743B753B743B753B743B7473
:1031E0003B543B543B543B543B543B753B543B5446
:1031F0003B753B543B543B543B5433543B543B543E
:103200003B54333333333333333333133B342B12A5
:103210002B301B0E12CC132C134C132B0AEA0AAAC8
:103220000A4909C709871146110519061105110533
:1032300010E510E510E510E518E510E510C510C51E
:1032400010C510C510C510E510C510E510C5110555
:1032500011051105192619251926192619061126F1
:103260000946114619A721C9220A2A2C324C2A6D77
:103270002A6E328F328F328F328F2A6F2A8E224DF2
:103280001A2C1A2C1A2D226E2AAF32D032D032D0FC
:103290002AD032D02AD02AD02AD12AD02AD02AD055
:1032A0002AD02AD02AD032B032B032AF32AF32AFC9
:1032B00032AF2A4D2A0C21AA1968190710E610E529
:1032C00010E410E418C518C518A410A410A418A47C
:1032D00018A418C418A410A418C410A410C410C4AE
:1032E00010A408C508C51927320B324D326E2AAF1B
:1032F0002AAF2AB02A8F2AB02AB02A8F2A8F2A6FA3
:10330000226F226F226F226F226F226F226F226F35
:103310002A6F2A6F2A6F2A6F228F226F226F226FE5
:10332000226F228F228F228F228F2A6F2A6F2A6F7D
:103330002A6F2A6F2A6F2A6F2A6F226F2A6F2A6FCD
:103340002A6F2A6F2A6F2A6F226F2A6F2A6F2A6FBD
:103350002A6F2A6F2A6F226F224F224F224F226F2D
:10336000224F226F439543954395439543953B9553
:103370003B953B953B953B953B943B953B953B76ED
:103380003B763B7643763B553B7543553B753B540B
:103390003B543B743B743B54435443543B543B5465
:1033A0003B543B543B543B743B543B553B543B5484
:1033B00043553B543B543B543B543B543B543B548C
:1033C0003B543B543B543B543B743B753B753B7502
:1033D0003B743B743B543B5433543B5433543B5445
:1033E0003B543B54335433543353333333332B3103
:1033F000230F0ACC1B8D45125DD455F555933C9097
:103400001B4C128911E71186114611251105112552
:10341000190518C418C418E518E518C518E518C525
:1034200018C518C518E518C510E510E510E510E435
:1034300010E410E410E510E510E5110510E510E5C5
:103440000904090511451166198821C929EA2A2CA0
:103450002A2C324D324D2A4E2A2D2A4E2A4D19EB56
:1034600011CA11CA11CA1A0C224D2A6E32AF32AFDC
:103470002AAF32B032B032B032B032B032B032B045
:1034800032B02AAF2AAF32AF32AF328F328E326EC5
:10349000324E2A0B21CA1968112718E510C410C42E
:1034A00010C410C410C418A418A418A418C418A4D4
:1034B00018C418A410C410A410A410A418C410C4D4
:1034C00010A408C408C410C5218829EB328D2A6EC7
:1034D0002A8F2A8F2A6F2A8F2A8F2A6F2A6F2A6FA4
:1034E000226F2A6F2A6F226F2A6F2A6F2A6F2A6F24
:1034F000226F2A6F2A6F2A6F228F226F228F228FCC
:10350000226F228F228F228F228F2A6F2A6F2A6F9B
:103510002A6F2A6F2A6F2A6F2A6F226F2A6F2A6FEB
:103520002A6F2A6F2A6F2A6F226F226F226E2A6EED
:10353000226E226F2A6F226F226F226F2270226FFB
:10354000226F227043754395439543753B953B75B8
:103550003B953B753B953B953B953B753B753B756B
:103560003B75435543563B753B753B553B753B742B
:103570003B543B743B743B543B753B753B743B7510
:103580003B543B753B753B753B543B543B543B5460
:103590003B553B543B543B543B343B343B343B3432
:1035A0003B543B543B343B343B543B543B543B54E3
:1035B0003B543B543B543B5433533B543B543B549C
:1035C0003B543333333333333334333333322B31AC
:1035D0001B0D130C3CB16ED887BB87BB879B76D87D
:1035E0005DB42BCD128909C61186094511451125F7
:1035F00010E518E418C418E518E518C418E518C54E
:1036000018C518C518E518E510E510E410E510E434
:1036100010E410E410E4110510E510E510E510C405
:1036200010E410E41104110519261947218829C94D
:103630002A2A324C322C2A2D2A2D2A2C220B11A96F
:1036400009680968096811CA19EB222C2A6E328FA1
:103650002A6E2A8E2A8E2A8E2A8E2A8E2A8E2A6EEA
:103660002A6E2A8E2A8E2A8E2A8E326D326D324D25
:10367000322C21CA19681126110510C410C410C4B7
:1036800010C410C410A410A410A410C410C410C4FA
:1036900010C410A410A410A418A418A418C410A432
:1036A00010C408C410C410A410C529CA2A2C2A6D3D
:1036B0002A8E2A8F2A8F2A6F2A6F2A6F226F226FF3
:1036C0002A6F2A6F2A6F2A6F2A6F2A6F2A6F226F3A
:1036D0002A8F2A6F226F2A6F228F228F228F228FAA
:1036E000228F228F228F228F228F2A6F2A6F2A6F9A
:1036F0002A6F2A6F2A6F2A6F2A6F226F2A6F226F12
:103700002A6F2A6F2A6F2A6F224F226E226E226E34
:10371000226F226F226F226F226F226F228F228FE1
:10372000228F228F437443754375437543953B95B0
:103730003B953B953B753B953B743B743B753B55CB
:103740004355435543553B753B753B754375435452
:103750003B543B743B743B543B543B543B543B54B1
:103760003B543B543B543B5443553B543B553B55D6
:103770003B5543543B543B343B543B543B543B54E8
:103780003B543B543B543B543B34335433543354F9
:1037900033543333335433533B543B543B543B54F3
:1037A0003B54333333333333333333332B11230F1E
:1037B000130D23EE5DF587BB8FFC8FFC8FFC8FDC38
:1037C0008F7B6E163C0E1289120709861946112549
:1037D00018E518E418E518E518E518C418E518C543
:1037E00018C510C518E510E510E510E510E510E462
:1037F00010E410E410C410C410C410C410E519057E
:103800001905192519051104110511051926218815
:1038100029C92A0A29EA21CB29EB21EB21EA11A89F
:10382000094709270947118819A919CB220C2A4DE4
:103830002A4D2A6D2A4D2A6D2A4D2A6D2A6D2A4C51
:103840002A4D2A4D2A6D2A4D2A2C222C2A2C322C24
:103850002A2B19A91147090508C410C410C410C4A3
:1038600010C410C510A410A410C410A410A410A457
:1038700010A408A410A410831083108418A418C4E2
:1038800010A410C310C418C410C5194721EA224D52
:10389000224D226F226F2A8F2A8F2A8F226F2A6F42
:1038A0002A6F226F226F226F2A6F2A6F2A6F2A6F68
:1038B0002A8F2A6F2A6F2A6F226F228F228F2A6FF8
:1038C000226F226F226F226F226F2A6F2A6F2A6F58
:1038D0002A6F2A6F2A6F2A6F2A6F226F226F226F38
:1038E000226F226F226F2A6F226F226F226E226E4A
:1038F000226E226E226E226E226F226F228F228F04
:1039000022B0228F439543754375437543754395A4
:1039100043953B753B753B753B753B553B553B555F
:103920003B553B5543753B553B553B553B553B55EF
:103930003B553B5543753B753B753B5443543B549A
:103940003B5443543B543B743B743B743B343B54B7
:103950003B543B343B543B543B533B533B543B5411
:1039600033543B543B543B533B3433543B333B5431
:103970003B543B543B543B543B543B543B543B54CF
:103980003334333433333333331333322B311AEE8E
:10399000130C348F76F88FFC8FFC87FC87FC8FFC30
:1039A00097FC8FBB6636340E12C909E709A6094693
:1039B00010E510E518E510E510E510E418E518C568
:1039C00018C518C518C518E518E518C518E510C4B8
:1039D00010E510E410C408C408A308E41925216602
:1039E000298729A829872166192619462167298749
:1039F00021A819881969218A218A21AA21A9198750
:103A0000112709060906112711471968198929CABA
:103A100021EA21CA21CA21CA21CA19CA21CA21EA16
:103A200021EA220B220B220A2A0A2A0A2A2A2A2AF5
:103A30002A0A21C81966110508E410E410E410C42C
:103A400018E510C410C418A410A410A410A410A445
:103A500010A4108310A410A410A410A410A410C4C7
:103A600010C410C410C410C408A41106198821EB96
:103A70002A4D2A4E2A4F2A702A702A6F2A4F2A6FFF
:103A80002A6F2A6F2A6F2A6F226F226E2A6E226E89
:103A90002A6F2A6E2A6F2A6F2A6F2A6F2A6F2A6F5F
:103AA0002A8F2A6F2A6F2A6F2A6F2A6F2A8F2A6F0E
:103AB0002A6F2A6F2A4F2A6F224F226F226F228F7E
:103AC000226F226F226F226F226F226F226F224F8E
:103AD000226F226F226F226F226F226F229022901C
:103AE00022902290439543954375437543754395C2
:103AF000437543753B553B553B553B553B543B55F7
:103B00003B553B5543753B553B5543553B553B5505
:103B10003B553B553B553B753B753B753B753B7486
:103B20003B743B5443543B743B743B543B543B54B5
:103B30003B343B543B333B533B543B543B543B544F
:103B400033533B543B5433343B343B533B533B5351
:103B50003B543B543B543B543B543B543B543B54ED
:103B6000333433343313331333132B122B311B0DF4
:103B70001B4C4D72877997FB8FFC87FC87FC8FFC71
:103B80008FFC8FFC8FBB663633EE1AA909E70986D6
:103B9000090510E418E51105110510E418C510C554
:103BA00018C518C518C418C518E518C518C410E5F7
:103BB00010E410E410E510E411041925218729C848
:103BC00031C831E931E831C831C829A829A821878D
:103BD0001967112710E71108112819482188218831
:103BE000194711061106110611261126112619472B
:103BF0001947196819681968194811481948196846
:103C000019681968198819A921A821A821C929E9C1
:103C100029C829C821A7198719661946110510C492
:103C200010C510C410C410A410A418C410A410A46B
:103C300010A410A410A410C410C410A410A410C484
:103C400010C410C410C410A408A408A508E519895C
:103C50002A0C2A4E2A4F2A4F2A6F2A6F2A4F2A6F80
:103C60002A6F2A6F2A6F2A6F228F226E2A6F226F85
:103C70002A6F2A8E2A6E2A6F2A8F2A6F2A6F2A6F3E
:103C80002A6F2A6F2A6F228F2A6F2A902A702A7031
:103C900022702A702A702A702A902AB12AB12AB179
:103CA0002AB12A902AB02AB02A902A902A902AB0C3
:103CB0002A902AB02AB02AB12AD12AD12AD12AD2CE
:103CC0002AF232F2439543954395437543754395E4
:103CD000437543753B553B543B543B543B543B5419
:103CE0003B553B5443753B543B543B543B543B5432
:103CF0003B543B543B553B553B753B753B753B74C7
:103D00003B743B543B543B743B543B54335433540B
:103D10003B543B743B543B5433543B543B543B5413
:103D200033543B543B54333433543B333B333B33B6
:103D30003B3333333B333B333B333B543B543354C0
:103D4000333433133313331333122B322330130D25
:103D50001BAD66568FDB8FFB8FFC87FC87FC87DBF8
:103D60008FFC8FFC8FFC8F9B65F533EE1A8911C792
:103D7000114510E418E51105110418E418E518C5FB
:103D800018C518C518C418E518C418C518C410E516
:103D900010E410E5192521462166218729A829A7C5
:103DA00029A7298729A729A829A829A82987214639
:103DB000192610E510C610E710E711061927194655
:103DC000192611061106110610E510E510E510E59B
:103DD000110611060906090610E61107110611075A
:103DE000110611271127114719471946196721870D
:103DF000218729C829C829E831C831C82187214627
:103E000019261905190518E510C410A410A410A44A
:103E100010C410C410C410C410C410A410A408A36B
:103E200010C410C410C410A410A410C408C51127D5
:103E300021AA2A2D2A4E2A4F2A4F2A6F2A6F2A6F2B
:103E40002A6F2A6F2A6F2A6F226F226F228F228F8A
:103E5000228F2A6F2A6F2A6F2A902A902A902A90FE
:103E60002A902AB02A902AB02AB12AB12AB12A91DE
:103E70002A912A912AB12AB132D232D232D232D206
:103E800032D232D232D232D232D232F132D232F2D3
:103E900032D232F233123B333B533B543B543B540C
:103EA0003B543B5443954395439543754375439524
:103EB00043953B7543753B753B553B553B543B55D3
:103EC0003B543B543B553B543B543B543B543B5479
:103ED0003B543B543B553B753B753B753B553B74E5
:103EE0003B743B543B543B543B533B543B54335443
:103EF00033543354335433543B343B343B343B34EA
:103F00003B543B543B54333333343B543B543B548A
:103F10003B3333333B5433543B543B543B54335483
:103F2000333433132B132B122B122B311AEF12EDC8
:103F30001BCD6EB78FDB87FB8FFC87FC87FC87FB75
:103F40008FFC87FC8FFC8FFC7F194D12232B1208EE
:103F500011861105190510E410E418C418C418C519
:103F600018C418C418C418E518C418C518C410E437
:103F700010E519252167298731C831C829A8298763
:103F80002967212619251926190519051905190565
:103F900010E510C510C510C618E610C510E518E5E7
:103FA000190510E510E510E510C410C510E5190558
:103FB00010E510E510E510E510E510E510E510E559
:103FC00010E508E510E510E5110610E511051905E5
:103FD00019051946214621672967298729A829A893
:103FE00029A72167216721461926190510A410C4A5
:103FF00010A410A410C410C410C408A408A408A3DA
:1040000008A310A310A3108310A310A408A410E603
:10401000196929EC2A2D2A4E2A6E226E2A6F228FC8
:10402000228F226F226F226F2270226F22902290A5
:104030002AD12AD12AB12AB12AD12AD12AD12AD1E8
:104040002AD12AF12AF132F232F22AD332F332F3B0
:1040500032F32AD232F332F3331333133B133313D5
:1040600032F33B133B133B143B133B543B743B7405
:104070003B753B743B543B753B753B753B753B75E2
:104080003B953B95439543954395437543754375E0
:104090004375437543753B753B753B553B743B74AA
:1040A0003B743B543B743B753B543B743B543B5417
:1040B0003B543B543B543B753B753B753B753B5404
:1040C0003B743B743B543B543B543B333B333B547A
:1040D00033533333333333333B343B3433343B5454
:1040E0003B543B533B543B543B533B543B543B545A
:1040F0003B543B543B333B5433543B3433543334C1
:10410000333433132B132B122B12233012CD0ACC42
:104110001C0E6ED887FB87FB87FB87FC87FC8FFC18
:104120008FFC8FFC87FC87FC8FDC76973C4F1AAAAC
:1041300011C7112510E410E410C418C418C410C429
:1041400018C418C418C418C418C418C418C510E575
:1041500019052146298729A829A729872987296799
:10416000212618E518E510C410C410C418E510C4C1
:1041700018E518E518C518C518C518C518C518C517
:1041800010C410C410C410C410C410E510C410E54D
:1041900010E518E510E510E510E510E510C510C5AF
:1041A00010C510E510E510E410E510E510E518E580
:1041B00010E418E518E518E51905190521672987A0
:1041C00029A821A7298729A829872146192510E58B
:1041D00010E510E510C408A408A408A408A308A4C6
:1041E00008A308A3108310A3108310A410A410C662
:1041F000112721AA2A2C2A4D2A6E2A8E2AAF2AB0EC
:104200002AB02AB02AB02AB02AB12AB12AD12AD19A
:1042100032F2331232F233122B13331333133313BC
:104220002B12331333133333333333143314333404
:104230003334333433343B543B7543753B753B5512
:104240003B753B753B553B753B753B753B753B750E
:104250003B753B753B953B963B753B753B953B757D
:104260003B953B95439543954395439543754375DE
:104270004375437543753B743B543B543B743B74EB
:104280003B753B743B7443753B743B743B543B74CC
:104290003B543B543B543B553B753B753B543B7443
:1042A0003B743B753B543B543B543B543B333B5377
:1042B00033333312333233323B133B1333133B3339
:1042C0003B5433543B543B5433533B543B543B5487
:1042D0003B343B333B543B3333333B343B34333459
:1042E000333333332B122B322B31233012ED0AECC4
:1042F0002C9077398FFB87FB87FB8FFC87FB8FFC2C
:104300008FFC8FFC87FC87FC8FFD877B5DB42B8C3B
:1043100012481186090408E410C318C318C410E435
:1043200018E518E518E518E518E518C418E51105AD
:104330001946298731E831C82967212621262126F7
:10434000190518E510C418C510C418E518C418C418
:1043500018E518C518E518C418E518C518C418C418
:1043600010C410C410C410C410C518C518E518E452
:1043700018C518C518E418E418E510E410C410C4F2
:1043800010C410C410C410C410E518C518C518C551
:1043900018E518C418C518C518E518E51905192633
:1043A00021461926216729A829A829A82987216734
:1043B00021461926190510E510C408A408A410C444
:1043C00010A410A310A310A31083108410A508A597
:1043D00010E6194821EB2A2C2A6D2AAF2AD02AD1BF
:1043E0002AD12AD12AD132D132F232F333133333E4
:1043F0003B3433543B343354333433343334333435
:1044000033543B543B753B753B753B553B553B55D6
:104410003B553B553B553B753B7643764376437561
:10442000437643764376437643563B963B963B959D
:104430003B963B963B763B763B7643963B96439644
:1044400043964396439543954395439543754375EA
:104450004375437543753B743B743B543B743B74E9
:104460003B743B743B543B753B743B743B543B7413
:104470003B743B743B753B753B553B543B543B5441
:104480003B543B543B543B543B543B343B533B32F7
:1044900032F12AD032B032D02AD032F132F1331296
:1044A000333333333353335433543B343B333B5440
:1044B0003B543B543B5433333B3333343314333367
:1044C000333333332B322B322B31232F12CC02CB0D
:1044D0002CB17F5A87FB87FB8FFB8FFC87FC8FFCFF
:1044E0008FFC8FFC87FC87FC8FFC97DC7EF944B047
:1044F0001ACA11E70945090408C310C310C310E420
:1045000010C410C410E410E410C418C410E51966F7
:10451000218729C731C82987212610C418C418E566
:1045200018C510C418C418C518C418C418C418C4B1
:1045300018E518C518E518C418C418C418C510C45F
:1045400010C410C410C410C410C410C410C410C4CB
:1045500010C410C410C410C410C410C410C410C4BB
:1045600018C410C410C518C418E518C518C518C556
:1045700018E518C518C418C418C418C510C410C448
:1045800010C410C418E519262967298731C829A83D
:104590002987296721661125110510E510E410C44B
:1045A00010C410A3108310A410A410A410A510A56B
:1045B00008A5090719AA222C2A6D32CF33113332EC
:1045C000333333133B133B333B343B543B543B7546
:1045D00033553B553B553B55335533553355335583
:1045E0003B553B553B553B553B753B753B753B55EB
:1045F0003B553B553B553B753B763B764376437687
:104600004376437643764376437643963B963B9593
:104610003B963B763B763B763B763B763B753B76F3
:104620003B763B7643954395439543954375437558
:104630004375439543753B743B543B543B743B7506
:104640003B743B743B743B753B743B743B543B7411
:104650003B743B753B743B753B753B543B543B543F
:104660003B543B543B343353333333333B1232D11B
:104670002AB0224E224D224D226E2A8F2AD032F1AC
:1046800033123333333333533354333333533B5491
:104690003B543B543B3333333333331333133333D0
:1046A000333333532B322B522B312B2F130D0AEC78
:1046B0003D127F7A8FFC87FB8FFC8FFB87FC8FFC82
:1046C0008FFC87FC8FFC87FC8FFC97FC8FDB6E36A2
:1046D00033CD1A271185094408E310C310C310E332
:1046E00010C310C410E410E410C41905212621875A
:1046F00029C8320931C8192610C410C418C518C5F4
:1047000018C418C418C518C518C518C518C518C5C3
:1047100018E518C518E518C418C410C410C410C58D
:1047200010C410C410C418E510C418E518C518C585
:1047300018E410C410C410C410C410C410C410C4B1
:1047400010C410C410C410C418E518C518C518C585
:1047500018C518C518E518C518C418C410C410A485
:1047600010A410C410C410C410C418E52146298731
:1047700031A831A831C821A72166192510E410E419
:1047800010C410A3088308A410A410A410A510A599
:1047900008C600E61169220B2A6D2ACF3311335364
:1047A00033543B543B543B543B5443543B753B764E
:1047B0003B753B763B7633763B763B763B763B767A
:1047C0003B763B763B763B763B7643963B76437631
:1047D0003B763B763B7643963B963B763B763B7609
:1047E0003B763B753B763B763B763B963B964396DA
:1047F0003B96439643964376439643964396439619
:104800004396439643954395437543754375437566
:104810003B743B753B753B743B743B743B743B741E
:104820003B743B743B743B743B743B743B743B750F
:104830003B753B743B743B743B753B543B543B545E
:104840003B543B543B343B343313331232F23290FB
:104850002A6E220C21EB19EA1A0C224D2A8F2AD03B
:1048600032F133323333333333543B333B333B5303
:104870003B533B533B5433333333331333133334CE
:10488000333333332B322B522B51232F130D132C55
:104890004553879A8FFB87FB8FFC8FFC87FC8FFC2F
:1048A0008FFC8FFC87FC87FC8FFC8FDC8FFC8739AB
:1048B0004CF11AC911C60945090410E310C310E4EC
:1048C00010C410C410E410E419052146298729A852
:1048D00029C831C8214610E510C410A418C418E531
:1048E00018E518E518E518E518E518E518E518E5E0
:1048F00018E518E518C418C510C410C418C410C4AD
:1049000010C510C510C510C510C510C518C510C5F7
:1049100010C410C510C410C418E410C410C410C4CE
:1049200010C418C410C410E518C518C518E518E55A
:1049300018E518C518E518C518C510C410A410A4AA
:1049400010A410C410C410A4108410A418E52126CB
:104950002146296729A729C829C829A72146190559
:1049600010C410A410A410A410A410A410A50885AD
:1049700008A600A6092819AA2A4C2AAF32F13353F7
:104980003B543B543B5443543B753B553B553B5583
:104990003B763B563B763B763B763B753B553B55F2
:1049A0003B563B763B763B763B763B763B753B76A0
:1049B0003B763B763B7643763B763B763B763B7667
:1049C0003B763B763B763B753B753B753B753B7564
:1049D0003B753B763B753B753B553B5543763B55AD
:1049E0003B753B754375437543753B75437543751F
:1049F0003B543B544354435543543B543B543B5426
:104A00003B743B743B743B743B743B553B753B556B
:104A10003B553B543B543B743B733B533B323B3223
:104A20003B12433343133AF332F232D132AF2A6EA0
:104A30002A4C21EA19881168116919CB222D2A8E76
:104A40002AD03B123B323B133B343B3333333B5393
:104A50003B533B533B3333343313333333333333ED
:104A600033333333333333322B11233012EE132DE0
:104A70004D537F7A87FB8FFB8FFC8FFC87FC8FFC6D
:104A80008FFC87FC87FC8FFC87FC87FC8FFC8FBB2F
:104A90006E362BAD12481185110410C310C410C41A
:104AA00018E410C410C418E42126296631A731E89F
:104AB00029A7214610E410C410E410C418E418E536
:104AC00018E518E518E518E518E518E518E518E5FE
:104AD00018E518E518C518E510C410C410C410C4B2
:104AE00010C410C410C410C410C410C410C410C426
:104AF00010C410C418E518E518E510C410C410C49B
:104B000010C418C410C418E410C418E418E518E45C
:104B100018E518E518C418C418E518A418A418A4B2
:104B200018A418A418C410A4108410A410C418E564
:104B300018E519051926216729A829A82987298791
:104B4000212618E510C418A410C410C510A508A586
:104B500010A608A610E719682A0B2A6E32F03B331C
:104B60003B543B543B543B553B563B753B553B55A7
:104B70003B553B553B753B553B553B553B553B5595
:104B80003B753B753B753B753B763B763B76437699
:104B90003B763B763B7643763B763B753B753B56A7
:104BA0003B563B763B763B753B753B753B753B75A2
:104BB0003B753B753B753B553B353B553B553B5535
:104BC0003B553B55437543754375437543753B757D
:104BD0003B543B543B543B343B543B343B543B549D
:104BE0003B743B543B543B543B543B543B553B354B
:104BF0003B543B543B5443533B533B12331132F130
:104C000032D032D032B132B02A8E2A4E2A2D220C26
:104C100021CA1989196819471149198A19EB224DB6
:104C20002AAF32F13B323B333B333B333B333B53D5
:104C30003B533B5333333333331333333334333313
:104C400033333333333233322B1123301B0E134DB6
:104C50004D5387798FFB87FB8FFC87FC87FC87FC94
:104C600087FC87FC87FC87FC87FC87FC87DC8FFC44
:104C7000871944901A8911A6112510E410C410C494
:104C800010C410C410C419052146298731C82187D2
:104C90001925110510E410E410C410C418E418E438
:104CA00018E518E518E518E518E518E518E518E51C
:104CB00010C410C510C410C410C410C410C410C453
:104CC00010C410C410C510C410C410C410C410C443
:104CD00010C410C410C410C410C410C410C410C434
:104CE00010C410C410C418E410C418E518E518E581
:104CF00018E518E518C518C418C418A410A418C4D9
:104D000018A418A418A410A410A410C410C410C48B
:104D100010C410A410E519051926216729A731A888
:104D200031A82967212618E510C410C510C508A5AB
:104D300010A508A510C6112721AA2A2C32AF3B12B4
:104D40003B333B543B543B553B753B553B553B76C6
:104D50003B553B553B553B553B553B553B553B55D3
:104D60003B763B763B763B763B553B763B753B76DD
:104D70003B553B553B553B553B553B753B753B7553
:104D80003B763B563B763B753B753B553B553B5520
:104D90003B553B553B553B553B553B553B543B5495
:104DA0003B553B5443753B753B753B7543753B75B4
:104DB0003B543B543B543B543B543B543B543B547B
:104DC0003B543B543B543B743B743B743B543B540B
:104DD0003B343B343B333B323AF132D02AAF2A8E5C
:104DE0002A4D2A4D2A2D2A2D2A0C21EB21CA21A930
:104DF00019681947190619061127194819A9220B0C
:104E00002A6D2AAF33113B323B323B123B323B33EC
:104E10003B333B32333333333313331333133333B3
:104E200033333333333333322B1123101B0E132D13
:104E30004533877A87FB87FB87FC87FC87FC87FCE9
:104E400087FB87FC87FC87FC8FFC87FC87FC8FFC3B
:104E50008F9B5D74230A11E71986190410C418C4C6
:104E600010C410A410C41905214629A729A7192583
:104E700010E410C410E410E410C410C418C418E501
:104E800018E518E518E518E518E518E510C410C48C
:104E900010C410C410C410C418E510C410C410C449
:104EA00010C410C410C410C410C410C410C410C462
:104EB00010C410C410C410C410C410C410C410C452
:104EC00010C410C410C418E510C418E518E518E59E
:104ED00018E518E518C518C510A410A418C418A41E
:104EE00018A418A418A418A410A410C410A410C4C2
:104EF00010A410C418E510C410C419052126296790
:104F000031C831C831A8214618E510C410E510C5D4
:104F100010C510A510C51106194821EB328E3AF1C3
:104F20003B133B34433543553B553B553B553B5574
:104F30003B553B553B553B553B553B553B553B55F1
:104F40003B553B553B553B553B763B763B763B557E
:104F50003B553B553B553B553B553B753B753B5591
:104F60003B563B563B753B753B743B543B543B7443
:104F70003B543B543B543B543B543B5433543B54C1
:104F800033543B54437543753B753B7543753B75D3
:104F90003B543B543B753B753B753B753B753B75D3
:104FA0003B753B753B543B743B743B543B543B5407
:104FB0003B533B333B123AF1328F2A6E2A6D222B40
:104FC00019EA19CA19AA19A9218821881967194744
:104FD000194718E610C510C508C51106116819C98A
:104FE000222B224D2ACF3B103B113B323B323B322E
:104FF0003B323B32333333333333331333133313D3
:1050000033343333331333322B12231112EE0AECC1
:105010003CF17F5987FB87FB87FC87FC87FC87FB7C
:1050200087FB87FC87FC87FC87FC87FC8FFC87FC61
:1050300097FC76B7340E1A8911A6192518E510C405
:1050400010A410A410E41925218729C8196610E5B9
:1050500010C410C410C410C410C410C410C418E587
:1050600018E518E518E518E518E518E510C410C4AA
:1050700010C410C410C410C410C410C410C410C490
:1050800010C410C410C410C410C410C410C410C480
:1050900010C418E518E510C418E510C410C410C4F5
:1050A00010C410C410C418E510C418E518E518E5BC
:1050B00018E518E518C518C510A410A418A418C43C
:1050C00018C418A410A418A418C410A410C418C498
:1050D00010C410C418C518A410C418E518E51905A3
:1050E000214629A731C829A82147190510C410C491
:1050F00010C410C410A410C5192721A92A2D32B03C
:105100003B123B34433543563B553B553B553B5592
:105110003B553B553B553B553B553B553B553B550F
:105120003B553B553B553B553B553B763B553B55DE
:105130003B553B553B553B553B553B753B753B55AF
:105140003B563B563B753B753B543B543B543B54A1
:105150003B543B5433543B543B543B743B543354C7
:105160003B543B543B753B753B753B753B543B5443
:105170003B753B753B543B543B543B543B543B7554
:105180003B753B753B543B743B743B543354335336
:105190003B333B3332F13AAF324D2A2C21EB1989A4
:1051A0001988118819881967196719471926192646
:1051B000190618E518E518E518E5110611261988ED
:1051C00019EA222B2A6C2A8D32CF3AF03B113B117F
:1051D0003B123B123B3333333333333333333334C8
:1051E00033143333333333122B122B1112CE130CEF
:1051F00034B17F5987DA87FC87FC87FD87FB87FB03
:1052000087FB87FC87FC87FC87FC87FC87FC8FFC7F
:105210008FFC877A4D1222EA11E71145110510E43F
:1052200010C410C410C41905218729A7196610E4F9
:1052300010C410E510E510C410E418E418C418C533
:1052400018E518E518E518E518E518E510C410C4C8
:1052500010C410C410C410C410C410C410C410C4AE
:1052600010C410C410C410C410C410C410C410C49E
:1052700010C410C410C410C410C410C410C410C48E
:1052800018E510C410C418E510C418E518E518E5B1
:1052900018E518E518C518C510A418A418A418A472
:1052A00018A418A418A410A418A410A418C410C4F6
:1052B00010C410C410C418C418C518C410C418E50C
:1052C00018E51926298731C829A82167190510E58D
:1052D00010C410C410C410C41906216829EB328F01
:1052E0003AF14334433543563B553B553B553B55CB
:1052F0003B553B753B553B553B553B553B553B550E
:105300003B553B553B553B553B553B553B553B551D
:105310003B553B553B553B553B553B753B753B55CD
:105320003B563B553B753B553B54335433543354F8
:105330003B543B543B5433333333335433333333A1
:1053400033333B543B753B753B753B753B543B7569
:105350003B753B543B753B753B753B753B543B750F
:105360003B543B543B743B743B743B543353333397
:1053700033323AF132B0326E2A0C21CA1989114700
:1053800011261126112619261926190519051905A0
:1053900018E5190518E518E518C510E511061147B7
:1053A00019A821EA2A2B2A4C2A6D32AE32EF3AF1A3
:1053B0003B123B323B333313331333333333333406
:1053C00033133314333333332B122B111B0F130CC2
:1053D0002C4F771887DB87FC87FD87FC87FC87FBD2
:1053E00087FC87FC87FC87FC87FC87FC8FFC8FFD94
:1053F0008FFD8FDC66362B8C122811A61125110526
:1054000008C410E41925196621A729A8214610E52A
:1054100010C518C518C510C518C518C510C518E59C
:1054200018E518E518E518E518E518E510C410C4E6
:1054300010C410C410C410C410C410C410C410C4CC
:1054400010C410C410C410C418E510C410C410C493
:1054500010C410C418E510C410C410C410C410C483
:1054600010C410C410C418E510C418E518E518E5F8
:1054700018E518E518C518C510A418A418A418A490
:1054800018A418A418A418A418A410C410C418C4EC
:1054900018E510C410C418C410C418C410C410C433
:1054A00010C418E51906214731A829882987214603
:1054B000190510C410C410C510E5112721AA2A4DE2
:1054C00032B0433443353B353B553B553B553B555B
:1054D0003B553B553B553B553B553B553B553B554C
:1054E0003B553B553B553B553B553B553B553B553C
:1054F0003B553B553B553B553B553B753B753B55EC
:105500003B563B553B753B553B5433543B5433540E
:105510003B543B5433333333333333333333333309
:10552000333333333B753B753B753B753B543B75B0
:105530003B753B543B753B753B753B753B543B544E
:105540003B543B5443543B543B7433543333333216
:1055500032F132AF2A6E322C29EA21891147110625
:1055600011061106110611061106110510E510E5C8
:105570001105190519051905190519051105112632
:105580001127198821CA2A0B2A2C2A8D32AE32D033
:105590003AF13B123B3333133B13333333333B1476
:1055A000333433133333333333132B11232F130D8E
:1055B00023EE669787DB87FC87FD87FC87FB87FBED
:1055C00087FB87FC87FC87FC87FC87FC87FC8FFCBC
:1055D0008FFC8FFC76F9342F126911C711661145C3
:1055E00011251946216729A729A831C8214610E5A8
:1055F00010C410C510C510C510C518C518C518C5EC
:1056000010E518E518E518E518E518E510C410C40C
:1056100010C410C410C410C410C410C410C410C4EA
:1056200010C410C410C410C410C410C410C410C4DA
:1056300010C410C410C410C410C410C410C410C4CA
:1056400010C410C410C418E510C418E518E518E516
:1056500018E518E518C518C510A418A418C418A48E
:1056600018A418A418A418A410A410A410C418C432
:1056700018E510C410C410C410C410C410C418C558
:1056800018C518C418E51905212631A831C831A854
:10569000214710E508C510C510E61106198921EC4F
:1056A000328F3B133B553B753B553B763B553B554A
:1056B0003B553B553B553B763B553B553B553B5549
:1056C0003B553B553B553B553B553B553B553B555A
:1056D0003B553B553B553B553B553B753B753B550A
:1056E0003B553B553B553B553B5433543B543B3466
:1056F0003B543B5433333334333433333334333424
:10570000333433343B743B743B743B753B743B74B0
:105710003B743B543B753B743B743B753B553B754D
:1057200043544354435543543B54333333522AF187
:105730002AAF224E19EC21AA216919271106110658
:105740001106110618E610E611061106110618E6F4
:105750001106110510E5190518E5190511051106C1
:10576000112611471968196819A9220B2A6D32AF41
:1057700032F132F23B12333333333B1333343313CE
:10578000331433133313331333132B322330132EC9
:105790001BCD56357F9A87FC87FD7FFC87FC87FBF6
:1057A00087FB87FC87FC87FC87FC87FC87DC8FDC1A
:1057B0008FFC8FFD879B4D121AEA120719A71987D4
:1057C00021C721C729A831E831C831C8214610C5F1
:1057D00010C410C410C410C410C518C518C518C50D
:1057E00010E518E518E518E518E518E510C410C42B
:1057F00010C410C410C410C410C410A410C410C429
:1058000010A410C410C410C410C410C410C410C418
:1058100010C410C410C418E510C410C410C410C4BF
:1058200010C410C410C418E510C418E518E518E534
:1058300018E518E518C518C510A418A418A418A4CC
:1058400018A418A418C418A418A410A418C410C428
:1058500010C410C410C410C410C410C410C418C59F
:1058600018C518A418C418C418C5212631A931C9EF
:1058700029A92167192610C510E61106114819CA71
:105880002A4E32D13B343B753B553B763B553B551D
:105890003B553B563B553B563B553B763B553B5565
:1058A0003B553B553B553B553B553B553B553B5578
:1058B0003B553B553B553B553B553B753B553B5548
:1058C0003B553B553B553B553B5433543354335474
:1058D0003B543B543B543334333433543B543354B0
:1058E0003B543B543B553B553B553B553B55435532
:1058F0003B553B553B553B753B7543543B543B74C3
:105900003B743B543B5443343B13331132F02A8EE7
:10591000224D21EB198A19481927110610E610E5C6
:1059200010E510E510E510E510E51905190510E57D
:1059300019051905190518E5190519051925190677
:105940001106110611261947198819A9222B2A8E2A
:1059500032D03AD13AF23B123332333233123B3344
:105960003B343B343B333333333333322B301B4EF6
:1059700013AE45D47FBA7FFC87FC87FC7FFC7FFC9D
:105980007FFC87FC87FC87FB87FC87FC87FC8FFC00
:105990008FFC8FFC97BC6E162B6C124819E821C740
:1059A00029A729A72987298729872967214618E553
:1059B00018E510C410C410C410C418E510C418E5CC
:1059C00018E518E518E518E518E518E510C410C441
:1059D00018C418C518C418C410C410C410C410C406
:1059E00010C410C410C410C410C410C410C410C417
:1059F00010C410C410C410C410C410C410C418E5DE
:105A000018E510C410C410C410C418E510C410C4A4
:105A100010C418C518C518C418A410A418A418A434
:105A200018A418A418A418A410A418A410C418C466
:105A300010C410C410C410A410A410C410C418E5DD
:105A400018C518C518C510C410A418E4192629884B
:105A500029A929A921681926110608E5112619A9DD
:105A6000220C32B03B333B553B763B963B963B7525
:105A70003B753B553B553B563B553B553B553B5585
:105A80003B553B553B553B553B553B553B553B7675
:105A90003B553B763B763B763B7643763B553B55D9
:105AA000437643553B5543553B553B753B553B541E
:105AB0003B543B743B543B5433543B543B5433545E
:105AC000335433543B553B553B553B553B553B5568
:105AD0003B553B553B553B553B553B543B543B7429
:105AE0003B743B543B543B1332D12AB02A6E222CD8
:105AF00021EB19A91948190818E710E610E510E577
:105B000010E510E510E510E518E51905190518E58B
:105B100018E51905190518E51905190519251906B6
:105B200011051106110611061947198821EA2A6C78
:105B300032AF3AD03AD13AF1331133323B323B33C0
:105B40003B343B343B343B53335333522B511B2FA9
:105B5000138D3D73777A87FB87FC87FC7FFC7FFC86
:105B60007FFC87FC87FC87FB87FB87FC8FDC8FFC37
:105B700087FC8FDC9FFC7EB8442F1A691A0829C75E
:105B800021A72146190518E518E51905190518E595
:105B900018E518C510C418E518E518E510C418E58F
:105BA00018E518E518E518E518E518E510C410C45F
:105BB00018A418A410C410C410C410C410C410C475
:105BC00010C418C410C410C410C410C410C410C42D
:105BD00010C410C410C410C410C410C410C410C425
:105BE00018E510C418E518E510C418E510C410A491
:105BF00010C410A41084108418A418C410A418A4ED
:105C000018A418A410A418A418A410A410C410C494
:105C100010A410C410C4108410A410C410C418C55B
:105C200018C418C418C410A410A310A410C51906D1
:105C3000214729A931A92168192608E511261988C3
:105C400021EB2A6F3AF243553B753B763B763B5549
:105C50003B753B553B553B553B553B553B553B55A4
:105C60003B553B553B553B553B553B553B763B7672
:105C70003B763B763B763B763B7643763B753B55B6
:105C80003B76437643763B753B553B753B743B55C2
:105C90003B553B553B743B543B543B543B543B546A
:105CA0003B543B543B543B543B553B543B543B547B
:105CB0003B543B543B553B553B5543543B543B7441
:105CC0003B743B543B543B322AD0226E1A2C19EAC7
:105CD00019A919471107110718E710E610E510E593
:105CE00010E510E510E510E518E51905190518E5AA
:105CF00018E51905190518E5110519051905110506
:105D00001106190610E510E51106114619C8222BD7
:105D10002A4D324E326E328F2A8F32F132F13B32BF
:105D20003B543B343B343B34335333333352234FB4
:105D3000136D3511775987FC87FC87FC87FC87FB3F
:105D400087FC87FB87FC87FB87FC87FB87FC87FC3E
:105D500087DB8FFC9FFD973A54D122AA220829E8BD
:105D600021A71926190518E518E410E410E418E530
:105D700018E518E518E510C418E518E518E518E564
:105D800018E518E518E518E518E518E510C410C47D
:105D900010A410A410A410A410C410C410C410C4E3
:105DA00010C410C410C410C410C410C410C410C453
:105DB00010C410C410C410C410C410C410C418E51A
:105DC00018E518E518E510C418E518E510C410A486
:105DD00010A410A418A418A410A418A410A410A40B
:105DE00018A418A418A418A418A410C410A410A4CB
:105DF00010A410C410A4108410A410C410C410C4A3
:105E000010C410C410C410C410A410A410A410C551
:105E100019062147298829A92188192611061968F8
:105E200019CA220D32D143543B553B953B753B5526
:105E30003B553B553B553B553B553B553B553B55E2
:105E40003B553B553B553B553B553B763B763B766F
:105E50003B76437643763B963B763B763B763B768A
:105E60003B763B763B763B763B763B953B753B55AD
:105E70003B753B753B953B743B753B753B753B7583
:105E80003B753B753B543B543B543B543B543B5458
:105E90003B543B543B543B753B543B543B543B5469
:105EA0003B543B543B5333312A8F222C19EA19A817
:105EB0001147192618E518E61906190610E610E527
:105EC00010E510E610E5110518E519051905190585
:105ED00018E51905190519051905190619061905F1
:105EE0001905190510E510E511051926198721C9AD
:105EF00029EA29CB29CB21EC222C226E328F3AF1D0
:105F000043333B343B543B343B543B543B72234F71
:105F1000134D2C906F1987FC87FC87FC87FC87FC4E
:105F200087FC87FC87FC87FC87FC87FB87FC87FC5A
:105F300087FC877A7EF876364C2F22A9220829A77B
:105F40002166190518E518C418C410E510E418E511
:105F500018E518E518E518E518E518E518E518E559
:105F600018E518E518E518E518E518E510C410C49B
:105F700010C410C410C410C410C410C410C410C481
:105F800010C410C410C410C410C410C410C410C471
:105F900010C410C410C410C410C418E518E518E5E6
:105FA00018E518E518E518E518E518E510C410C45B
:105FB00010C410C418C418A418A418A410A418A4B9
:105FC00018C418A418A410C418A410A410C410C491
:105FD00010C410C410A410A410A418E518C510C44F
:105FE00010C410C410A410A410A410A410C410A4B1
:105FF00010C510E5212721682988218819461147F5
:1060000019AA220D32B143543B753B753B753B5584
:106010003B553B553B553B753B553B553B553B55E0
:106020003B553B553B553B553B753B76439643961D
:10603000439643964396439643963B963B963B96B0
:106040003B963B963B963B963B963B953B753B750B
:106050003B7543953B953B753B753B754395439528
:106060003B753B753B543B743B753B753B543B5414
:106070003B543B543B753B753B753B753B753B75E2
:106080003B753B743B533311228E1A0B19C81166B2
:10609000110510E518E5190618E618E610E618E6E9
:1060A00010E519051905190518E518E518E518E5AD
:1060B00019051905190519051905190519061905EF
:1060C0001905190518E510E518E5190511461966B1
:1060D000196721682169218919AA220C2A4E32B038
:1060E0004333435443543B343B353B5433732B517C
:1060F000134D242F66978FDC8FFC8FFC87FC87FC69
:1061000087FC87FC87FC87FB87FB87FB87FB87DB9C
:106110006F184DB3346F2BAD22CA222821E72167B7
:10612000190518E518E518C418C518E510E518E5AF
:1061300018E518E518E518E518E518E518E518E577
:1061400018E518E518E518E518E518E510C410C4B9
:1061500010C410C410C410C410C410C410C410C49F
:1061600010C410C410C410C410C410C410C410C48F
:1061700010C410C410C410C410C410C418E518E52D
:1061800018E518E518E518E518E518E510C410C479
:1061900010C418C418A410A418A418A410A418A4F7
:1061A00018A418A418A410A418A410A418A410C407
:1061B00010C410C410C410A410C418E518C510C42D
:1061C00010A410A410A410A410A410A410A410A42F
:1061D00010C510C518E52126216729882187198750
:1061E000198921EC2A8F4353435443753B553B5542
:1061F0003B553B553B553B753B553B553B763B55DE
:106200003B553B553B553B553B553B76439643965B
:1062100043964396439643963B963B963B963B96D6
:106220003B963B963B963B963B963B963B763B7527
:106230003B7543954395439543953B953B753B751E
:106240003B753B753B743B753B753B753B753B75CF
:106250003B953B753B753B7543753B753B7543956E
:106260003B753B743B543311228E19EB11A8114638
:10627000110510E410E5190518E5190619061906A7
:10628000190619061906190518E510E510E518E5AF
:106290001905190519051905190518E5190519052F
:1062A000190518E518E518C418C418E511051125D5
:1062B0001105190619271927196819AA220C328FF6
:1062C0003B32433443353B353B3543753B942B518F
:1062D000132E1BCE5E158FBB8FFC8FFC8FFC87FCB3
:1062E00087FC87FC87FC87FB87FB87FB87FC7FDBC2
:1062F0004E141C2D0AE90A6811E719A61966192619
:1063000018E518C518C418C418C418E410E518E531
:1063100018E518E518E518E518E518E518E518E595
:1063200018E518E518E518E518E518E510C410C4D7
:1063300010C410C410C410C410C410C410C410C4BD
:1063400010C410C410C410C410C410C410C410C4AD
:1063500010C410C410C410C410C410C418E518E54B
:1063600018E518E518E518E518E518E518E518E545
:1063700010C418C418A410A410A410A418A418A41D
:1063800018A418A418A418A418A410C410A410C405
:1063900010C410A410A410A410C418C410A410C4D5
:1063A00010A410A410A410A410A410A410A410A44D
:1063B00010A410A410A410E5214629A729A721871D
:1063C00019A921EB2A6E3B324354435443553B7584
:1063D0003B563B553B553B753B553B553B753B55FC
:1063E0003B553B553B553B553B753B553B753B76CC
:1063F0003B763B753B753B753B753B763B763B7619
:106400003B763B7643963B963B7643963B763B7595
:106410003B753B753B753B753B753B753B753B75FC
:106420003B753B753B753B753B753B753B953B95AC
:106430003B953B953B753B953B7543953B953B9514
:106440003B953B753B743311228F19EB19A811460C
:10645000110410E410E511051905190619061906AD
:10646000190619061906190518E518E518E518E5BD
:1064700018E519051905190519051905190519054D
:10648000190518E518E518E418E518E5110510E4F4
:1064900010E410C418C518E61127116921EB2A6E03
:1064A0003AF2435443554336433643763B952B5299
:1064B0001B4F138D4D73879B97FC8FFC8FFC8FFCBC
:1064C00087FC87FC87FC87FB87FB87FC87FB87FCB7
:1064D0005E76242D0AC80A0711A619661925190522
:1064E00018E518E518C418C518E518E518E418E506
:1064F00018E518E518E518E518E518E518E518E5B4
:1065000018E518E518E518E518E518E518E510C4CC
:1065100010C410C410C410C418C410C418C418C4C3
:1065200010C410C410C410C410C410C410C410C4CB
:1065300010C410C410C410C410C418E518E518E540
:1065400018E518E518E518E518E518E518E518E563
:1065500018E518C518C410A418A410A418A418A4E9
:1065600018A418A418A418A418A410C410C410A423
:1065700010C410C410A4108310A418A410A410C434
:1065800010A410A410A410A410A418A418C410A43B
:1065900010A410A410A410C418E5216629A721A8EE
:1065A00021C9220B222D32D03B334354435543554E
:1065B0003B563B763B553B753B553B553B553B5519
:1065C0003B753B553B553B553B553B753B753B75CB
:1065D0003B753B753B753B753B753B553B553B559B
:1065E0003B553B753B763B763B753B763B763B7547
:1065F0003B753B7543753B753B753B753B753B7513
:106600003B753B7543753B953B953B753B953B75A2
:106610003B753B9543953B75437543954395439532
:1066200043953B953B943B332AAF1A0B19A811466F
:10663000090408E4110510E518E5190519061906FD
:106640001906190619051905190518E518E519059A
:1066500018E51905190519051906190518E518E5AC
:1066600018E518E518E518C418E418C5110510E474
:1066700010E418C418C410C51107198921EB2A4E5B
:106680003AD0433443554336433743563B752B7218
:106690002370134C3CF17F3997FC8FFC8FFC8FFCEF
:1066A0008FFC8FFC87FC87FC87FC87FC87FB87FBC4
:1066B0007F594D521B0A120711862166192518E5CC
:1066C00018E518E518C518C518E518E518E518E522
:1066D00018E518E418E518E518E518E518E518E5D3
:1066E00018E518E518E518E518E518E510C410C414
:1066F00010C410C410C410C410C410C418C418C4EA
:1067000010C410C410C410C410C410C410C410C4E9
:1067100010C410C410C410C410C418E518E518E55E
:1067200010C410C410C410C410C418E510E518E556
:1067300010C418C418A410A418A418A418A418A449
:1067400018A418A418C418A418A410C410C410C401
:1067500010C410A410A410A410A418C510C410C410
:1067600010C410C410A410A418A418C418C410C4D1
:1067700010A410A418E410C510C41905216621C87E
:1067800029E92A4C2A4E32D03B1243544355433612
:106790003B563B563B5533753B753B553B553B553F
:1067A0003B553B553B553B553B553B753B753B7509
:1067B0003B553B753B753B753B75435643554355C0
:1067C000435643554355435543553B553B563B551F
:1067D0003B553B553B753B753B553B553B763B75B8
:1067E0003B753B75439543953B953B743B953B957A
:1067F0003B953B953B953B953B96439543953B9508
:10680000439543953B953B532AB0222C19A9114738
:1068100011051105110510E510E518E518E5190633
:1068200019061905190519051905190518E5190598
:106830001905190519051905190519051905190568
:1068400018E518E518E518E518E518E410E518E46A
:1068500010E518C518C418C51906198829EB2A4E61
:106860003AD13B3343344355433643563B75337338
:106870002370132D2C7076F897FC8FFC8FFB8FFC08
:106880008FFC8FFB8FFB8FFB87FC87FC87FC8FFBCC
:1068900097DB7636338C12071145194518E518E554
:1068A00018C418C418C418C418C418C418E418E5C7
:1068B00018E518E518E518E518E518E518C510E518
:1068C00018E518E518E518E518E518E510C410C432
:1068D00010C410C410C410C418C418C418C518C5F6
:1068E00018C518E518E518E518E518E510C418E509
:1068F00010C410C410C410C410C410C410C410C4F8
:1069000010C410C410A410C410C410C410C410C407
:1069100010C410C418C410A410A410A410A410A46F
:1069200010A418A410A410A410A410A410C410A49F
:1069300010C410C410C418C418C418C518C518E56C
:1069400018E510C410C418A418C418C418C510C47D
:1069500010C410A410A410C518A418E519252167A7
:1069600029EA2A4C2A4D32AF3B1243544354435533
:106970003B353B553B353B543B553B553B553B55D8
:106980003B553B553B543B553B543B543B543B548C
:106990003B543B343B5433543B343B553B543B55C5
:1069A0003B553B553B753B553B553B553B753B7507
:1069B0003B553B553B543B543B543B553B543B545C
:1069C0003B5433543B95439543953B753B953B95E1
:1069D0003B953B963B953B963B953B953B953B9535
:1069E000439543753B753B532AB1224E19AA114872
:1069F00011061105110510E518E518E51905190529
:106A00001905190518E519051905190519051905B7
:106A10001905190518E519051905190519051905A7
:106A20001905190518E518E518E418E418E418E440
:106A300018C518E518C518E5190619872A0B2A2E56
:106A40003AD13B1243534354435543553B7533743A
:106A50002351132E1BCE5E158FBB97FB8FFB8FFB35
:106A60008FFB8FFB8FFC8FFC8FFC8FFC8FFC8FDBF1
:106A70009FFC86973BED1A0709651145110518E53E
:106A800010C410C410C410C410C410C418E418E515
:106A900018E518E518E518E518E518E518E510E516
:106AA00018E518E518E518E510C418E510C410C479
:106AB00010C410C410C410C410C410C418E518C405
:106AC00018E518C418C518C418C418C518C518C5C1
:106AD00018C410C410C410C410C410C410C410C40E
:106AE00010A410A410A410C410C410C410C410C466
:106AF00010C410A410C410C410C410C410C410C416
:106B000010C410C410C410C410C410C410C410C4E5
:106B100010C418C418C410C410C418E518E518E54A
:106B200010C410C410C418C418A418C418C410A4E5
:106B300018A418A418A418C418A410A410C41926C2
:106B400021C92A2B2A2D2A6F32F13B333B343B35A6
:106B50003B553B353B5543343B353B353B353B544F
:106B60003B543B343B543B533B543B543B543B54CE
:106B70003B543B343B343B343B343B343B343B347D
:106B80003B343B343B343B343B343B543B543B542D
:106B90003B543B343B343B143B343B54335433542D
:106BA000335433343B953B953B953B753B953B9537
:106BB0003B963B763B963B963B953B953B953B7591
:106BC0003B953B9543753B3432D12A4F19AB114865
:106BD0001126110511051105190518E519051905E5
:106BE0001905190518E518E51905190519051905F7
:106BF00019051905190519051905190519051905A5
:106C00001905190518E518C518E518E418E418E57C
:106C100018C518E518C518C5190519872A0B2A2D96
:106C200032AF3B113B323B333B133B353B75337447
:106C30002351130E0B2C3D117F398FFB8FFB8FFBE4
:106C40008FFB8FFB8FFB8FFC8FFC8FFC8FFC8FFBF0
:106C50008FBA65B32B4B11E611651125190510E5A7
:106C600010C410C410C410C410C410C418E418E533
:106C700018E518E518C518E518E518E518C510E574
:106C800018E518E518E518E510C418E510C418E56E
:106C900010C410C410C410C418C418C418C518C532
:106CA00018C518E518C518C518C510C410C410C4F7
:106CB00010C410C410C410C410C410C410C410C434
:106CC00010A410A410C410C410C410C410C410C464
:106CD00010C410C410A410C410C410C410C410C434
:106CE00010C410C410C410A410A410A410C410A484
:106CF00010C410C418E518E518E518E518E518C41F
:106D000010C410A410A418A410A410A410A418A4B3
:106D100018C418A418A418A418A410A410A410E54A
:106D2000196821CA220C2A4D2A903B123B343B356C
:106D30003B553B553B553B343B3533353B34333486
:106D40003B343B343B333B333B343B543B543B546D
:106D50003B543B343B343B343B343B543B543B543B
:106D60003B543B343B343B343B343B543B343B346B
:106D70003B34333433343B343B3433543354333384
:106D80003334333443753B753B753B763B963B76EA
:106D90003B9643963B763B953B963B753B953B95A7
:106DA0003B7543753B753B3432F22A6F21CB11485A
:106DB00011261105110519051905190518E518E51C
:106DC0001905190520E519051905190519051905EC
:106DD000190519051905190518E518E51905190505
:106DE000190518E518E518E418E518E418E518C4BD
:106DF00018E518E518C518E51905198629C92A0CDA
:106E00002A4D2A8E32AF32B032B133133B7633740F
:106E10002B72130E030C2CB06ED78FFB8FFB8FFBE6
:106E20008FFB8FFB8FFB8FFC8FFC8FFC8FFC8FFC0D
:106E300076B73C4E1A6811A511451904190518E5D5
:106E400010C410C410C410C410C410C418E418E551
:106E500018E518E518E518E518E518E518C518E56A
:106E600018E518E518E518E510C418E510C410C4B5
:106E700010C410C410C410C418C518C518E518C52E
:106E800018C418C418C518C518C518C518C518C41D
:106E900010C410C410C410C410C410C410C410C452
:106EA00010A410C410C410C410C410C410C410C462
:106EB00010C410C410A410C410C410C410C410C452
:106EC00010A410A410C410C410C410C410A410C482
:106ED00010C410C418E518C518C518C418C518A4DE
:106EE00010A410A410C418A410A410A410A418A4D2
:106EF00018C418A418C410A418A410A410C410C551
:106F00001126198921CB2A2D2A6F32D13B344354C3
:106F10003B343B343B343B143B343B343334333429
:106F20003B343B343333333333333333333333331F
:106F300033333B343B343B343B34333333333B33F5
:106F40003B343B343B343B333B3433343B343B34D2
:106F50003B343313333433343334335433333333F4
:106F6000333333334376437643763B7643963B76EF
:106F70003B763B963B963B953B753B953B75437407
:106F8000437543753B553B343B13327021CB196934
:106F900011271125112519051905190518E51905D8
:106FA00019052105190519051905190519051905E9
:106FB00019051905190519051905190519051905E1
:106FC0001905190518E518E518E518C518C518E5D7
:106FD00018C418C418C418E51905196621A829CAC7
:106FE00029EB220B222C2A6D32B032F33B753B7415
:106FF0002B93130F0B0C240E5E3587BA8FFB8FFB80
:107000008FFB8FFB8FFB8FFB8FFC8FFC8FFC87BB75
:107010005DB31B2A12061165110410E418E518E58A
:1070200010C410C410C410C410C410C418E518E56E
:1070300018E518E518E518E518E518E518C518E588
:1070400018E518E518E518E510C418E510C410C4D3
:1070500010E410C410C410C418C518E518C518E50C
:1070600018C518C410C418C418C518C518C418C544
:1070700018C410C410C410C410C410C410C410C468
:1070800010C410C410C410C410C410C410C410C460
:1070900010C410C410C410A410C410C410C410A490
:1070A00010C410C410C410C410C410C410A410A480
:1070B00010C418C418C518C418C510C410C410C40E
:1070C00010C410C410C410A418A418A418A410A4A8
:1070D00018A418A418A410A418C410A410A410C5AF
:1070E00010E511271989220B2A4E32B03B123B546E
:1070F0003B34333433343333333433343334333451
:10710000333433333333333333333333333333334E
:1071100033333333331333333333331333133313BF
:10712000331333133313331333133313333433130E
:10713000331333133313331333133313331333131F
:107140002B132B1343754375437643753B753B7681
:107150003B7643963B963B953B953B9543954375D4
:107160003B743B743B543B343B12326F21CB196967
:1071700011271105192519051905190519051905ED
:107180001905190518E51905190519051905190530
:1071900019051905190518E5190519051905190520
:1071A0001905190518E518E518E518E518E518E5B5
:1071B00018C418C418C418E518E519251947194743
:1071C0001127114719C9220B2A6E32D13B543B7348
:1071D0002B7223500B0D0B2B455287598FFB97FBBE
:1071E0008FFC8FFB8FFC8FFC8FDB8FFB97FC7F1955
:1071F0003C8F128809A51145110418E418E418C53C
:1072000018E510C510C410C410C410C418E518E562
:1072100018E518E518E518E518E518E518C518E5A6
:1072200018E518E518E518E510C418E510C410C4F1
:1072300010C410C410C410C418C418E518C518E54B
:1072400018C518C518C418C518C510C410C418C569
:1072500010A410C410C410C410C410C410C410C4AE
:1072600010C410C410C418E518E510C410C410C42C
:1072700010C418E510C410A410C410C410C410A485
:1072800010C410C418C518C518C518C410A410A47B
:1072900010C418C518C418C518C410C418C410C424
:1072A00010C410C410C418A418A418A418A418A4B6
:1072B00010C418A418A418A418A418C418A410A4BE
:1072C00010C51106196821CA2A2D328F3AF13B12D6
:1072D00033133333331333133313333333333333FE
:1072E00033133313331333133333333333333333EE
:1072F00033333333333333133313333333333313BE
:10730000331333333313331333133313331333132D
:107310003313331333133313331333332B132B132D
:107320002B132B123B5543753B753B753B553B75FA
:107330003B763B7643963B953B753B7543753B747B
:107340003B743B543B543B3332D12A4E21CB19681A
:1073500011261106190519051905190518E519054C
:107360001905190518E518E519051905190519056F
:1073700019051905190518E519051905190519053E
:107380001905190518E518E518E518C518E518E5F3
:1073900018E518C418E418E418E4190411051106D6
:1073A00010E51126196721EA2A4D32B03B323B52D3
:1073B00033722350130D02CA244E6EB787DA97FC3E
:1073C0008FFB8FFB8FFC8FFB8FDB8FFC97FC6E3569
:1073D000236B09E61185112418E418E418E510C49C
:1073E00018E510C410C410C410C410C418E518C4A3
:1073F00018E518E518C418E518E518E518C410E5EF
:1074000018E518E518E518E518E518E410C410C4E7
:1074100010C410C410C410C418C418C518C518E589
:1074200018C518E518E518E518E510C418C418C5FE
:1074300010C410C410C410C410C410C410C510C4AB
:1074400010C410C410C410C410C410C410C410C49C
:1074500010C410C410C410A410C410C410C410A4CC
:1074600010C410C410C510C410C410C410A410C49B
:1074700010A418C418C418C418C418C418A418C474
:1074800018A4108410A410A410A410A418A418A464
:1074900018A418C418A410A418C418A418A410A4DC
:1074A00010C508C5192621A92A0C2A6E32B032F15E
:1074B00032F233132B1233122B132B132B133313E0
:1074C0002B132B132B132B132B132B122B122B12CF
:1074D0002B122B122B122AF22AF22B122B122B1206
:1074E0002B122AF22AF32AF32AF32AF32AF32AF395
:1074F0002AF32AF22AF32AF32AF32AF32AF22AF2A7
:107500002AF22AF23B74437543753B753B543B5456
:107510003B553B753B753B753B753B543B743B742E
:107520003B743B543B3333112AAF222D21AA194817
:107530001926190611051905190518E518E518E5A4
:1075400018E518E518E518E5190518E5190518E511
:1075500019051905190518E519051905190519055C
:107560001905190518E518E518E518E518E518E5F1
:1075700018E518C518E418E418E410E510E510E65D
:1075800018E61105194621C92A2C2A6E3AF0331142
:1075900033512B501B2E02CA138C5DF4879A97FB34
:1075A0008FFB97FC97FC8FDB8FDC8FFC8F7A55125B
:1075B0001AC909A5114418E418E420E418E518E5EF
:1075C00018E510C418E510C410C418E518E518C46F
:1075D00018E518E518C418C418C418C518C418E567
:1075E00018E518E518E518E518E518E518C418E5D4
:1075F00010C410C418E518E518C418E518C518C556
:1076000018E518E518E518E518E510C418C418E5DC
:1076100010C418E518E518E518E518E518E518E5AB
:1076200018E518E518E518E518E518E518E518E572
:1076300018E510E510C410A410C410C410C410A4A0
:1076400018C410C410C410C410C410C410C410A4B2
:1076500010A410A418C418C418C418A410C418C4C2
:1076600010A410A410A410A410A410A410A418A472
:1076700018A418C410A410A418A418A418A418A519
:1076800018A510C510E6194721EB2A4D328F32D1CB
:107690002AF22AF22B122B122B122AF32AF22B1384
:1076A0002B132AF32B132B132AF22AF22AF22AF293
:1076B0002AF22AF22AF22AF22AF22AF22AF22AF2EA
:1076C0002AF22AF22AF22AF22AF22AF22AD22AD21A
:1076D0002AD22AD22AF22AD22AD222D22AD22AD2B2
:1076E00022D222D23B343B543B343B343B543B34D8
:1076F0003B543B553B743B743B543B543B543B54D1
:107700003B743B543B1232F12A8F220D21A91947B9
:1077100019261906110519051905190518E518E5A1
:1077200018E518E518E518E51905190518E519050E
:1077300018E519051905190519051905190519057A
:107740001905190518E518E518E518E518E518E50F
:1077500018E518C518E418E418E410E410E518E575
:1077600010C51905194621A9220B2A4C2A8E2AAECA
:107770002AEF2B2F1B0E0ACB0AEA3CD076F78FFBA1
:107780008FFB8FFB8FFB8FFB97FC97FC86D833ED2D
:1077900012471185112418E418E418E418C418E5F8
:1077A00018E518E510C418E510C410C418E518C48D
:1077B00018E518C418E518E518E518E518C418E523
:1077C00018E518E518E518E518E518E518E518E5D1
:1077D00010C410C410E518E518E518E518C518E53B
:1077E00018E518E518E518E518E510C418E518E5DA
:1077F00010C418E510C410C410C418E518E518E545
:1078000010C410C410C418C418C410C410C418E59F
:1078100018C518C510C410A410A410C410C410A416
:1078200010C410C410A410A410A410A418C410A450
:1078300010A410A410C410C410C418A418A410A438
:1078400018A418A410A418A418A418A418A418A460
:1078500010A418A418A418A418A418A418A4108478
:1078600018C518E510C5192619A92A0C2A8E2AB0A0
:107870002AD12AF12AF22AF12AF22AF22AD22AD18C
:107880002AD22AD222D222D222D22AF22AF22AD2F0
:107890002AF22AF22AF22AF22AF22AF12AD22AF12A
:1078A0002AD22AF22AF22AF22AF22AF22AD22AD258
:1078B0002AD22AD222D222B222B222B222B122B1BA
:1078C00022B122B13B543B543B543B533B543B54B9
:1078D0003B543B543B343B543B533B543B533B5353
:1078E0003B533B533B5332F1226F220D198A1968E7
:1078F0001126110611061905190518E518E518E5F0
:1079000018E5190518E519051905190519051905C9
:107910001905190519051905190519051905190577
:1079200018E518E518E518E518E518C518E518E58F
:1079300018C518E518C518C518E510E410E510E5D8
:1079400018E518E51106196721C9220A224B226C95
:1079500022AD22ED230D12CB0AEA23ED66368FDC31
:107960008FFC8FFC8FFC8FDC97DC97BB75F52B4B66
:1079700011E6114510E418E418E418E418E418C5F9
:1079800018C410E510E510E510E518E518E518C471
:1079900018C418C418E518E518E518E518C418C582
:1079A00018E518C418E518E518C510C510E518E560
:1079B00010E510E510C410E510E510E518E518E530
:1079C00018E518E518E518E510E510E510E510E5EF
:1079D00018E518E518E518E518E518E518C518C5FF
:1079E00018C518E518E510E510E510E510E518C50F
:1079F00018C518C518C510C418A418A418A418A42C
:107A000018A418A410C518A418A418A418A418A47D
:107A100018A410C410C410A510A510A410A410C45C
:107A200018C410A418A410C410C410A410C410A426
:107A300018A410A418A418A418A418C418C418A42E
:107A400018C518C510A410E4194721EA2A4D2AAF19
:107A50002AB022D12AD12AD12AD12AD12AD12AD177
:107A60002AD12AD12AD12AD22AD22AF12AD12AD11C
:107A70002AD12AD122D122D122D122D122D122D15E
:107A800022D12AD12AD122D122D12AD12AD12AD136
:107A90002AB122B122B122B02290229022B022B08B
:107AA00022B022B033533B543B543B543B543B54E1
:107AB0003B54335433543B543B543B543B533B5360
:107AC0003B533B533B5332F1226F19EC19AA114837
:107AD0001126110611061105190518E5190620E5EC
:107AE00021051905190518E51905190519051905BF
:107AF0001905190519051905190519051905190596
:107B0000190518E518E518E518E518C418E518E58D
:107B100018E518E518E518C418E510E410E518C5CF
:107B200018E510C508E51106114719A819EA122A27
:107B30001A6C1AAC22CD1AEB12EA1B6B4532875A2B
:107B400097FC8FFC8FFC8FFC97DB8F5A55111AC95D
:107B50000985114410E418E418E418C418E418C5A1
:107B600018C510E510E510E510E518E518C518C5AD
:107B700018C418C518C418C418C410C410C410C43C
:107B800010C408E410C410E410E510E510E510E599
:107B900010E510E410C410E510C410E518E518C590
:107BA00010C410C410E410E410E410E410E410C495
:107BB00010C410E510E510E510E510C410C410C4A1
:107BC00010C410C510E510E510E510E510E510E54E
:107BD00010C510C510C410A418A418A410A418A48B
:107BE00018A418A410C418A418A418A418A410A4A5
:107BF00010A410C410C408C408C510C410C410A434
:107C000010C410C410C410A410C410C410C410A414
:107C100010A410A410A410A410A410C418C410C45C
:107C200018C418E510C410E5114721CA2A6D2AAFFF
:107C300022D02AD02AD02AD02AB12AD12AD12AD198
:107C40002AD12AB12AB122B122B12AD12AD12AD1EC
:107C50002AD12AD12AD12AD12AD12AB12AD12AD16C
:107C60002AD12AD12AD12AB022B022B02A902AB011
:107C70002A902A902A90229022702290229022907C
:107C8000229022903353335333533353335333536C
:107C90003353335433333B543B533B543B533B54A8
:107CA0003B533B533B5333122AAF222D21EC19AAED
:107CB0001968194711471926190618E518E520E52E
:107CC00020E5190518E518E5190518E5190518E561
:107CD00018E519051905190519051905190518E5F6
:107CE000190518E518E518E518E518C518E518E5AB
:107CF00018E518E518E518C518E510E418E518E5C5
:107D000018E510C510E510E509060926116811A946
:107D1000120A1A4B22AC22AB1AEA12EA2C2E665631
:107D20008FBB8FFC8FFC97FC97FC7EF8448F1288EA
:107D30000185090410C418C418C418C418C418C490
:107D400018E410C410E410E410C410C410C410E50A
:107D500010E510E510E510E510E508C408C408E5D5
:107D600000E5090508E508E508E5110511251926CE
:107D70001905110518E5190518E518E5190519057E
:107D8000192519251926192619261946194619469D
:107D9000194619461125110510E410C408C408C479
:107DA00010C410E510E508E400C400E408E408E4A9
:107DB00010E510E410C410A410A418A418A418C44A
:107DC00018A418A418C518A418A418A418A410A4BA
:107DD00010A410C410C408E508C508C408C408A449
:107DE00008C408C408C408C410C410C410C410A433
:107DF00010C410C410C410C410C410A410A410C423
:107E000010C410E4110408E4112719CA224C2AAE48
:107E100022AF22D02AB02AAF22B022B022B022B0A4
:107E200022B022902290229022B022B022B12AD1F8
:107E30002AD12AD12AD12AD12AD122B022B022B0E5
:107E400022B0229022B02290229022902270229082
:107E500022702270226F226F226F1A4F1A6F1A6FD0
:107E60001A6F1A8F335333543354335433543354B7
:107E70003354335433343B343B343B543B543B5303
:107E80003B543B533B333B3233112AAF2A6E2A4DCE
:107E900021EB21AA19A921882147192618E518E5FF
:107EA00018E518E510E510C518E5190519051905B7
:107EB000190519051905190518E5190519051905F3
:107EC000190518E518E518E518E518C518E518E5C9
:107ED00018E518E518E518C518E510C418E518E503
:107EE00018E510E510C510E508E508E5112711882B
:107EF00019EA222B2A8C2A8B22CB1ACA1B4B4D1231
:107F00007EF98FDC8FFC8FFC97DB6E7633ED0A47B2
:107F1000016408E410C318C418C418C418C418C5F0
:107F200010C410E510E410E410E410E410E408E4D8
:107F300008E50905090509050905092511661187DF
:107F400009A711871187118719A721C721C829C837
:107F500021872187298729872987298729872987B1
:107F6000298721A729A729A829A829A829A829A8B4
:107F700029A829A821A721A7218719861967196689
:107F800019671987198611660945010400E400E4A0
:107F900000E408E410A410A410A410C410A418A4B1
:107FA00018A418A418A410A410A410A410A410C4F9
:107FB00010A410A408C400C408C408C408C408E578
:107FC0000905090511051105112519251925194658
:107FD000192619261926194619461926190519268A
:107FE0001125192511460905114719EA224C22AE1F
:107FF00022AF22AF2AAF2AAF22902290228F229066
:108000002270229022902270229022902290229020
:10801000229022B022902290229022702270227010
:1080200022702290229022701A70226F226F226F8B
:10803000226F226F226F226F226F226F1A6F1A6FC8
:10804000226F1A6F335433543354335433543354EC
:10805000335433543B543B543B543B543B543B53B9
:108060003B333B533B533B323B533B323B1132AFF1
:10807000326E2A2D2A2C320B29CA21882147190554
:10808000190518E518E518C518E518E518E518E507
:1080900018E518E518E518E518E518E518E518E5F8
:1080A00018E510C410C410C418E518C518E518E583
:1080B00018C518E518E518E518C518E518E518C538
:1080C00018C510C510C510E510E510E510E511261E
:1080D00019A82A0A326B328B2AAB228A12C92BEDDD
:1080E00066168FBB8FDC97FC97BB65F42B8B0A471A
:1080F000016408E310C418C418C418C518C510E5F5
:1081000010E410E51125090408E408E40905114606
:1081100009461187118719C71A08220822492A8A95
:1081200032CB3AEC42EC4B0C4B2D4B0C42CB326A2F
:1081300032492A09320931E93A0931E931C831C8ED
:1081400031E831E831E829E829E829E829E829C8AF
:1081500029C829E831E831E832092A092A082A0918
:108160002A0922082A292A2921E819A719C701045E
:10817000010400C408A408C410C410C410C410C46E
:1081800018C410A410A410C410C410C410C408A4AF
:1081900010E410E41946114611461966198719A70B
:1081A00019A721C821A729A729A829C829A829C80A
:1081B00029C829A829A829C829C829C829A829A7B8
:1081C00029C821C821C7198719A8220A2A8C2ACEB2
:1081D00022CE22AF228E228F228F1A8F1A8F226FE9
:1081E0001A6F226F226F2270226F226F226F226F0E
:1081F000226F226F226F226F226F226F226F226FF7
:10820000226F226F226F226F226F226F226F226FE6
:10821000226F226F226F226F226F226F226F226FD6
:10822000226F226F333433343334333433343334C2
:1082300033543B543B543B343B343B343B543B542E
:108240003B543B543B533B333B533B533B533B32FD
:1082500032F132AF328F326E2A2C29EA21A821471F
:108260001926190518E518C518E518E518E518E5E3
:1082700018C518E518C518C518E518E518E518E576
:1082800018E510C410C418E518E518C518E518E578
:1082900018E518E518E518E518C518E518E518E516
:1082A00018C518C410C410C410E510E510E5110578
:1082B000196729E9320A326B328B228A1A69230B39
:1082C0004D127F1997FC97FC8F7A5573230B0A0781
:1082D000096508E410C418C418C518E5110510E5AF
:1082E000090508E40904092509450945116621E83D
:1082F0002A492A692A4A3B0C4B6D5BEF6C7174B2B8
:108300007CF38D3595769D97A5D89DD76C523ACB49
:10831000324A320931E829672967296729672167C5
:10832000218721872187216721872187218721674D
:10833000216721872187218721A7218721C72A0833
:1083400032292A49328A42EC42EC3A8A2A492A29BD
:1083500011A61145110500C408C410C410C410C4EE
:1083600010C410A410A410C408C408C4110411053A
:10837000218629A729E729E82A0932493A6A3A8A4F
:108380003A8A326A324A32093209320931E931C84D
:1083900031C831C831C831E831E931E83209322910
:1083A000320932292A29326A324A2A6A2AAC22AD93
:1083B0002AEE22EF22CF228F1A8F228F1A6F1A6F86
:1083C0001A6F224F224F224F224F226F226F226FAD
:1083D000226F2270226F22702270226F226F226F12
:1083E000226F2270227022902270226F226F226EE2
:1083F000226F224E224E226E226F226F224E226E5A
:10840000226E226E3B343B343B343B343B343B34B2
:108410003B343B3433343B343B3433343B343B54D4
:108420003B543B543B533B333B333B333B33333382
:108430003B133AF132B032902A6E220C21A919670F
:10844000190618E518E518E518E518E518E518E522
:1084500018C518E518E518E510C510C410C410C4F7
:1084600018E510C410C418E518E518C518E518C5B6
:1084700018E518E518E518E518C518E518E518C554
:1084800018E518C518C418E410E518E518E5110535
:10849000198729C829E9322A2A4A22291A28126961
:1084A00033ED76769FFC9FFD8F394CD022EA120780
:1084B000094510E410C418C418E511051105090593
:1084C000090509250925098611C71A082A494B2CCF
:1084D0006C1074917CD39D75ADF8C6DBD73DDF5D24
:1084E000DF9DE79EEFBEEFBEEFDFDF9E7D143ACB50
:1084F0002A291966112510E510A410C410C410E42F
:1085000010E510E51105110518E51905190510E527
:1085100010E510E510E510E510E510E41105194629
:1085200029C82A494B4D8D35955684B37431536D06
:108530002A29220821C7092508C408E408E410E410
:1085400010C410C410C408C408E4114621862A08C7
:1085500042AA532D6BCF74307C5184B27C92534D20
:108560003A6A322929E829A721672167216621264D
:10857000212621262146214621462146218729C838
:1085800029C821C82A294B0D6C31749353D0334F1D
:108590002AEE22CF22D01A8F1A8F1A8F1A8F226FAB
:1085A000226F226F224F224F224F224F226F226FC3
:1085B000226F224F224F224F224F224F224F224F13
:1085C000224F224F224F224F226F226F224E224EE5
:1085D0001A4E1A4E1A2E1A4E1A4E224E1A2E1A4E93
:1085E0001A4E1A4E3B143B343B343B343B343B3441
:1085F0003B343B14333433343334333433343B344B
:10860000333333333B543B333B343B343B543B34C5
:108610003B343B133AF232F22AB0224D21EB21884F
:108620001946190518E518E518E418E518E518E5E0
:1086300018C518C518C518C418E510E518E518E5DB
:1086400010C418E518E518E518E518C518E518E58B
:1086500018E518E518E518E518C518E518C518C592
:1086600018C518C518C418C4110518E518E5110572
:10867000194621A829C829E92A0921E919E7122858
:108680001B0A55528F7AA7FD86D8446F1AA911C6C6
:10869000092410E410C418C418E410E408E400E449
:1086A0000925118619E71A2832CB53EF74F3ADD799
:1086B000CEFBE77EE75DEFBEF7DFFFFFFFFFFFFFCB
:1086C000FFFFFFFFFFFFFFFFF7FFD75D6C51226940
:1086D00019C7112510C410A410A410C410C410C4CC
:1086E00010C410C410C410C410C410C410C410C4EA
:1086F00010C410C418A410C410C408A410C410E4FA
:1087000021662A085BAFBE7AE7BFDF7ED75EB63947
:108710007C92536E3AEB2208092508C408E410E461
:1087200008E408E408A400A311252A0842CB6C1031
:1087300084D3A5F7D73CE77DE77DE7BECEDB743079
:108740002A0821A61946192510E510E510E510C4E0
:1087500010C410C410C410C410C410C410E51926ED
:108760001925196621E8536EAE38D79EAE9B5C730F
:10877000334F230F22F01A901A6E1A6E1A6E1A6E69
:10878000226E224E224F224F224F224F224E224F44
:10879000224F224F224F224F224F1A2F1A2F1A2FC9
:1087A0001A2F224E224F224F1A4F224E224E1A4E7D
:1087B000224E1A4E1A2D1A4E1A4E1A2E1A2E1A4ED2
:1087C0001A4E1A4E3B343B143B3433143B143B34A7
:1087D00033143B14333433343334333433343B3491
:1087E0003B343B3433343B343B343B343B343B3419
:1087F0003B343B143B14331332F12A8F222C19CA19
:108800001988190618E618C518C518E518C518E519
:1088100018C418C510C418C510E518E518E518E502
:1088200018E518E518E510C418E518C518E518E5A9
:1088300018E518E518E518C518C418E518E518E591
:1088400018C518C518C518C418E518C5190518E5C0
:1088500011052146218729C821A81987118611C72A
:1088600012483C0E7E98A7BC867733EE1227098506
:10887000090410E418C418C410C410E408E4010486
:10888000116622283ACB63EF8D34BEBAE7BEF7DF1C
:10889000FFFFFFFFFFFFFFFFFFFFFFFFFFFFFFFFE8
:1088A000FFFFFFFFFFFFFFFFEFFFB6794BAE1A4957
:1088B000098608E408C410C410C410C410C410C44D
:1088C00010C418C418E518E510C418E518E510C45C
:1088D00010C410C410C410C410C408A408A408E430
:1088E000192621E84B2DA5D7EFFFFFFFFFFFF7FF6C
:1088F000DF9DBEBA8D144B2C21E81166092508E5D1
:1089000008E408E50904094521C74AEB8CF3CEFBCE
:10891000E79EEFDFFFFFFFFFFFFFF7FFBE795B8DF5
:1089200021E71965190510E510C410C410A410A49E
:1089300010A410A410A408A408C408A408A408E45F
:1089400008E408E4198642ECAE39EFFFE7FFA63AE7
:108950004BF133501ACE1A8E124E1A4D124E1A4E39
:108960001A2E1A4E1A2E222E1A2F1A2F1A2F1A2F9B
:108970001A2F1A2F1A2F1A2F1A2E1A2E1A2E1A2EB3
:108980001A2E1A2E1A2E1A2E1A4E1A2E1A4E1A4E47
:108990001A4E1A2E1A4E1A2E222E1A2E222E222E3F
:1089A000222E222E3B343B343B3433143B343B34B5
:1089B0003B343B343B343B343B34333433343B344F
:1089C0003B343B343B343B343B343B343B343B342F
:1089D0003B343B3433343313331232F0226D1A0AF2
:1089E00019A9194721282127190610E510C418C410
:1089F00018E418C418C518E518E418E518E518C5F2
:108A000018E518E518E518E518E518C518E518E59E
:108A100018E518E518E518E518E518C418E510E597
:108A200018E518C518C518C518C518E5190518E5BD
:108A300018E52146298729A8298719461125118675
:108A400009E72B2B657396FA76162B8C09E60965D8
:108A5000090410E418C418C410E408E40904096502
:108A600021E7430C8D14CEDBEFBEF7FFFFFFFFFFC6
:108A7000FFFFFFFFFFFFFFFFFFFFFFFFFFFFFFFF06
:108A8000FFFFFFFFFFFFFFFFE7BE9DD7436D1249CA
:108A9000096608E408C410C410E410E410C418C443
:108AA00018C418E518C418E518E510C410C410C49B
:108AB00010C410C410C410A410A410C408A408C486
:108AC00008E419A73AAB8D34EFDFFFFFFFFFFFFF8C
:108AD000F7FFF7FFDF5D9D964B2D19E8094601056D
:108AE00008E508E4094521E842EB9D96E75DF7FFBC
:108AF000FFFFFFFFFFFFFFFFFFFFEFDF9DB63AEA3B
:108B000019A7112510E410C410C410C418A418A487
:108B100018A410C410C410C410C410C410C410E4AD
:108B200008E408E41966326A7CF3DF7EEFFFCF3E8B
:108B300074F53BD022EE126D124D1A4D1A4D1A4E9D
:108B40001A4E1A2E1A2F1A2E1A2F1A2F1A2F1A2FC0
:108B50001A4F1A2F1A2E1A2E1A2E1A2E1A2E1A2EB3
:108B60001A2E1A2E1A4E1A4E1A2E1A4E1A4E1A2E45
:108B70001A2E1A2E1A2E222E222E222E222E222E8D
:108B8000222E222E3B343B343B3433133B343B34D4
:108B90003B343B3433543B343B543B343B343B3425
:108BA0003B343B343B343B343B343B343B343B344D
:108BB0003B343B343B343B343B3333312ACF224CC0
:108BC000220B21AA21AA29892188192618E518C46F
:108BD00018C418E418E518E518E518E510C418E5F8
:108BE00018E518E518E518E518E518C418C518E5DE
:108BF00018E518E518E518C518E518E518E518E5AD
:108C000018E518E518C518C518C418E518E518E5DD
:108C10001905216629A829A72166192511251145BD
:108C20000986124843EE7E166D95234B09A6096509
:108C3000090410E418A410A410C408C4090519E715
:108C40004B2D9555D75DF7FFFFFFFFFFFFFFFFFFA0
:108C5000FFFFFFFFFFFFFFFFFFFFFFFFFFFFFFFF24
:108C6000FFFFFFFFFFFFFFFFE79E8D753B4C1A499B
:108C70001166090510C410E510E410E410C418C40E
:108C800010C410C410C418E518E510C410C410C4F2
:108C900010C410C410C410A410A410A408A408A3E5
:108CA00008A4116632AA7CF3E7BEFFFFFFFFFFFFB7
:108CB000F7FFF7FFFFFFDF5D84F4328A11A7092574
:108CC00001040104116632AA7471D75CF7FFFFFF3B
:108CD000FFFFFFFFFFFFFFFFFFFFE7BE8D1332899E
:108CE00011A6110510E410C410C410C418C418C48F
:108CF00018C418C410C418E418E518E518C510E520
:108D000008E408E411452A496430C6FBF7FFDFBFD9
:108D10007D35336F22EE126C126D1A4D1A6E1A4E9B
:108D20001A4E1A2E1A2F1A2F1A2F1A2E1A2E1A2EE0
:108D30001A2E1A2E1A4E1A2E1A2E222E1A2E1A2ECB
:108D40001A2E222E1A2E1A2E1A2E1A4E1A2E1A2EBB
:108D50001A2E1A2E1A2E1A2E222E222E224E222E93
:108D6000222E222E3B343B343B34333333333333E4
:108D7000333333333B3433343334333433343334B5
:108D80003334333433343B343B343B343B343B3483
:108D90003B343B343B343B543334333233312ACFCE
:108DA0002A6E2A4D320D320C31EA298821471905E5
:108DB00018E518E418E518E518E518E518E518E5CC
:108DC00018E518E518E518E518E518C518E518E5DB
:108DD00018E518E518E518E518E518E518E518E5AB
:108DE00018C518E518E518C518C518E518E51926B9
:108DF000216731C831C82166190510E410C408E4A0
:108E0000092509A622EB54914C3022CA09A609650E
:108E1000090410E410C410A410E5110521C742CBC9
:108E20007C92CF1CFFFFFFFFFFFFFFFFFFFFFFFF55
:108E3000FFFFFFFFFFFFFFFFFFFFFFFFFFFFFFFF42
:108E4000FFFFFFFFFFFFFFFFE79E8514330B122894
:108E50000945090410E410E510C410E410C418C456
:108E600010A410C410C410C410C410C410C410C482
:108E700010C418C518C418A418A4108410A408A4F9
:108E800008C411662AAA7492D77DF7FFFFFFFFFF7F
:108E9000FFFFFFFFFFFFF7FFC69A5BCF19E8012531
:108EA0000104014511C6432CAE38EFFFF7FFFFFF69
:108EB000FFFFFFFFFFFFFFFFFFFFE79E84D232A906
:108EC00019C7090410E410E510E518E518C518E500
:108ED00018C518E518E518E518C518E518C518E50A
:108EE00010C408E419662A4963EFC6DAF7FFE7DF22
:108EF00085553B8F22ED124C124D124D1A4E1A4ED3
:108F00001A2E1A2E1A2F1A2F222F1A2E1A2E1A2E16
:108F10001A2E1A4E1A4E1A4E1A2E222E1A2E222EA1
:108F2000222E1A2E1A0E1A2E1A2E1A2E1A2E1A2E19
:108F30001A2E1A2E222E222E222E224E222E222EA1
:108F4000222E222E3B343B343B3433343B343B34EF
:108F50003B343B3433543354335433543354335409
:108F60003354335433543B343B343B343B343B3441
:108F70003B343B343B343354335433333332331187
:108F800032D032B03290326F322B29CA2188190682
:108F900018E518E518E519051905190518E5190565
:108FA00018E518E518E5190518E518C518E518E5D8
:108FB00018E518E518E518E518E518C518E518C509
:108FC00018E518C518E518E518E518E51905298705
:108FD00031C831E92987190510C410C418A410C478
:108FE000090509651A2832EB2ACB1A2811A6114562
:108FF00010E410E518C510C4110511462A095B8E4E
:10900000B618EFDFFFFFFFFFFFFFFFFFFFFFFFFFD0
:10901000FFFFFFFFFFFFFFFFFFFFFFFFFFFFFFFF60
:10902000FFFFFFFFFFFFFFFFE79E8514330B1208D2
:10903000012508E410E410C410C410C418E418C4D6
:1090400010C410C410C410C410C410C410C410C480
:1090500010C410C418C418A418A410A410A410C4D8
:1090600008C41187328A6C91CF5CF7FFFFFFFFFFC6
:10907000FFFFFFFFFFFFFFFFE79E9555328A09863E
:10908000012401451227436DB699FFFFFFFFFFFF43
:10909000FFFFFFFFFFFFFFFFFFFFE79E7CD22A8954
:1090A00019C7090408E410E518E518E518C518E51E
:1090B00018E518E518E518E518C518C518E518E508
:1090C00010C408E419662A4963EFC6DAF7FFE7DE41
:1090D00085553B8F22ED126C124D122D122D120D63
:1090E000122E1A2E1A0E1A2F1A2F1A2E1A2E1A2E66
:1090F000222E222E222E222E1A4D1A2E1A2E1A2EF1
:10910000222E1A2E1A2E1A2E1A2E1A4E1A2E1A2EF7
:10911000222E1A2D1A2E222E222E222E222E222EE0
:10912000222E222E3B543B543B543B543B343B3485
:109130003B343B33333433343334333433343354C8
:109140003354335433543B343B343B343B343B345F
:109150003B343B343334335433543334333333328A
:1091600033123AF13AF23AD1326E2A0C21A921682F
:10917000192610E518E51905190518E518E518E58B
:1091800018E518E518E518E518E518C518E518E517
:1091900018E518E518E518E518E518C518C518C547
:1091A00018E518E510C410E510C410E5190529A844
:1091B00031C829A8214618E518E510C418A410C420
:1091C00010E4092511662208222919E719861125BC
:1091D00010E410E418E510C410E411462A2963CF06
:1091E000C6BBF7FFFFFFFFFFFFFFFFFFFFFFFFFF14
:1091F000FFFFFFFFFFFFFFFFFFFFFFFFFFFFFFFF7F
:10920000FFFFFFFFFFFFFFFFE79E85132ACB12083A
:10921000092508E410E410E510C410E510C518C5D0
:1092200018C518E510E510C410C410C410C410C44B
:1092300010C410A410A410A410A410C510C410E4ED
:1092400008E41186328A6C51C6DAF7FFFFFFFFFF90
:10925000FFFFFFFFFFFFFFFFF7FFB659430C11E7CA
:10926000014401851A684BADBE99FFFFFFFFFFFF68
:10927000FFFFFFFFFFFFFFFEFFFFE79E7CD232A94B
:109280001A07010408E410E510E510E518C518E513
:1092900018C518C410C418E518C418C518E510C4BA
:1092A00010E508E411462A295BEFC6BAF7FFE7BECE
:1092B0008D963B8F22ED126C124D124D122D122DF8
:1092C000122E1A2E1A0E1A0F1A0E1A2E222E1A2EBD
:1092D0001A2E1A2E1A2E1A2D1A2D1A0E1A0E1A0EB0
:1092E0001A2E1A0D1A0D1A0D1A0E1A2D1A2D1A2DC4
:1092F0001A2D1A0D1A0D220D220D222E222E222E8B
:10930000222E222E33543B543354335433333333CD
:1093100033333333333433343334333433343354F7
:109320003354335433343354335433543354335425
:109330003354335433543334335433343333333377
:10934000333333133B133B1232AF2A2D21CB21A9E8
:10935000218819261906190518E518E510C418E51D
:1093600018E518E518E518E518E518C518E518E535
:1093700018E518E518E518E518E518C518C518E545
:1093800018E518E510E510C410E41905216731C986
:1093900029A82146190510C518E518C418C410C419
:1093A00010E40904112521A72A092A082187192573
:1093B00010E410C410E510E4090511662A296C11A7
:1093C000CF1CFFFFFFFFFFFFFFFFFFFFFFFFFFFFC0
:1093D000FFFFFFFFFFFFFFFFFFFFFFFFFFFFFFFF9D
:1093E000FFFFFFFFFFFFFFFFE7BE851432EB120810
:1093F000094508E410E418E510E510E418C418C4A1
:1094000018C418E518E510C410C410C410C410C462
:1094100010C410A410A408A410A410C410C408C43C
:1094200008E411662A8A6430BEFAF7FFFFFFFFFFE7
:10943000FFFFFFFFFFFFFFFFF7FFBE79432C11C6C1
:10944000014401A522885BEEC6BAFFFFFFFFFFFFC4
:10945000FFFFFFFFFFFFFFFFFFFFE79E7CB22AA990
:109460002228092510E410E510E518E518C518C4F0
:1094700018A410A410C418C518C518C518E510C440
:1094800010E408E411662A4963EFC6BAF7FFE7DF84
:109490009DB7438F22CD126D124D124D122D122EFB
:1094A000122E1A0E1A0E1A0F1A0E1A0E1A0E1A2E43
:1094B0001A0E1A0D1A2D1A0D1A2D1A0D1A0D1A0D33
:1094C0001A0D1A0D1A0D1A0D1A0D1A2D1A0D1A0D44
:1094D0001A0D1A0D1A0D1A0D1A0D220D220D220D3C
:1094E000220D220D3B543B543B543B5433333354F5
:1094F000335433543354333433343B3433543334AC
:109500003334333433343334333433343334333423
:1095100033343334335433343B33335433343354AC
:10952000333433333B343B1332D12A6E220D29EBD3
:1095300029EA29A82167192618E518E518E518E58C
:1095400018E518E518E518E518E518E518E518C553
:1095500018C518E518C518C518E518C518C518E5C3
:1095600018E518E510E510E41125216731C831C868
:109570002167190518E518C410C418C418E510C4EB
:1095800010E410E41125216631E831E8216619055F
:1095900010E518E410E510E4090511862A4A7472F2
:1095A000D73CF7FFFFFFFFFFFFFFFFFFFFFFFFFFBE
:1095B000FFFFFFFFFFFFFFFFFFFFFFFFFFFFFFFFBB
:1095C000FFFFFFFFFFFFFFFFE79E851432EB12084E
:1095D000094508E410E518C410E510E518E518C5BC
:1095E00018C518E518E518E510C410C410C410C457
:1095F00010C410C410C410A410C408C408C408E4E3
:1096000008E411662A696410BEDAF7FFFFFFFFFF66
:10961000FFFFFFDFFFFEFFFFFFFFBE794B0C11C610
:10962000016401A51A6853CEBE9AFFFFFFFFFFFF3A
:10963000FFFFFFFFFFFFFFDFFFFFE7BE8D3432CAF2
:109640002A49096508C410C410C410C418C418C439
:1096500018A410A410C418E518C518C518E410E41F
:1096600008E400E411662A4963F0C6BAFFFFEFDFA1
:109670009DB7436F22CE1A8D124D124D122D120D31
:10968000120E120E120E1A0F120E1A0E1A0E1A0EB9
:109690001A0E1A0D1A0E1A2D1A2D1A0D1A0D1A0D50
:1096A0001A0D1A0D1A0D1A0D1A0D1A0D1A0D1A0D82
:1096B0001A0D1A0D220D222D220D220D220D220D22
:1096C000220D220D3B543B543B543B543333333433
:1096D0003334333333343334333433343334333453
:1096E0003334333433343333333433343334333443
:1096F00033333334333433333333335433543354D5
:10970000335433333314331332F22AB02A6E222DFA
:109710002A0B29EA21A8194718E518E518E518C504
:1097200018C518C418C418C518C518E518C518E513
:1097300018E518E518E518E518E518C518C518C5A1
:1097400018E510C510E510E4194629C831C829A844
:10975000192610E518E410E518C518C518E410E539
:1097600010E410E41105216631E831C8216619259D
:1097700018E518C410E510E511051966324A7CB2E7
:10978000DF7DFFFFFFFFFFFFFFFFFFFFFFFFFFFF8B
:10979000FFFFFFFFFFFFFFFFFFFFFFFFFFFFFFFFD9
:1097A000FFFFFFFFFFFFFFFFE7BE95753B2D12296F
:1097B000094508E410E518E518E518E518C518C5C9
:1097C00018E518E518E518C518E510C410C410C44C
:1097D00010A410C410C410A410C410C408C408E419
:1097E00008E409452A496C51CF3CF7FFFFFFFFFF12
:1097F000FFFFFFFFFFFFFFFFF7FFB659432C11A646
:10980000014401651A47432CA5B6F7FFFFFFFFFF90
:10981000FFFFFFFFFFFFFFFFFFFFF7FFB658538D6E
:109820002A69118608E410A410A410C418C518C42D
:1098300010C410A410C410C410A410C410C410E4A8
:1098400008E400E411662A4963F0C6BAF7FFEFFFA7
:109850009DD73B4F1AAD126D124E124D122D122E86
:10986000122E120E1A0E1A0E1A0E1A0E1A0E1A0EA8
:10987000220E220E1A2E1A2E1A2E1A0D220E220D2A
:10988000220D220E220D220D1A0D1A0D1A0D1A0D7F
:109890001A0D1A0D220D220D220D21ED1A0D1A0D91
:1098A0001A0D1A0D3354335433543B543334333478
:1098B000333433343B3433543354335433543334E8
:1098C0003354335433343334333433343334333321
:1098D0003333333333333334335433543334333314
:1098E0003333333433343333331232F12AD02AAFA3
:1098F000224C220B29EA194718E618C518E518C5A5
:1099000018C418C418C418E518C518C610C518E539
:1099100010E410E510E510E510C518E518E518E5A8
:1099200010E510E510E410E52187320929C8216609
:10993000190510E418E518E518C518E518C518E567
:1099400010C410C410E5216631E829C82167192523
:1099500010E518C518E510C411051966324974716F
:10996000D75CFFFFFFFFFFFFFFFFFFFFFFFFFFFFD2
:10997000FFFFFFFFFFFFFFFFFFFFFFFFFFFFFFFFF7
:10998000FFFFFFFFFFFFFFFFF7DFAE3953AF1A29DD
:1099900011660904110510C418E518C518C518C4C6
:1099A00018E518C518C518C518C518C518C418C4B1
:1099B00018A410C410C410C410C410C408C408C42F
:1099C00008C4096522697C91E77DFFFFFFDFFFFF87
:1099D000FFFFFFFFFFFFFFFFE7BE95B53B0B11C683
:1099E0000144014409A52A685BCEBE79F7DFFFFF79
:1099F000FFFFF7DFFFFFFFFFFFDFFFFFDF7D74717A
:109A0000326A19A7090410A410A418E518E510C5B6
:109A100010C510A510A510A410A410A410C410C443
:109A200010E408E4114532497451CF3CF7FFE7FFD9
:109A300095D83B4E1AAD128D0A4D124E124E122E73
:109A4000122E122E1A2E1A2E1A2E1A4E1A2E220EDE
:109A5000220E220E222E222E1A2E222E220E220E0E
:109A6000220E220E220E220D220D220D220D220D7B
:109A7000220D19ED19EC19ED19ED19EC1A0C1A0C4F
:109A80001A0C1A0C3B543B543B543B543334333480
:109A900033343334335433543354335433543334EE
:109AA0003354335433343334333333343334333340
:109AB0003333333333133334333433343333333492
:109AC00033343334333433333B323312331132F1E2
:109AD0002AAE224C2A0B1968190618E618E518E573
:109AE00018E518E418C418E518E518E518E510E5B8
:109AF00018E418E418E510C418C518E518C518E5E9
:109B000010E510E510E5192629C829E8218719254F
:109B100010E510C418E518E518C518C518C518E5EE
:109B200010C410C410E5216631C829C82166190582
:109B300010C418C518E510C410E519662A29641068
:109B4000CEFBF7FFFFFFFFFFFFFFFFFFFFFFFFFF62
:109B5000FFFFFFFFFFFFFFFFFFFFFFFFFFFFFFFF15
:109B6000FFFFFFFFFFFFFFFFFFFFCF1C5C31224A1B
:109B700011860904110510E518E518C518C518C5A2
:109B800018E518E518E518E518E518C518C418A46F
:109B900010A418A410C410C410C410C408E408C44D
:109BA00008E40965328A8D13EFBEFFFFFFFFFFFF58
:109BB000FFFFFFFFFFFFEFFFAE3853CE226809A67D
:109BC00001240124014411C62A696C10B638DF3C17
:109BD000EFBEFFFFF7FFFFFFF7FFF7FFE7DF95554A
:109BE0004B0C2208196619051905190518E518E521
:109BF00018E510C518C510C510C410C510C410E470
:109C000011051125196632498D34E7FFEFFFD75D45
:109C100074D4330E1ACD128D128E128E126F1A6FEB
:109C20001A4F1A4F1A6F226F226F226F226F224F24
:109C30002A4F2A6F224F224F224F224F224F224F6C
:109C4000222E222E222E220E222E222E222D220DD6
:109C50001A0D1A0D1A0D220D220D220D1A2D1A2D74
:109C60001A2D220D3B543B543B543B543334333474
:109C7000333433343354335433543354335433340C
:109C80003334335433543333333333333333333361
:109C90003333333333333333333433343333333491
:109CA0003334333433343333331233123312331106
:109CB00032D02A6E2A2C21CA216821471927194738
:109CC000192619261905190510E518E518E418E4F0
:109CD00018E418E418C518C518C518E518C518E51E
:109CE00010E510E51926298729A82187192610E5EE
:109CF00010E510C418E518E518C518C518C518E50D
:109D000010C410C410E5214629C829A819661905F0
:109D100010C418C518C510C410E5114621C84B4D14
:109D2000B659EFFFFFFFFFFFFFFFFFFFFFFFFFFF42
:109D3000FFFFFFFFFFFFFFFFFFFFFFFFFFFFFFFF33
:109D4000FFFFFFFFFFFFFFFFFFFFD75D6C712A6A78
:109D500019A7090508E410E510E518C518C518C5C8
:109D600018E518E518E518E518E518E510C410C45D
:109D700010A410C410A410A410C410C408E408C493
:109D800010E419C73AAB9534EFBEFFFFFFFFF7FFB2
:109D9000FFFFF7FFDF7DA5F75BEF328919E6096565
:109DA000010301240124094419C63249536D84B2C8
:109DB0009DB6B679C6DACF3CE7DEEFFFEFFFB679A6
:109DC0005BAF2A492A092987216721672167216713
:109DD0002147214721472146192621462146214670
:109DE0001966198721C72A497471BE9AAE598D35F3
:109DF0004B6F2AED22CE1AEF1ACF1AD01AD022D1E9
:109E000022D122D12AD12AD12AD02AB12AB02A900D
:109E10002A902A902A90226F226F2270224F224F7E
:109E2000224F224F222E222E224E222E222E222E50
:109E30001A0E1A0E1A2E1A0D1A0D1A0D1A0D1A0DC7
:109E4000120D1A0D3B543B543B543B543354335482
:109E500033543354335433543354335433543334EA
:109E6000333433343354335333333333333333337F
:109E700033333333333333333334333433333334AF
:109E800033343334333433333333331233323312E2
:109E90003B112AAF2A6E2A2C29EA21C921A921A91E
:109EA00021A9218821871946190518C518E418E445
:109EB00018E418C518E418C518C518E518C518E53C
:109EC00010C41926298731E829A72146190510E56C
:109ED00010E510E418E518E518C518C518C518E50B
:109EE00010C410C410E5214629C829A71946110538
:109EF00010C418C518E518E5110510E411662A49C3
:109F00007C92CEFCF7FFFFFFFFFFFFFFFFFFFFFF8D
:109F1000FFFFFFFFFFFFFFFFFFFFFFFFFFFFFFFF51
:109F2000FFFFFFFFFFFFFFFFFFFFDF9E84F442EC18
:109F30002A291146090510E510E518E518E510E590
:109F400018C518C518E518E518E510E510C410C4C3
:109F500010A410A410C408A408C408A408C408A429
:109F6000110521C7534DB639F7FFF7FFF7FFF7FF8C
:109F7000EF9EBE7984F3536D2A6911C609650124E9
:109F80000104010400E301040945198621E73A8927
:109F900042EB4B2C5BEE6C7085138D548D557471B8
:109FA0004B0C3A6A322939E931C831C831C931C953
:109FB00031C931A831A829C829A829C831E931C82F
:109FC00029E82A0822082A493AAB534E4B2E3AED8B
:109FD00032CD330F22CF231022F022F122F12B12A7
:109FE0002AF22AF22AF22AD12AF132F22AF12AD1CD
:109FF0002AB12AD12AB12AB12AB12A902A902A90CC
:10A000002A902290226F226F226F228F226F224F7E
:10A01000224F224F224F224F224F224F1A4E1A4ECA
:10A020001A4E1A4E33543354335433543354335436
:10A0300033543334335433543354333433543B5420
:10A040003B74335433343333333333333333333375
:10A0500033333333333333333313333433343334ED
:10A0600033343334333433333333333333333333BD
:10A070003B33331232D032AF328D2A2C220B21EBFC
:10A0800021EB21CA21A92188194718E518E418E411
:10A0900018E418E518C518E518E518E518E510C422
:10A0A0001905214629A831C821871925110510E471
:10A0B00010E410C518E518E518C518C518E518C44A
:10A0C00010C410C410C4192529A829A8196611059F
:10A0D00010E518E518E510C408C408E4092519C8F6
:10A0E0003AAB7C93C69BF7DFFFFFFFFFFFFFFFFF4D
:10A0F000FFFFFFFFFFFFFFFFFFFFFFFFFFFFFFFF70
:10A10000FFFFFFFFFFFFFFFFFFFFEFDFB63863CF6B
:10A11000328A21C7112510E410E410C418E418E4B1
:10A1200018E518E510C410C410C410C410C410C43D
:10A1300010C410E410E410E51105110510E4110538
:10A14000194629C86C10DF5DF7FFE7BEC69AA5D691
:10A150008CD363AF42CA2A2819A6092509240924E9
:10A1600008E408E400E400C408E408C30905114554
:10A1700019C62228222822682A682A482A482A49F9
:10A1800032293209320931C831E931E931E929A8E6
:10A1900029A82988298829A829A829A829A829C857
:10A1A00021C821C821C821E829E821E92209220A79
:10A1B0002A8C32EE2AF02AF02AF12AF12AF22AF227
:10A1C0002AF32AF32AF22AF22AF232F23312331253
:10A1D0002B122AF22AD22AD232D22AD12AD12AD139
:10A1E00032D12AD12AD12AD12AD12AB12A912A9030
:10A1F0002A902A90229022902290227022902290DF
:10A200002270226F333433343334333433333334C2
:10A2100033343334333433333354333333333354C9
:10A220003B543B543354333333333333333333338B
:10A2300033333333333333333333333433343334EB
:10A2400033343334333433343333333333343333D9
:10A25000333333323B323B113B1032AF2A8F2A4E1D
:10A260002A2D2A0C21EB21EA21A92147190610E504
:10A2700010C510C418C418E518C518C418C518E5C9
:10A280001905298731C82987192510E410E410C45D
:10A2900010E410C418E518E518C518E518E518C449
:10A2A00010C410C410C4192529C829A7196611059E
:10A2B00010E518E518E518E510E408E4090511A70C
:10A2C00021E83A8A63D09535BE59D71CEFFFF7FFD6
:10A2D000FFFFF7FFF7FFF7FFF7FFF7FFF7FFF7FFC6
:10A2E000F7FFF7FFF7FFF7FFF7FFF7FFDF9E7CD3DE
:10A2F0003AEB2A2921C819661125190519051905EE
:10A300002126212619051905190519261946196648
:10A3100021872166218721A7298729A721A729C865
:10A3200032293209532D8CF4953584B25B8E3A8AEA
:10A33000322929E821A71946112508E408E408C4B0
:10A3400010E410E408C408E408E408C408C300C327
:10A3500000E4092409650985118511651145194530
:10A360001966194619462126214621462146190516
:10A3700010E610E510E5110610E619061906192673
:10A38000192611261146114611261146198719C999
:10A390002A6C32EE32F02AF02AF12AF22B122AF33A
:10A3A0002AF32B132B132B132B132B1333132B13D6
:10A3B0002B132AF32AF22AD22AF232F3331232F280
:10A3C00032F232F232F232F232F232F232D22AB2D5
:10A3D0002AB232D232D22AB22AB22AB12AB12A9170
:10A3E0002A91229133343334333433343334333495
:10A3F00033343334333433333333335433543354C7
:10A400003B543333333333333333333433333333F2
:10A41000333333333333333333133334333433332A
:10A420003333333333333333333433333314333419
:10A430003333333333333312331132F132F232B137
:10A4400032902A6F2A2D220C21CA2189192710E661
:10A4500010C510E510C518C518C510C518C51905D3
:10A46000214629A829C8216610E408E410C410C4B4
:10A4700010E418E518E518E518C518E518C518E53D
:10A4800018E510C410E4192529A829C82187190541
:10A4900010C418E518C510C410E408E409051145F6
:10A4A00019862A08324A42CC5B6E74518D359D96CE
:10A4B000A5D7AE18AE38AE39AE39AE59B69AB69AFF
:10A4C000B6BAB69AB69AB69AB6BAB6DBA6386C9150
:10A4D0003AEB328A324A322931E931C829A829A710
:10A4E0002987318831A829A729A729A829C829C8D7
:10A4F00029E831E831E932093209320932093229D1
:10A500003A293229322932493A69324929E821C7A0
:10A5100021A71146110510E510C410C410E410E481
:10A5200010C410C410C410C410C410A408A408C4DB
:10A5300008C400C300E400E400E400C400A300A3D6
:10A5400008C408E410C410C410C410E410C510C43A
:10A5500008A508A410A408C410A510C510C510C5EE
:10A5600010C508E508E508E510E508E509051167E7
:10A5700019EA328D32D032D02AD12AF232F332F3B4
:10A5800032F332F332F32AF32AF32B132B132B1368
:10A590002B332B132AF32AF32AD332F332F232F27B
:10A5A00032D232F232F232F232F232D232D232B22B
:10A5B00032B232D232D232B232B22AB22AB22AB253
:10A5C0002AB22AB233343334333433343334333469
:10A5D00033343334333433543B54333333333333FE
:10A5E0003333333333333334333433343334333436
:10A5F0003334333333343333333333343334333327
:10A60000333333333333333333332B342B14331467
:10A6100033143333333333323B33331333133AF39B
:10A620003AD332B12A8F222D21CB21AA21691927B1
:10A63000110610E510E510E510C510C418C4212658
:10A6400029A831C82987192610E410E510E410E480
:10A6500010E410E518E518E518C518C518E518C583
:10A6600018E510E510E5190529A731E829A71925EE
:10A6700010C418C410C410A410E408E408E40924A9
:10A680001145116619C8220922082A49328A32CB9B
:10A690003B2C434D434D434D436D436D438E4BAE79
:10A6A0004BAE4BAE4BAE4BAE4BAE438E438D330BEE
:10A6B0002A6A328A2A2932293A093A0931E931E9E2
:10A6C00031E939C931C831C831E931E929E829E826
:10A6D00029E829A829C829C829A829C829C829E8F2
:10A6E00029C829C821A719661986196511450905C0
:10A6F000112510E510E510E510C418E510C410C4CC
:10A7000010C410A410A410A410C410C410C410C409
:10A7100008C408C408E408E408E408C408C308C47A
:10A7200010C410C410E410C410C410C410E510C448
:10A7300008C408A408C410C510C510A510A510A40D
:10A7400010C408C408E408C408C408C409051126D4
:10A7500019E92A8D32AF32D032D132D232F332F30C
:10A7600032F332F332F332F332F32B132B132B1376
:10A7700023132AF32AF32AD32AF332D332D332D340
:10A7800032F232D232D232D232D232D332D232D288
:10A7900032D332D332B232D232D332D332D332D3B3
:10A7A00032D332D33333333333333333333333333B
:10A7B0003333333333343334333433343333333365
:10A7C0003334333333333334333433333333331376
:10A7D000331333132B1333333333333333333333B1
:10A7E0003333333333333333333333333313331379
:10A7F0003313333333333333333433333313331388
:10A8000033133AF232F22A902A6F2A2C220C21CAF0
:10A810002188196719051105110510C410C4216696
:10A8200031C831A8214610E518E510E510E410E420
:10A8300010C410C418E518E518E518E518C518C5C2
:10A8400018E510E510E51905218731E831C81946EA
:10A8500010C418C418C410C410C410C410E410E408
:10A86000110511050925116711861186118611C779
:10A8700011A711A711A711A711A711A709A709C708
:10A8800009C709C709C709C709C709C709E709C728
:10A8900011A711A719A719872167216729672967B8
:10A8A00029672967214621462146216621462146FE
:10A8B000214619261905190518E51905190519055F
:10A8C0001905192519051105110510E410E510E504
:10A8D00010E410C410A410C410C410C410A410A418
:10A8E00010A4088310C510A410C410C410C410A470
:10A8F00010A410C410C410C410C408A408A410C428
:10A9000010C410E410E410E510C410C410C510C544
:10A9100010C510C510C510C518C510A510A510C5C7
:10A9200010C510C510C510C510C510C510E51947D4
:10A9300021EA326D2A8F2AB12AD232D232F332F38F
:10A9400032D332D332F332D332F32AF32AF32AF357
:10A950002AF32AF32AF32AF32AF332D232D232D359
:10A9600032D332D332D332D332D232D232B232D2E3
:10A9700032D232D232D232D232D232D232D232D2B7
:10A9800032D232D23333333333333333333333335B
:10A9900033333313333433343334333433343334A1
:10A9A00033343333333333333334331333133313D5
:10A9B0003313333333333334333333333333333386
:10A9C0003333333333333333333333343333333356
:10A9D00033133334333333333334333433133313A4
:10A9E00033133B123B1332F232D02A8F2A6E2A2CB9
:10A9F00029EA21E92188216619261905192629A89D
:10AA000031C82967190510C418E510C410E510C431
:10AA100010C410C418E518E518E518E518C518C5E0
:10AA200018E510E519051925216729E831E821679E
:10AA300018E510C418C418C518C410C410E510E4F3
:10AA400010E4110509050904090509250925012551
:10AA500001250125012501250125012501250125C6
:10AA60000145012501250125012501450145014536
:10AA700009450925092511051105190518E520E5E0
:10AA800018E518E418E518E510C410C410E510E442
:10AA900010C410A410A410C410C410C410C410C456
:10AAA00010C410E410E410E418E410C410E410E43E
:10AAB00010E410C410A410C410A410A410C410A456
:10AAC00010A410A410C410C410A410A410A410A4A6
:10AAD00010A410A410C410A410C410A410A410C476
:10AAE00010C418E518E510C510C510C410A510C590
:10AAF00010A510C510C510C510C510C510C510A5EE
:10AB000010A510A410A410C510A510C510E5196754
:10AB100029EA328D328F32D132D232D232D332F36D
:10AB200032D332D332D332D232D22AF32AF32AF3B7
:10AB30002AF32AF32AF32AF32AF332B232D232D298
:10AB400032D332D332D332D332D332B232D232B220
:10AB500032B232B232D232B22AD232D232D232D33C
:10AB600032D332D333333333333333333333333377
:10AB700033333333333333333333333333333334A4
:10AB800033343333333333343334331333133333D2
:10AB900033332B333333333333333333333333338D
:10ABA0003333333333333333333333343313333394
:10ABB00033133334333433333333333433333313A2
:10ABC00033133313331232F232F232D132B0328FC6
:10ABD0002A6D2A2C2A0A29C92188218729A731E927
:10ABE00029A8190510C410C418E510C410C410E534
:10ABF00010C410E518E518E518E518E518E518C5BE
:10AC000018E510E5190511051926218731E829876E
:10AC1000190510E518C418C518C418E510C510E4C6
:10AC200010E510E510E508E409040905090501052A
:10AC300001050105010501050105010501050105E4
:10AC400001050105010501050104010401040104D8
:10AC500008E408E408C408E410C410C410C410C414
:10AC600010C418C410C410C410C410A410C410C45C
:10AC700010A410C410C410C410A410A410A410C4B4
:10AC800010C410A410C410C418E410C410C410C41C
:10AC900010C410C410C410A410A410A410A410A4B4
:10ACA00010A410A410C418A410C410A410C410C47C
:10ACB00010C410A410A410A410A410A410A410C4B4
:10ACC00010C410C418C410C410C410C410A410A51B
:10ACD00010A510C510C510A510A510A410A510A48E
:10ACE00010A410A410A410A510A510C5110521884A
:10ACF0002A0A328D328F32D132D232D232D332D38B
:10AD000032D332D332D332D232D22AF32AF32AF3D5
:10AD10002AD32AF22AF22AF22AD232B232B232B23A
:10AD200032D332D232D232D232D232B232D232D222
:10AD300032B232B22AB232D232D232D232D232D25B
:10AD400032D232D233333333333333333333333397
:10AD500033333333333333333333333333333334C2
:10AD600033343313333333343334331333333334EF
:10AD700033333334333433333333333433333333A0
:10AD800033333333333333333333333433133313D2
:10AD900033133334333433343333333433333313BF
:10ADA0003333333333133B13331232F232F132D0B5
:10ADB00032AF328E324C2A0B29EA29C831C831E928
:10ADC000216710E510C518E518E510E510E510E459
:10ADD00010E518E518E518E518E518E518E518C5B3
:10ADE00018E510E510E519051105218729E829A7BF
:10ADF000192510C410E518E518E518E518E518E55B
:10AE000018E518E510E510E410E510E510E408E594
:10AE100009050905090508E508E508E508E508E567
:10AE200008E508E508E508E5090508E408E408E49C
:10AE300010C408A408A410C410C410C410C410C4C2
:10AE400010C418C418C410C410C410C410C410C452
:10AE500010C410C410A410A410A4088310A410A43B
:10AE600010A410A410A410A410A418C410A410A41A
:10AE700010A410A410A410A410A410A410A410A432
:10AE800010A410A410C410C410C410C410C410C462
:10AE900010C410C410A410A410A410A410A410C4B2
:10AEA00010C410C410C418C410A410A410C510A459
:10AEB00010A510A510A510A510A410A410C410A4CE
:10AEC00010A510A410A410A410A410C41905218862
:10AED0002A0A326D2A8E32D032D232D232D232D3D4
:10AEE00032D332D332D332D232D232D332D332D33C
:10AEF00032D332D232D22AD232D32AB232D232D260
:10AF000032D232D232D232D232D232B232B232B281
:10AF100032B232B232D232B22AD22AD232B232D2A1
:10AF200032D232D2333333333333333333333333B5
:10AF300033333333333333333333333333333333E1
:10AF400033333333333333333334333333333334CF
:10AF500033343334333433333333333333333333BE
:10AF600033333333333333333333333433333333B0
:10AF7000333333343333333433343333333333339E
:10AF8000333333133333331333133313331332F273
:10AF900032F132D0328F324C2A0B29E831E929A81C
:10AFA000190610E510E518E518E518E510E518E5AF
:10AFB00018E518E518E518E518C518C518E518C509
:10AFC00018E510E510E510E51105218729E829C8E5
:10AFD000192510E510E518E518E518E518C518C598
:10AFE00018E518E518E518E510E510E510E510E599
:10AFF00010E510E510E510E510E510E510E510E5A9
:10B0000010C510C510C510C510C410C410C408C4A4
:10B0100010A410A4108410A410A410A410C410C470
:10B0200010A410A410A410C410C410C410C410E5BF
:10B0300010C418C510C410A410C410A410A410A4E7
:10B0400010A410A310A410A410A410A410A410A461
:10B0500010A410A410A410A410A410A410A410A450
:10B0600010A410A410A410A410A410A410C410C400
:10B0700010C410C410A410A410A410A410A410A4F0
:10B0800010A410A410A410A410C410C410C410A4C0
:10B0900010A410A510A510A410A410A410C410C4CE
:10B0A00010C410C410C410C410A410C41905218801
:10B0B000322B326D2A8F32D032D232D232D232D3C8
:10B0C00032D332D332D332D232D232D232D232D25D
:10B0D00032D232D232D232D232D22AB232D232D278
:10B0E00032D232D232D232D22AD232B232B232B2A8
:10B0F0002AB232B232D232B22AD22AD232B232B2E8
:10B1000032B232B233333333333333333333333313
:10B1100033333333333433343334333433333334FA
:10B1200033343334333433333333333333333333EC
:10B1300033133334333333333333333333333333FE
:10B1400033333333333333333333333433343334CC
:10B1500033343334333433343333333333333333BB
:10B16000331333133313333333333333331333134F
:10B17000333233113AF0328E2A2B31E929C819675C
:10B18000110510E518E518E518C518E518E518E5E6
:10B1900018E518E518E518C518C518C518E518C547
:10B1A00018E510E510E410E510E5216629C829C866
:10B1B00019461105110510E518E518E518E518C53B
:10B1C00018C518C418C518E510C418C410C410E573
:10B1D00010E510E410E510E410E410E410E410C5EC
:10B1E00010C510C510C510C410C410A410A410A41C
:10B1F000108410A41083108410A410A410A410C4F0
:10B2000010A418A418C410C410C410C410C410C4CE
:10B2100010C410C410C410C410C410A410A410A4EE
:10B2200010A410A310A310A310A410A410A410A481
:10B2300010A410A410A410A410A410A410A410A46E
:10B2400010A410A410A410A410A410A410C410C41E
:10B2500010C410C410A410A410A410A410A418C4E6
:10B2600018C418C418C418C418C418C418C418A41E
:10B2700018A410A410A418A418A418A418A418C4DE
:10B2800018A418A410A410C410C410C4192629A905
:10B29000322C326D328F32D132D232D232D232D2DD
:10B2A00032D332B332D332D232D232B232D22AB2E3
:10B2B0002AB232B232B232B232B22AB22AB22AB28E
:10B2C0002AB22AB22AB22AB22AB22AB232B22AB296
:10B2D0002AB22AB22AB22AB22AB22AB22AB22AB28E
:10B2E0002AB22AB23334333333333334335433341E
:10B2F00033343334333433343334333433343354F6
:10B30000335433543B3433343334333433343333BE
:10B3100033333333333333333333333333333333FD
:10B320003314331433333333333333343334333428
:10B3300033343333333433333333333333333333DB
:10B340002B132B132B1333133313331333333313C5
:10B35000331233123B113AAE2A4B29C921A81927BF
:10B36000110510E518E518E518C418E518E518E505
:10B3700018E518C518C518C518C518C518E518C5A5
:10B3800018E510E510E510E510E4194629C829E88C
:10B390001987112510E510E518E518C518E518C539
:10B3A00018C518C518E518C518C418E510C410C488
:10B3B00010E510E410C410C410E410C410C410C48C
:10B3C00018C518C510C518C410C410A410A410A422
:10B3D00010A410841084108410A410A410A410C40D
:10B3E00010A418A410A418C410C410A410A410C44D
:10B3F00010C410A410A410A410C410C410A410A44D
:10B4000010A41083108310A410A410A410A410A4DE
:10B4100010A410A410A410A410A410A410A410A48C
:10B4200010A410A410A410A410A410A410A410A47C
:10B4300010A410A410A410A410A410A410A410A46C
:10B4400010A410A410A418C418C410C418A418A4DC
:10B4500018A418C418C518A418A418A418A418A4CB
:10B4600018A418A418A418C410C410A4192631CA0A
:10B47000322C326E329032D132D232D232D232D3F8
:10B4800032D332D332D332D232D232D232D232B3B8
:10B4900032D232D232D232D22AB232D232D232D2B4
:10B4A00032D232D332D232D232D232D232D232D27B
:10B4B00032D232D232D232D232D232D232D232D26C
:10B4C00032D232D2335433343334335433543334AA
:10B4D0003334333433543354335433543354333494
:10B4E000333433343B34333433343334333333341D
:10B4F0003334333433343334333333333333333318
:10B50000333333333333333333333333333333330B
:10B5100033333333333333333333333333343333FA
:10B520002B1333332B1333332B3333122B132B13B4
:10B530002B1232F132F032AD2A2B29C9198811268B
:10B540001106110518E510E518C418E518E518C529
:10B5500018C518E518C518C518C518C518E518E5A3
:10B5600018E510C410E510E510E4112521A729E81D
:10B5700029A71946110510E518E518C518E518C5DD
:10B5800018C518C518E518E510C410C410C410C4B7
:10B5900010E510C410C410C410C410C410C410C5E9
:10B5A00018C518C418C410C410C410A410A4108363
:10B5B00010A410A410A410A410A410A410C410C4AB
:10B5C00018A418A410A418C518A410C410C410C43A
:10B5D00010C418A410A410A410A410A410A41084C3
:10B5E0001083108310A3108310A310A410A410A420
:10B5F00010A410A410A410A410A410A410A410A4AB
:10B6000010A410A41084108410A410A410A410C4BA
:10B6100010C410C410A410A410A410A410A418C422
:10B6200018C418C418C418C418C418C418C418A45A
:10B6300018A418A418A418A418A418A418A418A42A
:10B6400018A418A418C410A410A410C5214731EAE6
:10B650003A2D326F32903AD132D232D232D232D304
:10B6600032D332D332D332D332D232D332D232D3B4
:10B6700032D232D232D22AD232D232B232B232B212
:10B6800032B232B232B232B232B232B232D232B27A
:10B6900032D232B232D232D22AD232D232B232B2F2
:10B6A00032B232B23B5433343B34335433543334F8
:10B6B00033343334335433543354335433343333D3
:10B6C0003334333433343334333433343334333442
:10B6D0003334333433343333333333333333333337
:10B6E0003333331333333333333433343334333446
:10B6F0003334333333133334333333333333333338
:10B700002B132B132B342B132B332B122B122B130A
:10B710002B12331132CF328D2A0B21A81947110673
:10B72000190610E510E518E518C518E518C518E55F
:10B7300018E518E518C518C518C518C518C518C5E1
:10B7400018E510E510E510E510E41105196629C8A3
:10B7500029C82187112510E518E518C518C518E571
:10B7600018E510E518E518E518C418C518C510C483
:10B7700010E410C410C410C410C410C510C410C408
:10B7800010C510C510C410C410A410A410A410A497
:10B7900010A410A410A410A410A410A410A410C4E9
:10B7A00010A418A410A418A410C410C410C410C469
:10B7B00018C418C418C410A410A410A410A4108491
:10B7C00010831083108310A4108410A410A410847C
:10B7D00010A310A410A410A410A410A410A410A4CA
:10B7E00010A410A41084108410A410A410A410A4F9
:10B7F00010A410C410A410A410A410A410A418C461
:10B8000010A418C418C418C418C418C410A418A4C8
:10B8100018C418A418A418A410A418A410A418A438
:10B8200018A410A418A410A410C418E6296931ECB7
:10B830003A4E3A8F3AB13AD232D232D232D232D3AF
:10B8400032D332D332D332D232D332D232D22AB2FC
:10B850002AB22AB22AB22AB22AB22AB22AB22AB208
:10B860002AB232B232B232B22AB22AB22AB22AB2E0
:10B870002AB22AB22AB22AB22AB22AB22AB22AB2E8
:10B880002AB22AB23B543B343B343B543B343B3426
:10B890003B343B343B343B343B343B343B343B3430
:10B8A00033333334333433143B343B343B34333469
:10B8B0003354335433343333333333333333333315
:10B8C0003333333333333334333433343334335423
:10B8D0003334333433133B133B343B34333433335B
:10B8E00033132B332B132B142B332B322B132B1300
:10B8F00032F232F132AF2A4C21CA218719261906B9
:10B9000018E518E518E518E518E518E518C518E56F
:10B9100018C518E518E518E518E518E518C518C59F
:10B9200010E518E510E510E510E41105112521A733
:10B9300029C829A7194610E510E510C410C410E560
:10B9400010E518E518E518C518E518E518C510C480
:10B9500010C410C410C510C510C510C510E418C41B
:10B9600018C418C418C518C410C410C410A410A456
:10B9700010A410A410A410A410A418A410A410A41F
:10B9800010A410C410A410A410C418C410C418E546
:10B9900018C418C418C418A410A418A410A410849F
:10B9A00010831084108410831084108410841084F9
:10B9B000108410A410A310A310A310A310A310A30D
:10B9C00010A310A310A410A410A410A410A418C4B1
:10B9D00018A418A418A418A418A418A418A418A487
:10B9E00018A418A418A418A418A418A418A418A477
:10B9F00018C418C410A410A410C410C410A418C4EF
:10BA000018A418A418A418A410C41907298B320D5F
:10BA1000324E3A903AD132D332B332B332D332D3F8
:10BA200032D332D332D332D332D332B232B232D231
:10BA300032D232B232B232B232B232D332B332B2A4
:10BA40002AB232D232D232D232D22AB22AD22AD236
:10BA50002AD22AB232B232B232B232B22AB232D29E
:10BA600032D232D23B5433343B343B543B343B34FC
:10BA70003B343B343B343B343B543B543B34333416
:10BA8000333433343B343B343B343B343B343B344E
:10BA9000335433543334333433343334333433342E
:10BAA000333433343334333433343334335433541E
:10BAB000333433543B343B143B343B343333331350
:10BAC0003313331333332B13333333332B133312F7
:10BAD00032F132D02A6E2A2B19A9196711261906BC
:10BAE00018E518E518E518E418E518E518C518E58F
:10BAF00018E518E518E518E510E518E518C518C5A6
:10BB000018C518E518E510E510E410E511052166E3
:10BB100029C829C8216610E510C410C410E410E536
:10BB200010E518E518E518C518E518E518C510C49E
:10BB300018C410C410C410C410C410C410C418C455
:10BB400018C418C418C418C518C410C410A410C44C
:10BB500010A410A410A410A410A410A410A418A43D
:10BB600010A410C410A410A418C418E510C410A484
:10BB700010A410A418A418C418C418A410A410A4C5
:10BB8000108410A41084108410A410A410A410A475
:10BB9000108410A410A310A310A310A310A310A32B
:10BBA00010A310A310A410A410A410A418A410A4EF
:10BBB00018A418A418A418A418A418A418A418C485
:10BBC00018A418A418A418A418A418A418A418C475
:10BBD00018A418A418A410C410C410C410A410A44D
:10BBE00018C418A418A410C410E5194829CB322E83
:10BBF000326F32B03AD232D332D332D332D332D39D
:10BC000032D332D332D332D332D332B232D232D22F
:10BC100032D232B232B232B232B232B332B332B2E2
:10BC200032B232D232D232D232D22AB22AB232B284
:10BC300032B22AB232B232D232B232B232D232B2AC
:10BC400032B232B23B54333433343354333433545A
:10BC5000335433543B343B343B343B343B343B343C
:10BC60003B343B343B343B343B343B343B343B345C
:10BC70003B54335433343334333433343334333444
:10BC80003334333433343B543B343334335433540C
:10BC9000335433543B343B343B333B343B34331326
:10BCA0003313333333133334331333133333331204
:10BCB00032D12AAF2A4C21CA19881146110619051A
:10BCC000190518E518E518E410E518E518C518E594
:10BCD00018E518E518E518E518E518E518C518C5BC
:10BCE00018C518E418E510E510C410E4110519266C
:10BCF000218729C82187192610E510E410E510E5F1
:10BD000018E518E518E518C518E518E518C518C4AC
:10BD100018E518C418C518C518C518C518E518E5DC
:10BD200018C518C518C518E518C510C410A410C446
:10BD300018A410A410A410A418C418A418A418A41B
:10BD400010A410C410A410A418C418C510C410A4C2
:10BD500010A410A410A418A418A410C418C410A4EB
:10BD600010A410A410A410A410A410A410A410A433
:10BD700010A410A410A410A410A410A410A410A423
:10BD800010A410A410A410A410A410A418A418A403
:10BD900018A418A418A418A418A418A418A418A4C3
:10BDA00018A418A418A410A418A418A418A418A4BB
:10BDB00018A418A418A410A410C410C410A418A483
:10BDC00018C418A418A410C41125196821EC2A2E2F
:10BDD0002A6F32B132D232D332D332D332D332D3CA
:10BDE00032D332D332D332D332D232D232D332D32D
:10BDF00032D332B232B232B232B232B332B332B200
:10BE000032D232D232D332B232D232D232D22AD239
:10BE100032D232D232D232D232D232B232D232B242
:10BE200032D232D233543334333433543354335420
:10BE3000335433343B3433343B343B343B343B5462
:10BE40003B343B343B343B343B343B343B343B545A
:10BE50003B543B5433543B343B343B343B343B3412
:10BE60003B343B343B543B343B3433343354335412
:10BE700033543B343B543B343B133B343B1433137C
:10BE80003313331333143334333433333313331220
:10BE90002AD02A8E220B19A91967110510E510E581
:10BEA00018E518E518E510C418E518C518C518E513
:10BEB00018E518E518E518E518C518E518C518E5DA
:10BEC00018C518E5190518E510C410C410C410E50C
:10BED000214629C829A72146190510E410C410E5F8
:10BEE00018E518E518E518C518E518E518C518E5AA
:10BEF00018E518E518E518E518E518E518E518C57A
:10BF000018E518E518C518C518C410A410A410A485
:10BF100010A410A410A410A418A418A418C418A441
:10BF200010A410C410A410A410C418C410C410A4E9
:10BF300010A410A410A410A410A418A418A410A451
:10BF400010A410A410A410A410A410A410A410A451
:10BF500010A410A410A410A410A410A410A410A441
:10BF600010A410A410A410A410A410A410A418A429
:10BF700018A418A418A418A418A418A418A418A4E1
:10BF800018A418A418A418A418A418A418A418A4D1
:10BF900018A418A418A418A410A410C410C410A4A1
:10BFA00010A510C410C410E411261989220D2A4FBF
:10BFB0002A8F2AD132D332D432D332D232D232D2B1
:10BFC00032D232D232D232D232D232D232D332D250
:10BFD00032D332D232D232D232D232D332D332D23E
:10BFE00032D232D232D232D232D232D232D232D231
:10BFF00032D232D232D232D232D232D232D232D221
:10C0000032D232D233343B543B543334333433346E
:10C01000333433343B343334333433333B343B54B1
:10C020003B343B543B343B343B343B3433343B3480
:10C030003B343B343B343B543B543B543B543B54E8
:10C040003B543B543B343B333B343B343334335429
:10C0500033343B343B343B143B333B143B133B13F3
:10C0600033133313333433343334333333122AD169
:10C070002AAF2A6D21EA19671126190610E510C4A6
:10C0800018C518C518C418E510E418C418E518E553
:10C0900018E518E518E518C518E518E518E518C5F8
:10C0A00018C518C518E518E518E510C410E410E423
:10C0B0001905216729A829872146190510E510E5EA
:10C0C00018E518E518E518C518E518E518C518E5C8
:10C0D00018C518C518C518C518C518C518E518C459
:10C0E00018E518E518C410C410C410A410C410C476
:10C0F00018A418A418A418A418A410A418A418A468
:10C1000010C410A410C410A410C418C510C410A4E6
:10C1100010A418A418A418A418A410A410A418A457
:10C1200018A418A418A418A418A418A418A418A42F
:10C1300018A410A418C418C418C418C418C418C467
:10C1400018C418C410A410A418A418A418A418A4DF
:10C1500018A418A418A418A418A418A418A418A4FF
:10C1600018A418A418A418A418A418A418A418A4EF
:10C1700018A418A418A418C418A418C410A410A4AF
:10C1800010C510C510C510E5198821EB2A4E2A6F7D
:10C190002A902AD132D332D432B332D232D332D3EC
:10C1A00032D332D332D332D332D332D232D332D368
:10C1B00032D332D332D332D332D232D332D332D259
:10C1C00032D332D232D232D232D232D232B232D26E
:10C1D00032D232D232D232D232D232D232D132D141
:10C1E00032D132D13B343B343B343B343B343314D7
:10C1F0003B343B3433343B343B343B343B343B34CF
:10C200003B343B343B343B343B343B343B343B34B6
:10C210003B343B343B343B343B343B343B343B5486
:10C220003B543B343B343B543B333B543354333328
:10C2300033543B343B333B133B133B143B133B1313
:10C24000331333133B3433343313333433122AB0C0
:10C25000226E220B19A81126110510E518E518C544
:10C2600018C418E518C418E410E418E518C518E552
:10C2700018E518E518E518E518E518E518E518E5D6
:10C2800018E518E518E518E518C518C410E510C438
:10C2900010E41925216721A72187194610E518E523
:10C2A00010E518C418E518C518E518E518C518E50F
:10C2B00018E518E518E518E518E518E518E518C4B7
:10C2C00018E518E518C518C410C410A410C410C48B
:10C2D00010A410A410A410A418A418A410A418A4A6
:10C2E00010C410C410C410A410C410C410C410C4CE
:10C2F00010A418A418A418A418A418A418A418A466
:10C3000018A418A418A418C418A418A418A418A42D
:10C3100018A418A418A418A418A418A418A418A43D
:10C3200018A418A418A418A418A418A418A418A42D
:10C3300018A418A418A418A418A418A418A418A41D
:10C3400018A418A418A418A418A418A418A418A40D
:10C3500018A418A410A418C418A418C410C410C594
:10C3600010C508C510E5112719A92A2D2A6F2A9092
:10C370002AD02AD132D332D432B332D332D332B3E9
:10C3800032D332B332D332D332D332D232D332D3A6
:10C3900032D332D332D332D332D232D332D332D277
:10C3A00032D332D232D232D232D232D232D132D16E
:10C3B00032D132D132D132D132D132D12AF22AF233
:10C3C0002AF22AF23B343B343B343B343B343B349B
:10C3D0003B343B343B34335433543B343B343B34B5
:10C3E0003B343B343B143B343B343B343B343B34F5
:10C3F0003B343B343B343B343B343B343B343B54A5
:10C400003B543B543B343B543B333B543B543353FE
:10C410003B543B533B343B333B133B143B133AF30A
:10C420003B133B13331433133313333433132A8F37
:10C43000224D21EB1967110510E410E518E510E510
:10C4400018C418E518E418E410E410E518C518E558
:10C4500018E518E518E518E518E518E518C518E514
:10C4600018E518E518C518C518C518C518C410E48E
:10C4700010C41905214629A729C82187192510E5C7
:10C4800010C410C418E518C518E518E518C518C576
:10C4900018C518E518E518E518E518E518E518C5F4
:10C4A00018E518E518C518C410C410A410C410C4A9
:10C4B00010A410A410A410A418C418A418A418A49C
:10C4C00010C410C410C410C410A410A410A410C42C
:10C4D00010C418A418A418A418A418A418A418A464
:10C4E00018A418A410A418A410A410A418A410A48C
:10C4F00018A418A418A418A418A418A418A418A45C
:10C5000018A418A418A418A418A418A418A418A44B
:10C5100018A418A418A418A418A418A418A418A43B
:10C5200018A418A418A418A418A418A418A418A42B
:10C5300018A418A418A418A418C418A410C410A4EB
:10C5400008A510E5194721A921EB2A4E32902AB1FE
:10C550002AD132D232D232B332B332D332D332D3FF
:10C5600032D332D332D332D332D332D232D332D3A4
:10C5700032D332D332D332D332D232D332D332D295
:10C5800032D332D232D232D232D232D232D132D28B
:10C5900032D232D232D132D132D12AF22AF22AF236
:10C5A0002AF22AF23B343B343B343B343B343B34B9
:10C5B0003B343B343B54335433543B343B343B34B3
:10C5C0004334433443343B343B343B143B343B141B
:10C5D0003B143B143B143B343B543B343B343B3423
:10C5E0003B343B543B343B343B333B343B5433547C
:10C5F0003B543B333B143B133B133B143B133AF389
:10C600003B133B133314331332F432F332D2226F21
:10C61000220C19A9112610E510E410C418C518E55C
:10C6200018C418E518E518E410E410E418C518E576
:10C6300018E518E518E518E518E518E518E518E512
:10C6400018E518E518C418C418C518C518E510E58C
:10C6500010A410E41905216629C829C821872126BC
:10C6600018E510C418E518C518E518C518C518C58B
:10C6700018C518C518C518C518C518C418C518C4D4
:10C6800018E518E518C518C410C410A410C410C4C7
:10C6900018A418A410A418A410C418A418A418A4AA
:10C6A00010C410C410C410C410C410A410A410C42A
:10C6B00010C418A418A418A418A418A418A418A482
:10C6C00018A418A410A418A410A410A410A410A4B2
:10C6D00010A418A418A418A418A418A418A418A482
:10C6E00018A418A410A418A418A418A418A418A472
:10C6F00018A418A418A418A418A418A418A418A45A
:10C7000018A418A418A418A410A418A418A418A451
:10C7100010A418A418A418A418C410A410C410C5F8
:10C7200010E6194721A9320B322D326F32B032D2C6
:10C730002AF22AD132D232B332D332D332D332D3E5
:10C7400032D332D332D332D332D332D332D332D3C1
:10C7500032D332D332D332D332D232D332D332D2B3
:10C7600032D332D232D232D232D232D232D232D2A8
:10C7700032D232D132D132D232D22AD22AF22AF273
:10C780002AF22AF23B343B353B343B343B343B34D6
:10C790003B143B143B343B343B343B343B343B1481
:10C7A0003B343B143B143B143B343B343B343B3471
:10C7B0003B343B343B143B143B143B143B143B34A1
:10C7C0003B343B343B343B143B333B333B333B3315
:10C7D0003B143B1443343B1343143B143B143AF3D4
:10C7E0003AF433143B1432F332F332F232B02A4DBE
:10C7F00021EA1988112610E518E518A418C418C5EF
:10C8000018C518E518C518E518E518C518C518E5C0
:10C8100018E518E518E518E518E518E518E518E530
:10C8200018E518E518E518E518E518C518E518E540
:10C8300010E510C410E51905298731E829A82967F2
:10C84000210518E518E510C410C418E518E518E529
:10C8500018E518E518C518E518E518E518E518C431
:10C8600018C518C410C410A410A410C410C410C457
:10C8700018A418A418A418A418A418A418A410A4E0
:10C8800018A418A418A418A418A418A418A410A4D0
:10C8900018A418A418A418A418A418A418A418A4B8
:10C8A00018A410A418C410A418C418C418A418C438
:10C8B00018A418A418A418A418A418A410A410A4A8
:10C8C00010A410A418A418A418A418A418A418A498
:10C8D00018A418A418A418A418A418A418A418A478
:10C8E00010A410C410C418A418A418A418A410A448
:10C8F00010A410A410A418A418A410A410A410E547
:10C90000112619A92A0B2A4D2A4F329032B232D25F
:10C9100032D32AD32AF22AD232D232D232D232D2ED
:10C9200032D232D232B232B232B232D332D332D344
:10C9300032D332D332D332D332D332D232D232D3D1
:10C9400032D332D332D332D332D232D232D232D2C3
:10C950002AF232F232F22AF22AD22AF22B122AF2E6
:10C960002AF22B123B343B353B343B343B343B34D3
:10C970003B143B143B143B343B343B343B34433497
:10C980003B34431443343B143B343B143B14433596
:10C990004335433543353B343B343B343B143B1444
:10C9A0003B143B143B143B1443343B343B343B3487
:10C9B0003B343B333B133B333B133B143B143AF3C5
:10C9C0003AF43B143B14331332D232B12A8F2A4D3E
:10C9D00021EB1968110610E510C518C418C418C554
:10C9E00018C518E518E518E518E518C518C518E5BF
:10C9F00018E518E518E518E518E518E518E518E54F
:10CA000018E518E518C518E518E518C518E510E586
:10CA100010C410C410C410C4192629A731C829870E
:10CA20002146190518E518E518E518E510C418C5DC
:10CA300018C518C510C418E518E518E518E518C498
:10CA400010C410A410A410C410A410C410C410C4A6
:10CA500018A418A418A418A418A418A418A418A4F6
:10CA600018A418A418A418A418A418A418A418A4E6
:10CA700018A418A418A418A418A418A418A418A4D6
:10CA800018A410A418C410A418C418C418C418C436
:10CA900018C418A410A418C418A418A410A410A48E
:10CAA00010A410A418A418A418A418A418A418A4B6
:10CAB00018A418A418A418A418A418A418A418A496
:10CAC00010A410C410C410C410C410C410C410C4E6
:10CAD00010C410C410C418C510A410A418C419465A
:10CAE000218821EA2A2C2A4E329032B132D232F3F6
:10CAF0002AF32AF32AF32AD232D332F332D332D3AF
:10CB000032D232D232D332D232D232D232D232D204
:10CB100032D232D232D232D232D232D232D232D2F5
:10CB200032D232D232B232B232D232D332D232D224
:10CB300032D22AF22AF22AF22AF22AF22B122AF20C
:10CB40002AF22AF23B343B343B343B343B343B3413
:10CB5000431343133B333B343B343B343B343B3490
:10CB60003B34433543353B353B353B353B3543352E
:10CB7000433543353B3543343B343B143B133B1483
:10CB80003B143B143B143B133B343B343B343B34AE
:10CB90003B133B143B133B133B133B143AF33B1344
:10CBA0003AF43B133B133B133AF232B12A4E21ECD9
:10CBB00021A9192710E510C510C518C418C518C536
:10CBC00018E518C518E518C518E518C518E518E5DD
:10CBD00018E518E518E518E518E518E518E518E56D
:10CBE00018E518E518E518E518E518C518E518E57D
:10CBF00010C410C410C410E410C41905296731A86A
:10CC00002987212618E510C410C418E518E518E591
:10CC100010C418E510C410C410C410C418E518C519
:10CC200010C410A410A410C410A410A410C410C4E4
:10CC300018A418A418A418A418A418A418A418C4F4
:10CC400018A418A418A418A418A418C418A418A4E4
:10CC500018A418A418A418A418A418A418A418A4F4
:10CC600018A410A418C410A418A418C518C518C571
:10CC700018C418A418A418A418A418A418A418A4B4
:10CC800018A418A418A418A418A418A418A418A4C4
:10CC900018A410A418A418A418A418A418A410A4C4
:10CCA00010C410A410A410C410C410C410A410C444
:10CCB00010C410A410C410C518C518E5194621A841
:10CCC00021CA2A2C2A4E2A8F32B12AD132F23313AA
:10CCD0002B132AF32AF32AF32AF332F332F332F333
:10CCE0002AD232D232D332D232D232D332D332D328
:10CCF00032D332D332D332D332D332D332D332D30C
:10CD000032D332D332D332D332D332D232D22AF2E6
:10CD10002AF22AD22AF22AF232F22AF22B122B1209
:10CD20002B122B123B343B343B343B343B344334E7
:10CD30003B133B143B343B343B343B343B343B14DC
:10CD40003B34433543343B353B353B353B353B3555
:10CD50003B353B353B353B143B143B133B133B14FA
:10CD60003B133B133B133B143B333B133B133B1332
:10CD70003B343B133B133B133AF33AF33AF33B1484
:10CD80003AF43AF33B133B133AF232902A2D21AA9C
:10CD90001968190610C510C518C510C410C418E5C7
:10CDA00018C518C518E518E518E518E518E518E5DB
:10CDB00018E518E518E518E518E518E518E518E58B
:10CDC00018E518E518E518E518E518C518E518E59B
:10CDD00010C410C410C410E510E410C4190529676C
:10CDE00031A829872967212618E510C410C410C46A
:10CDF00018E510C410C410C410C418C418E518C530
:10CE000018C418C410C410A410C410A410A410A4F2
:10CE100018A418A418A410A418A418A418A418A43A
:10CE200018A418A418A418A418A418A418A418A422
:10CE300010A410A410A410A410A410A410A410A452
:10CE400010C410A418C410A410C418C518E518C440
:10CE500010C410A410C410A410A410A410A410A4F2
:10CE600010A410A410C410A410A410A410A410A402
:10CE700010A410A418A410A410A418A410A410A402
:10CE800010A410C410C410A410A410A410A410C4A2
:10CE900010C410C410C410A419052166218829EA01
:10CEA0002A0C2A4E2A7032B12AD12AD12AF22B1307
:10CEB00033132B132B132AF32AF32AF32AF32AF31F
:10CEC0002AF32AD22AD22AD232D232D232D332D33F
:10CED00032D332D332D332D332D232D232D232D22E
:10CEE00032D232D232D232D232D232D22AD22AF212
:10CEF0002AF22AF22AF22AF233122B132B132B12C4
:10CF00002B122B123B343B343B343B3443344334FD
:10CF100043134313433443343B343B343B134314F4
:10CF20003B343B343B343B353B353B353B353B14A5
:10CF30003B143B143B143B143B133B143B133B137C
:10CF40003B143B143B143B143B143B133B133B136C
:10CF50003B133B133B133B133AF33AF33B133AF4C3
:10CF60003B143AF33B133B123AD1324E29EC21AA3F
:10CF7000192718E618C518C518C518E510C410C437
:10CF800018C510C418E518E518E518E518E518C522
:10CF900018E518E518E518E518E518E518E518E5A9
:10CFA00018E518E518E518E518E518C518E518C4DA
:10CFB00018E518C518E510E510E510E418C5212698
:10CFC000296731A831A82987214618E518E518E511
:10CFD00010C410C410E510C410C418E510E518C43E
:10CFE00018C418C510C410A410A410C410C410C4D0
:10CFF00010A410A410A410A418A418A418A418A471
:10D0000018A418A418A418A418A410A410A410A458
:10D0100018A410C410C410C410C410C410C410A4A8
:10D0200010C410A410A410C410C418C518C410C48F
:10D0300010A410A410A410C410C410C410C410C4B0
:10D0400010C410C418C418C410C410C410C410C430
:10D0500010C410C418A418A418A410A410A410C4B8
:10D0600010C410C410C410C410C410C410C410C420
:10D0700010C410C418E51905216629A829C929EA90
:10D080002A2D2A6F32D132B12AD22AD22AF22B1279
:10D090002B332B132B132AF32AF32B132AF32AF304
:10D0A0002AF32AF32AF22AF32AF232D332D232D3E3
:10D0B00032D332D332D332D332D232D332D332D349
:10D0C00032D332D332D332D22AD32AF22AD232F313
:10D0D0002AF22AF22AF332F232F333132B132B13F0
:10D0E0002B132B133B3443143B344334431443136B
:10D0F00043334333433343144334431443344314DB
:10D100003B143B143B343B343B353B353B143B1425
:10D110003B143B143B143B143B133B133AF33B14BB
:10D120003B133B133B133B133B133B133AF33AF3D1
:10D130003B133B133B133B133AF33B133B133AF3C1
:10D140003B133AF33B133AF23AB02A2D29EC2189EA
:10D15000192718E518C518C518C510C410C410C47F
:10D1600010C418E518E518E518C418C518E518E541
:10D1700018E518E518E518E518E518E518E518E5C7
:10D1800018E518E518E518E518E518E518E518E5B7
:10D1900018E518E518E518E510E510E510E518E5BF
:10D1A0001905296731A831A831A82967212618E572
:10D1B00010C410C410C410E510E510E510E410C44C
:10D1C00018C418C510C410A410C410A410A410A42E
:10D1D00018A418A418A418A410A418A418A418A477
:10D1E00018A418A418A418A418A418C410A418A447
:10D1F00018C410C410C410C410C410C410A410A4C7
:10D2000010A410A410A410A410C410A410A410A45E
:10D2100010A410A410C418C418C418C418C418C486
:10D2200018C418C418E518E518E518C518C518C4B9
:10D2300010C410A418A418C410C410C410C410C47E
:10D2400010C410C418C410C410C410C410C410C436
:10D2500010C418E52126218729A829C829C921CA6F
:10D260002A0C2A4F32B132D22AF22AF22B122B3355
:10D270002B132B132B132AF32AF32AF32B132AF342
:10D280002AF32AF32AF32AF32AF332D332D232D3FF
:10D2900032D332D332D332D332D22AF32AD32AD35F
:10D2A0002AD22AD32AD32AD332F32AF32AF32AF30F
:10D2B00033132B1332F33313331333132B132B3357
:10D2C0002B132B333B343B143B1443344313433372
:10D2D0004333431343134314431443343B34433421
:10D2E0003B343B143B343B3443343B343B343B14FE
:10D2F0003B143B143B143B143B143B143B133B14B7
:10D300003B143B143B143B133AF33AF33AF33AF32E
:10D310003B133B133B133B133AF33B133B133AF4DE
:10D320003AF33AF33AF33AF2328F2A4D21EB21687D
:10D33000190618E518C518E518C510E410E510E53C
:10D34000190518E510C418E518E518E518C518E51D
:10D3500018E518E518E518E518E518E518E518E5E5
:10D3600018E518E518E518C518E518E518C518C535
:10D3700018E518E518E510E518E510E518E510C4FE
:10D3800010C418E52126296731A831A82967190595
:10D3900010E510E410C410C410C410C410E518E562
:10D3A00018C518C518C410A410C410C410C410C4E3
:10D3B00018A418C418C418C410A418A410A418A43D
:10D3C00018A418A418A418A418A418C410A418A465
:10D3D00018A410C410C410C410C410C410C418E59C
:10D3E00018E518E518E518E518E518E518E5190534
:10D3F000190521062126212621262126212621461E
:10D4000021262146212621262126212621261905ED
:10D4100018E510A410A410A410A418C410C410C4BB
:10D4200010A410C418E510C410C410C410C418E52A
:10D4300021262146298731C829A81946216721CAF2
:10D440002A2D2A6F32D132D22AD32AF32B132B134F
:10D450002B132B132AF32AF32AF32AF32AF32AF2A3
:10D460002AF32AF32AF32AF32AF332D332D232D21E
:10D4700032D332D22AD232D22AD22AF32AD32AD390
:10D480002AD32AD32AD32AD32AD32AF32B132B1312
:10D490003333333333133313331333132B132B132C
:10D4A0002B132B1343343B34433443344313433360
:10D4B0004333431343144314431443144334433456
:10D4C0003B143B143B343B343B343B343B143B1464
:10D4D0003B343B343B343B143B143B143B133B1475
:10D4E0003B143B133B143B143B143AF33B133B13E9
:10D4F0003AF33AF33AF33AF33AF33B133AF33AF3A3
:10D500003AF33B133AF23AB12A6F2A4C21CA19274F
:10D5100018E618E518C410E510E510E510E4190543
:10D520002146212618E518E518E518E518C518E57F
:10D5300018E518C418E518E518E518E518C418C565
:10D5400018C418C518C518C518E518E518C518C5B4
:10D5500018E518C518E518E518E518E518E518E503
:10D5600010C410A410C418E5214629872987214634
:10D5700019051905190510E510E410E410E518E582
:10D5800018C518E518C410C410C418C418E518E567
:10D5900018C418C418C418C410A410A418A410A443
:10D5A00010A410A410A418A410A410A410A410A4D3
:10D5B00010A410A410A410A410A410C5190521468D
:10D5C000296729672987296729872987296729875B
:10D5D00029872987298729872987298729872987CB
:10D5E0002987298731A831A831A831A831A82987EE
:10D5F000190510A4108410A410A410A410C410A421
:10D6000010A410C410E510C410C519051906214650
:10D6100029A831A829A82187192608E5110621A9DA
:10D620002A2C2A6F32D232D32AD32AD22AF32B12AF
:10D630002B132B132AF332F42AF32AF32B132AF396
:10D640002AF32AF332F32AF32AF332D332D22AD23C
:10D650002AD22AD22AD22AD22AD22AF32AF32AF387
:10D660002AF32AF32AF32AF32AF32AF32B132B1390
:10D670003313331333333313331332F32B132B138B
:10D6800033332B133B144334433443344333433356
:10D69000431343134313431443343B14433443347D
:10D6A0003B143B343B3443344334433443343B1422
:10D6B0004334433443343B143B143B143B143B147A
:10D6C00043343B143B143B143B143B143B133B13BC
:10D6D0003B133B133B133AF33B133B133AF43AF43B
:10D6E0003B133B133AF232B02A6D2A0B19A81126CC
:10D6F00010E518C518E418E518E510E518E518E573
:10D7000021672967192618E510E518E510E510C40A
:10D7100018C418E518E518C518C518E518E518E582
:10D7200018E518E518E518E518E518E518C518C551
:10D7300018E518E518E518E518E518E518C410C44B
:10D7400010C410A410A410A418E529463187298715
:10D750002987216729872166192610E510C410C47E
:10D7600018C418C510E510C410C418E518E518C58C
:10D7700018C418C418C518C518A418C418C418C4E7
:10D7800018A418A418C418A410A410A410A310A3BB
:10D7900010A408A408A408A408A410C4212629677A
:10D7A00031A831A831A8318831A831A831A831A8D1
:10D7B00031A831A831A831A8298731A831A831A8CA
:10D7C00031A831A831A831A831C831C831C829875A
:10D7D000212610C4108310A410A410A410A410A417
:10D7E00010A410C410C411051905216729A831C857
:10D7F00031E829A8216610E510E410C4110621685B
:10D8000029EB2A4E32D032D12AD22AF22AF22AF336
:10D810002B132B132B1332F32AF32AF32AF332F3AD
:10D820002AF332D232D22AD232D22AD32AD22AD2DE
:10D830002AD22AD22AD22AD22AD22AF32AF32AF3A5
:10D840002AF32AF22AF32AF32AF22AF32B132AF3D1
:10D850002B132B133313331333132B1333133313B0
:10D8600033132B133B143B1443343B144313433304
:10D870004333433343133B1443133B133B134313CF
:10D88000431343133B14433443344334433443136B
:10D8900043344334433443344334433443344334D0
:10D8A00043344334433443343B333B133B133B1443
:10D8B0003B143B133B143B133B133AF332F43B143E
:10D8C00032F33B133AF12AAF2A4C29E919671106C2
:10D8D00010E510E518E418E5190518C518E510C499
:10D8E0002126298721671946110510E518E518E555
:10D8F00018E518E518C518C518C518E518E518E5A0
:10D9000018E510E518E518E518E518E518E518E537
:10D9100018E518E518E518E518E518E518C518C460
:10D9200018C410A410A410A418E52126296729A85A
:10D9300029A831C831E931C829A82166192518E577
:10D9400010C410C410E410C410C410E518E418C5C5
:10D9500018C418C418C410C418A418C410A410C43F
:10D9600018A418A510A410C410A410A408A3088318
:10D970000883088408840884108408A418E52146D4
:10D980002946214621462146214621462967296705
:10D99000296729672146214621262146212621463D
:10D9A0002146214621462146296721462125190580
:10D9B00018E510A410831084108410A410A410A4DF
:10D9C00010C419051926218729C731E8320931C841
:10D9D0002167192510C410C510C510C418E52147CA
:10D9E00029AA322D328F32B02AD12AF22AF22AF312
:10D9F0002B132B13331333122AD332D22AD232D31E
:10DA000032D232D332D332D232D22AF32AD32AF3C9
:10DA10002AD22AD22AD22AD22AD22AF32AF32AF3C3
:10DA20002AF32AF32AF32AF32AF32B132B132B13AB
:10DA30002B132B132B132B132B132B1333333313C6
:10DA4000331333133B143B144334433443134333F2
:10DA500043334333431343144314431443134313D3
:10DA6000431443144313433443343B1343344314A8
:10DA700043344334433443344334433443344334EE
:10DA80004334433443343B143B333B133B133B1489
:10DA90003B143B143B143B143B133B133B143B1410
:10DAA0003B133B133AF12A8E2A2B29C9194710E65A
:10DAB00010C510E518E518E518E418E518E518E5AF
:10DAC0001905216729A72987192510E518E518E503
:10DAD00018E518E518E518E518C518C518E518E59E
:10DAE00018E518E518E518E518E518E518E518E54E
:10DAF00018E518E518E518E518E518E510C418C488
:10DB000018C418C410C410C418C418E5210521266F
:10DB10002146214629672967298729A82967296776
:10DB2000214621261905190510E510C418E518C469
:10DB300018E518E518C510C410C410C510A418A421
:10DB400010C510A510C510C510C508A408A408A4C8
:10DB500008830883088308830883088310C410C4DB
:10DB600018E518E518C410C410C410C418E518C589
:10DB700018C410C410C418E518E518E518E518E530
:10DB800018E518E518E518E418E410A410C410C44A
:10DB900010A410A410A410A410C418C518E518E50A
:10DBA0001926298729C831E831E929C821671905CB
:10DBB00010E510C410C410C510C510C418C519064E
:10DBC00021892A0B2A4E32AF2AD12AF22AF22AF3CD
:10DBD0002B132B13331332F32AF32AD22AD22AD34C
:10DBE00032D232D232D232D232D22AF32AD32AF3EA
:10DBF0002AF32AD22AF32AF32AF32AF32AF32AF35E
:10DC00002AF32AF32B132AF32AF32AF32B132B13C9
:10DC10002B132B132B132B132B132B132B132B1314
:10DC20002B132B133B143B143B3443344313433328
:10DC300043334333431343144314431443144314EF
:10DC4000431443144313433443133B133B134334F0
:10DC5000433443344334433443344334433443340C
:10DC60004334433443343B133B343B343B133B1486
:10DC70003B343B143B143B143B133B133B143AF42F
:10DC80003B143B123AD12A6D2A0B21C8112610E50C
:10DC900010E518C518E518E518E418E518E518E5C5
:10DCA00010E5214629A731C829A7214610E510E52E
:10DCB00018E510C418E518C518E518E518E518E5C5
:10DCC00018E518E518E518E518E510E518E518E574
:10DCD00018E518E518E518E518E518E518E518C47D
:10DCE00018E518C410C418C410C418E518E51905BF
:10DCF000190518E510E518E51926296731A831C876
:10DD000031A831A8298721671946190518E518C5D2
:10DD100018E518C410C410C410C410C410A410A472
:10DD200010C410C510C510C408C408C408A408A4B1
:10DD300008A3108310831083108310A410A410A4D0
:10DD400010C410C410C410A410A410A410A410A4D3
:10DD500010A410A410C410C418E510C410C410A45A
:10DD600010C410C418E510C410C410C410A410A42A
:10DD700010A410C418C418E521262947298729872B
:10DD800031A831E931E931C82987214610E510C4AD
:10DD900010C410A410A410C410C510C410A410C541
:10DDA000194821CB2A2D2AAF2AD02AD12AF22AF2C9
:10DDB0002B132AF32B1332F32AD32AD22AD22AD3B3
:10DDC0002AD332D332F332D332F332F332F32AF39B
:10DDD0002AF32AD22AF32AF32AF32AF32AF32AF37C
:10DDE0002AF32AF32AF32AF32AF32AF32AF32B132A
:10DDF0002B132B132B132B132B132B132B132B1333
:10DE00002B132B133B143B143B343B14431443346C
:10DE100043334333431343144314431443334314EE
:10DE2000431443144314433443343B133B134334EC
:10DE30003B133B1343343B133B133B133B13433420
:10DE400043344334431343343B343B343B143B337C
:10DE50003B343B143B143B143B143B143B143B142A
:10DE60003B133AF232B02A2C21CA1967110610E688
:10DE700018E518E518E518E518E418C518C418E5FC
:10DE800010C410E5214629A829C829A7192610E59C
:10DE9000190510E518E518E518E518E518E518E581
:10DEA00018E518E518E518E518E518E518E518E58A
:10DEB00018E518E510C418E518E518E518E518C4C4
:10DEC00018C418C410C418C418C418C418E518E538
:10DED00018E510C410C410C410C4190521462987C0
:10DEE000318731A831E931E931A829872146212636
:10DEF000212621051905190518C510C510A410A45F
:10DF000010C410C410A410C410C410C410C408C499
:10DF100008A3108310831083108310A410A410A4EE
:10DF200010C510C410C410C410A410A410A410C4B0
:10DF300010C410C410C410C410C410C410C410C441
:10DF400010C410C410C410C410C418E418E418E4B9
:10DF500018E519052126296731A839C839E939E9B1
:10DF600031C831C829672126190510C410A410C46E
:10DF700010C410C410C410C410C410A410C410C520
:10DF8000194721CA2A2C2A8F2AB032D12AF22AF222
:10DF90002AF32B132B132AF32AD32AF32AF32AF377
:10DFA0002AF32AD32AD32AD32AF32AF32AF32AF3E9
:10DFB0002B132AF32AF32B132B132AF32AF32AF316
:10DFC0002AF32B132B132AF32AF32AF32AF32AF327
:10DFD0002AF32AF32B132AF32B132B132B132B13B4
:10DFE0002B132B133B143B143B3443343B343B1473
:10DFF0003B13433443134313431443144314431454
:10E0000043134314431343344334433443344334BA
:10E010004334433443343B133B133B133B134334EC
:10E0200043344334431343343B343B343B143B3499
:10E030003B143B343B343B343B143B143B143B1408
:10E040003AF33AF132AF222C19A9194710E610E63B
:10E05000190618E518E518E510C418E518C418C421
:10E0600010E510C41905216729C829C82187192678
:10E07000190510C410E410E510C410C418E518E523
:10E0800018E518E518E518E518E518E518E518E5A8
:10E0900018E518E510C41905190518E518C418C4C1
:10E0A00018C418C418C418C418C418C410C418E577
:10E0B00018E510C410E510C410C410C418E5190503
:10E0C00019052126296729A831C831C831A8318806
:10E0D00029A729872987294721472126190618E6D4
:10E0E000190518E4190418E410C410A410A410A40D
:10E0F00008A410A410C410C410A410A410A410C428
:10E1000018E510C410C410C410C410C410C410C446
:10E1100010C418E518E518E510E518E5190518E527
:10E1200018E518E52126212621462146296629677A
:10E13000298731A831A839A831A831A831A831A838
:10E1400029872146190518E510C410A410A410C48D
:10E1500010C410A410A410A410A410A410A410C4DF
:10E16000192721A92A2C2A6E2A9032F12AF22AF2A2
:10E170002AF22B132B132AF22AF332F32AF32AF36F
:10E180002AF22AF32AF32AF32AF32AF32AF333137F
:10E190002B132B132B132B132B132B132B132B138F
:10E1A0002B132B132B132B132B132B132AF32AF2C2
:10E1B0002AF32B132AF32AF32AF32B132B132B13F3
:10E1C0002AF32B133B343B343B343B343B343B147A
:10E1D0003B144334433443344334433443344334AF
:10E1E0003B13433443344334433443343B344334A8
:10E1F0004334433443344334433443343B13433490
:10E2000043344334433443343B133B333B133B14D9
:10E210003B143B143B143B143B133B133B143B1488
:10E220003AF33AD1328E220B1988192610E518E5F7
:10E2300018E6190518E518E510E518C518C418E41E
:10E2400010E510E519051946218729C829A8218755
:10E25000192510E510E410E410E510E518C518E5DF
:10E2600018E518E518E518E518E518E518E518E5C6
:10E2700018E510C418E521262146212618E510C40A
:10E2800010C418C418E518C418C418C418C418E574
:10E2900018E518C418E518E510C410C418E518C529
:10E2A00018E510C419051925212621672987298712
:10E2B000298731A831A831A831C931A931A92988C4
:10E2C00029882987296721471926110518E5190684
:10E2D0001106190619261906190619061905210627
:10E2E00021262126212619051905190519051905C3
:10E2F00019051905210621262126214621462146F8
:10E300002967298731C831C839E839E931C831C8A6
:10E3100031C831C831A831872146212629472967CC
:10E32000214618E510C410C410A410A410A410C4F1
:10E3300018A418A418A410C410A410C410A410A4E5
:10E3400010E61988220B2A4D2AB032D132F12AF276
:10E350002AF32B132AF32B1332F332F32AF32AF383
:10E360002AF32AF32AF32AF32AF32B132B132AF383
:10E370002B132B132B132B132B332B132B132B138D
:10E380002B132B132B132B132B132AF32AF32AF201
:10E390002AF32B132B132B132B132B132B132AF3CF
:10E3A0002AF322F23B143B343B343B343B344314DA
:10E3B0003B143B343B343B343B343B343B343B3306
:10E3C0003B333B333B3443134334433443343B13F9
:10E3D000433443343B34433443343B133B133B1308
:10E3E0003B133B133B133B133B133B133B133B13BD
:10E3F0003B133B133B133B133B133B133B133B14AC
:10E400003AF33AD0324E21EA1968192610E510E5A0
:10E4100018E518E518E518C510E518C418C510C4A6
:10E4200010E510E410C410E51925196629C829C89B
:10E4300021A72167192610C410E510E418C518C5D6
:10E4400018E518E518E518E518C518C518E518E524
:10E4500010C510C410C418E52146214618E510C4A3
:10E4600018C418C418C418C418C418C418C418E5AB
:10E4700018E518C418C510C410C418C418E518C588
:10E4800018E510C410E510E410E51905190521057B
:10E49000212621662167298831A831A931CA31EAAC
:10E4A00031EA29CA29CA29C921892189218921A9B1
:10E4B00021A921A9218921882168298829873187D3
:10E4C000296729872987298729672987298729870C
:10E4D00031A829A831A831A831A831C831C831C81C
:10E4E00031C831A831C831A831A831A82987298776
:10E4F00021462146212620E510C418E5212629873A
:10E50000212610E510C410C410C410C410C418A4EF
:10E5100018C418A418A410C410C410A418C410A4BB
:10E5200008C5114721CA222C2A6F32D032F132F2AB
:10E530002AF32AF32AF3331332F32B132B132B135F
:10E540002AF32B132B132B132B132AF32AF32AF35F
:10E550002AF32AF32AF32B132AF32B132B132B134F
:10E560002B132B132B132B132B132B132AF32AF2FE
:10E570002AF32B132B132B132B132B1322F32B13F5
:10E5800022F322F33B353B353B543B343B343B34A5
:10E590003B3443343B343B343B343B543B343B33DC
:10E5A0003B343B333B343B133B143B133B143B1397
:10E5B0003B133B133B133B133B133B133AF33B130C
:10E5C0003B133B133B133AF33B133AF33AF33AF35F
:10E5D0003B133B133B133B143B133B133B133B14C9
:10E5E0003AF232B0324D21EA1968192610E510E5E9
:10E5F00018E518E518E518E518E518E518C518E553
:10E6000010E510E510E410E410E410E5194629C8FF
:10E6100029C829E821871925192510E518E518E5E5
:10E6200010E510E510E510E510E510E510E510C463
:10E6300010C410C410C410C421262146190510C4EA
:10E6400010C418C418C418C418C418C518C418E5D0
:10E6500018E518C518C518C418C518C518C418E594
:10E6600018E518E510C410C410C410C418C518E586
:10E67000190518E510E5190619262127296831A979
:10E6800029EB29EB2A0C2A0C2A0C2A0C2A2C2A2DDD
:10E69000324D322C29EB29EA31EA31C931C931C86E
:10E6A00031A831C831C839E939E931C831C831C870
:10E6B00031C831C831A831A831A831A831A831A852
:10E6C0002987296721262125190518E518E518E568
:10E6D00018E418E518C518C410A418E521462987C0
:10E6E000214610C410C410A410C410C418A418A447
:10E6F00018A418A418A410C410C410A418C410A4FA
:10E7000008A4110619A9220B2A4E32B032D132F2D6
:10E710002AF22AF32AF333132AF3331333132B1376
:10E720002B132B132B332B132B132AF22AF22AD25F
:10E730002AF22AD222F222F22AF22AF32B132B13E4
:10E740002B132AF32AF322F222F22AF32AF32AF2D3
:10E750002AF32B132AF32AF32AF32B132B132B134D
:10E760002B132B1333553B553B553B343B343B5418
:10E7700043343B343B343B343B343B343B343B1439
:10E780003B143B143B143B143B143B133AF33AF356
:10E790003AF33AF33AF33AF33AF33AF33B133AF3F0
:10E7A0003AF33AF33AF33AF33AF33AF33B133B13BF
:10E7B0003AF33AF33AF33AF33B143B133B13431265
:10E7C0003AF132AF322D29CB2188112610E410C442
:10E7D00018E418C418E518E518C518E518E518E593
:10E7E00010E510C410E410C510C510E510E5192699
:10E7F000298731E831C829A7216719261925192544
:10E8000019051105110510E510E510E510E410E4F7
:10E8100010E410E510E519052167298721871905FE
:10E8200010E418E518E518E518C518E518E518C549
:10E8300018E518E518E518E518E518E518C518E510
:10E8400018C518C518E518E518C418C518C518C5A1
:10E8500018C518E518E518C518C518C519062948BA
:10E8600029CB322C326D324D326E328E328F328F56
:10E87000328F328F328E324D2A0B29C929A829A80E
:10E88000298721672167296729672967214621266A
:10E8900021262126212619051905212619052126BB
:10E8A000212618E510A410A410A410A410A410A4EC
:10E8B00010C418C518C418C510C4190521A721878C
:10E8C000192618C418C418A418A410A410A410A4BD
:10E8D00010A410C410A410C410C418A418A418A420
:10E8E00010A510E621882A0B2A4E32B02AD22AF32C
:10E8F0002B122B12331333132B132B132B132B131A
:10E9000033332B1333132B132B132AF22AD22AD28D
:10E910002AD22AD22AF22AF32AF32B1322F32AF339
:10E920002AF32B132AF32B132B132AF32AF32AF39C
:10E930002AF322F22AF22AF32AF32AF32AF32B12D9
:10E940002AF32AF33B553B553B553B353B343B348F
:10E950003B3443343B143B343B343B143B343B3477
:10E960003B133B333B343B343B143AF33B143B13F4
:10E970003B133AF33AF33AF33B143AF33AF33AF3EC
:10E980003AF33AF43AF33AF33B133B133B133B139A
:10E990003B133B133B133B133AF33B133AF33AF26B
:10E9A0003AD1328F322C21AA1947110510C410C454
:10E9B00010C418C418E518E518C518C518E518E5F9
:10E9C00018E510E510C410E510C410E410E410E4DC
:10E9D0001925296731C831E831C8298721662146C0
:10E9E000192611051105110511061106110511054C
:10E9F000192619662167218729C829C829A7194618
:10EA000010E510E410C418C518C518C518E518C4D9
:10EA100018E518E518E518E518E518E518E518E50E
:10EA200018E518E518C518C518C518E518E518C57E
:10EA300018E518E518E518E510C510C518E62127F2
:10EA400029AA322C3A6D3A8E3AAF3AF03AF03AF1BE
:10EA50003B113AF032CF326E2A0B1988194719262A
:10EA6000190510E510E518E518E518E518C418E5CE
:10EA700018C518C410C410C410C410C410C410C4E5
:10EA800010C410A408830883088310A410A410A441
:10EA900010A410C418C418C410C4194621A7218793
:10EAA000190510C410A418A418A418A418A418A414
:10EAB00018A418A418A410A410A410A418A418A48E
:10EAC00010C410C5194721CA2A4D32B032D22AF3D8
:10EAD0002B122B1233132B132B132B132B132B1340
:10EAE0002B132B132B132B132B132AF22AD22AD2DC
:10EAF0002AD22AD22AF22AF22AF32B132B132B130F
:10EB00002B132B132B132B132B132AF32AF32AF378
:10EB10002AF32AF32AF32AF32AF32AF32AF32AF30D
:10EB20002AF32AF333553B553B553B353B543B3495
:10EB300043343B343B343B343B343B143B343B3475
:10EB40003B343B343B343B343B143B133AF33AF312
:10EB50003B133B133B133AF33AF33AF33AF33AF3EA
:10EB60003AF33AF33AF33AF33AF33B133B133B13DA
:10EB70003B133B133B133B133AF33B133AF33AF289
:10EB80003AD0328E2A2C2189110610E510C410C407
:10EB900010C418C418E418E518C518E518C518E518
:10EBA00018E510E510E510E510E410E510E510C4D7
:10EBB00011051925216629A831C831C831A829A80D
:10EBC000218821A819A8218819882188218821A8AD
:10EBD00029C929E92A092A09320A320A21C819460B
:10EBE00010E510E518C418C518E518C518E518C5CE
:10EBF00018E518E518E518E518E518E518E518E52D
:10EC000018E518E518E518E518E518E518C518C55C
:10EC100018E518E518C418E418C418E510C521272C
:10EC200029A9320C3A6D3AAE3AD03B103B113B1158
:10EC30003B12331132D02A6E220B1989192619255D
:10EC400018E510C410C410A410C410A410A418A473
:10EC500018A410C410C410A410A410C410C410A48C
:10EC600010C410A410841084108410A410A410A444
:10EC700010A410A418C510C410E5194621871986E0
:10EC8000190510C410A418A418C418A418A418A412
:10EC900018A418A410A410A410A418A418A410A4B4
:10ECA00010C510C5110621A9322C328F32D132F293
:10ECB0002AF22B122B122B132AF32B132B133313A1
:10ECC0002B132B1333132B132B132AF22AD22AD2F2
:10ECD0002AD22AD22AD22AF22AF32AF32AF32AF3B0
:10ECE0002AF32AF22AF32AF32AF32AF32AF32AF33D
:10ECF0002AF32AF32AF32AF32AF32AF32AF32AF32C
:10ED00002AF32AF33B553B553B553B353B543B558A
:10ED10003B553B353B543B543B543B343B343B34F9
:10ED20003B343B343B343B343B143B133B133B13EE
:10ED30003B133B133AF33B133B143B133B133B1383
:10ED40003B133B133B133B133AF33B133B133B1374
:10ED50003B133AF33B133B1332F33B133AF33AF1D1
:10ED60003AB0328E2A2C2189110610E510E410E405
:10ED700018C418C418E518E518C510E518C418C556
:10ED800018E518E510E510E510E510E418E510E5C4
:10ED900010E518E519051926216731C831E931E96F
:10EDA000320A322B2A0A2A0B29EA2A0B2A2B2A2B6F
:10EDB0002A2B2A2B2A2A2A2A220A2A2A2A092188A5
:10EDC000112610E518C518E518E518E518E518C569
:10EDD00018E518E518E518E518E518E518E518E54B
:10EDE00018E518E518E518E518E518E518E518C55B
:10EDF00018E418E418E418E410E418E510C419063F
:10EE00002988320A3A6C3A8E3AD03AF13B313311C2
:10EE100032F12AF12AD02A6E1A0B1968110611054F
:10EE200018E418C510C410A410A410C418A410A489
:10EE300010A410A410C410A410A410C410A410A4F2
:10EE400018A410A410A410A4108410A410A410C41A
:10EE500010A410C410C410C4110521A729E8196614
:10EE6000110510C410A410A418A418A418A418A460
:10EE700018A418A418A410C410A418A418A410A4AA
:10EE800018E510C510E6218829EB324E2A902AB1E8
:10EE90002AF22AF222F32AF32AF32AF32B1333134A
:10EEA0002B132B132AF32B132B132AF32AD22AD238
:10EEB0002AD22AD22AF22AF32AF32AF32AF32AF3AD
:10EEC0002AF32AF32AF32B132AF32B132B132B13D6
:10EED0002B132B132B132B132B132B132AF32AF384
:10EEE0002AF32AF33B553B553B553B353B553B55A8
:10EEF0003B553B553B553B553B543B543B543B34B6
:10EF00003B343B343B343B553B343B133B133B13CB
:10EF10003AF33AF33B133B133B133B1333133B13CB
:10EF20003B133B1333133B133AF33B133B133AF3BB
:10EF30003B133B133B133B133B133AF33AF33B12A4
:10EF40003AF1326E29EB2189110610E510C410E464
:10EF500018E418C418C518C518E518C518C518E56B
:10EF600018C4190518E518C510E518E518C418E502
:10EF700018E410E510C418E519052147218829C9AE
:10EF800029EA2A0B2A0B2A0C2A0B2A0B220B220B0A
:10EF90002A2B2A2B2A2B2A0B2A2B2A2B2A2A29C94D
:10EFA000194710E610C518C518E518C518E518C5A5
:10EFB00018E518E518E518E518E518E518E518C48A
:10EFC00010C418C418C418C518C418C418E518C546
:10EFD00018E518C418E418E410E418E410A418E5BF
:10EFE000296831EA3A6C3A8E32AF32F032F132F1BE
:10EFF0002AD02AD12AB02A8E220C19A9112611054D
:10F0000010E518E510C410C410C410A410A418A46E
:10F0100018A410A410C410C410C410A410C410C4A8
:10F0200010A410C410C410C410C410C410C410C460
:10F0300010C410C410A410C4192629E82A0819669F
:10F0400010E410A410C418A418A418A418A418A498
:10F0500018A418A418A410C410A418A418C410A4A8
:10F0600010C410E510E5192721CA322D2A6F2AB1E4
:10F070002AF22B122AF22AF32AF22AF22AF32B136B
:10F080002B132B132B132B132AF32AD22AD22AD277
:10F090002AD22AD22AD22AF32AF32AF32AF32AF3EB
:10F0A0002AF32AF22AF32AF32AD32AF32B132B1357
:10F0B0002B1323132B132B1323132B132AF32AF3B2
:10F0C0002AF32AF33B553B553B5533353B553335F6
:10F0D0003B3533353B5533553355333433343B347B
:10F0E0003B343B343B343B343B343B133B133B130B
:10F0F0003B133AF33B133AF33AF33AF33AF33AF366
:10F100003AF33AF33AF33AF33B133B133B133B1313
:10F110003B133B133B133B133B133AF33B133AF2C2
:10F120003AF1326E29EB1968110610E510E410E48B
:10F1300018E418C418C518C518E518C518C518C4AA
:10F1400018C518E518E410C410C418C418E418C48D
:10F1500018C410C410E410E510E51926218829EA26
:10F160002A0B2A0C2A0C220C220C220B220C220C19
:10F17000220C220C222C222C222B222B2A0B29EAB5
:10F180002188190610E618E518C518C518E518E411
:10F1900018E518E518E518E518E518E518E518C4A8
:10F1A00018C418C418C418C418C418C418E518C55D
:10F1B00018E518E518E418E418E418E410C4190573
:10F1C000216729EA324C326E328F2AB02AB02AAF38
:10F1D0002AAF2AB0228F2A4D222C19A911261105F7
:10F1E00010E418C410C410A410A410A418A418A4E7
:10F1F00018A418A410A418A418A418A418A418A437
:10F2000018A418A410C410C410C410C410A410A4CE
:10F2100010A410A410A410C42166322929C81125F5
:10F2200010C410A418A418A418A418A418A418A4EE
:10F2300018A418A418A418A418A418A410A410A4FE
:10F2400010A410C410C5190621892A0D326F2AB0E6
:10F250002AD12AF12AF22AD32AD22AD22AD22AD28F
:10F260002AD22AD22AD22AD22AD22AD22AD22AD2BE
:10F270002AD22AB22AD22AD22AF32AD32AF22AF26C
:10F280002AD32AD32AD22AF22AF22AF22AF32AF3FA
:10F290002AF32AF32AF32AF32AF32AF32AF32AF386
:10F2A0002AF32AF3333533343334333533353B35AE
:10F2B0003335333533353335333533343335333410
:10F2C00033343B343B343B343B343B1333143AF359
:10F2D0003B133B133B133AF33AF33AF33AF33AF363
:10F2E0003AF33AF33AF33AF33B133B133B133B1332
:10F2F0003B133B143B133AF33AF33B133B133AF201
:10F300003AD0326D21EA19681106110510E510E4B2
:10F3100018E518C418E418C518E518E518C418C588
:10F3200018C518C510C410C410C418C418C418C413
:10F3300010C410C410C510E510E5192621A8320B21
:10F340002A2C220D220D220D220C21EC19EC21EC8D
:10F3500021EC21EC21EC21EB220B19EB220B29EA09
:10F3600021A9194710E618C518C518E518E518E5CC
:10F3700018E518E518C518E518E518E518E518C4E6
:10F3800018C518C518C518C518C518C418E518C576
:10F3900018C518E518E418E410C410C410C418E522
:10F3A000216729EA324C2A6E2A6F226F226F226E61
:10F3B000228E224E222D222C2A0B19A9112611054C
:10F3C00010E410C410A410A418A418A418A418A41D
:10F3D00018A418A410A418A418A418A418A418A455
:10F3E00018A418A410C410C410C410C410A410A4ED
:10F3F00010A410A410A4190529A731E9196610E476
:10F4000010A418A418A410A418A418A418A418A42C
:10F4100018A418A418C418A418A410A410C410A3E5
:10F4200010A410A410C410E5196829EC2A4F2A90E2
:10F430002AD12AF12AD12AB22AD22AD22AF22AF2AF
:10F440002AD22AD22AD22AD222D22AD22AD22AD2E4
:10F450002AD22AD22AD22AD22AD222D22AD22AD2D4
:10F460002AD22AD222D22AD22AF32AF32AF22AF242
:10F470002AF32AF32AF32AF32AF32AF32AF32AF3A4
:10F480002AF32AF3333433343334333533143335F6
:10F4900033353335333533343334333433343B5409
:10F4A000333433343334331433343B133B143B138E
:10F4B0003AF33B1333133AF33B133AF332F33B1370
:10F4C0003B133AF33B133B133B133B133B133B13ED
:10F4D0003AF33B133B133B133AF33B143B133AF21F
:10F4E00032AF2A4D21EA19681126110610E518E5F8
:10F4F00018E418E418C518C518C518C518C518C5E6
:10F5000018C518C418C418C410C418C418C318C423
:10F5100018C410C410C510C510E5216729EA322BA4
:10F520002A2C21EC220D220D1A0C19EC19CC19CC25
:10F5300019CC19EC21EC21EC21EB21EB19EA21EAA1
:10F5400029C9216818E618C518C518C518E518C5D1
:10F5500018E518E518E518C518C518C518E518C444
:10F5600018C418C418C418C418C418C418E518E579
:10F5700018E518C518E518E510C410C410C410C566
:10F58000112621A92A0B220D222E222E1A4E1A2DC7
:10F590001A2D222C222C222C21EB19A81126110520
:10F5A00010E410C410A410A418A418A418A418A43B
:10F5B00018A418C418A418A418A418A418A418A44B
:10F5C00010A418A410C410A410C410C410C410C4F3
:10F5D00018C410C410A4214631E829C8194610C423
:10F5E00010C418C418A410A418C418C418C418C48B
:10F5F00018C418C410A418A418A410A410A310A30D
:10F6000010A410A410C418E5196829EC222E222F8A
:10F6100022902AB022B02A91229122B122B22AD27B
:10F6200022D222D222D222B222B22AB22AB22AB2C2
:10F630002AB22AB22AB22AB22AB222D222D222B2C2
:10F640002AB22AD222B222D22AF32AF32AF32AF3A6
:10F650002AF32B132B132AF32AF32AF32AF32AF380
:10F660002AF32AF3333433353335333533353335F1
:10F67000335533353336333533353334333433342C
:10F68000333433343B343B143314333433133313B4
:10F690003B133B1333133AF33B133AF43B143B1441
:10F6A0003B143AF43AF43AF43B143B143B133B1347
:10F6B0003B133B133B133AF332F43AF43AF33AF187
:10F6C00032AF324D29EA196711061105110518E507
:10F6D00018E510E518C510C418E518C418E518E5B4
:10F6E00018C418E518C510C418E418C518E518E5BD
:10F6F00018C518C510C510C5194721A92A0B326DA8
:10F700002A4D1A2D1A2D1A0D1A0C19EC19CC19ECB8
:10F7100019EC19EC19EC19EB19EB19EB19EA21EAC0
:10F7200029EA2188190618E518E418E518C518C54E
:10F7300018C518C518E518E518E518E510E518E529
:10F7400018C518C518C518C518C518C418E518E592
:10F7500018C518C510E510C410C410C410C410C4D6
:10F760001105196721CA222C1A2C1A0D1A0C1A0C11
:10F770001A0C1A0C1A0C220B21EB19A9112608E5F8
:10F7800008C408A410A410A410A410A418A418A4B9
:10F7900018A418C418A418A418A418A418A418A469
:10F7A00018A418A410C410A410A418A410A410A481
:10F7B00010A408A410E529A731E829E8192610C4E7
:10F7C00010A418C418A410A418A418A418A418A449
:10F7D00018A418A418A418A518A410A410A410A361
:10F7E00010A410C410C51905196821CB220C220DD4
:10F7F0001A2E1A4E1A4E222F1A2F224F22702A909A
:10F800002AB12AB12AB12AB12AB12AD12AD22AD2BE
:10F810002AD22AD22AD22AD22AD222D22AD22AD210
:10F820002AD22AD22AB12AD22AF22AF22AF22B1278
:10F830002AF22AF22AF222F22AF32AF32AF32AF3EC
:10F840002AF32AF33335333533353335333533350E
:10F85000333533353335333533353334333433346B
:10F860003334333433333B3433333313331333349C
:10F8700033143B133B133AF43AF43B14331433146C
:10F8800033143B143AF43AF43AF43AF43AF43AF4CE
:10F890003AF43AF43AF43B143AF43AF33AF33AF1DC
:10F8A00032AF2A4C21EA19671105110510E510E560
:10F8B00018E518C518C418E518E518E518E518E5A1
:10F8C00018E518E510E510C418C410C518E518E5CA
:10F8D00018C510E510C51106216829EA2A2C328EB8
:10F8E0002A6E1A4E1A4E1A2D1A0D19EC19ED19ED31
:10F8F00019EC19EC1A0C19CB19CA19EA19EA21EA00
:10F9000021EA21C82166190518E518C518E618C5A9
:10F9100018C518C518C518E510E510E510E418E578
:10F9200018C518E518E518E518E518E518E518C52F
:10F9300018E518E518E518E510C410C410A410C4A3
:10F940001104194621C9220B220C1A0C1A0C19ECAD
:10F9500019EC19EC1A0C220C21EB19A9112608E557
:10F9600008C410A410A410C410C410A410A418A497
:10F9700018A418A418A418A418A418A418A418A4A7
:10F9800018A410C410C410C410C418A418A410C41F
:10F9900010A408A4110529C8320929A7110510C40B
:10F9A00010A418C418C410A410A418A418A410A457
:10F9B00010A410A410A418A418A418C410A410A370
:10F9C00010C410C410C510E6194721A921EB19CCA9
:10F9D00019ED11CD11CC11AC118C11CD1A2E224F75
:10F9E000226F2270227022702290229022B122B1C6
:10F9F00022B122B1229122B122B122B122B122B18F
:10FA000022912AB1229122B12AB22AD22AF22AF2D2
:10FA10002AF22AF22B1222F22B132B132AF32B1386
:10FA20002AF32AF33335333533343335333533352D
:10FA300033353335333533353335333433143334A9
:10FA400033343333333333343334331333133333C3
:10FA5000331333133B133AF33B1332F333133313A0
:10FA60003B133B133B133AF33B133B133B133B1347
:10FA70003B133B133B133B143AF43AF43B133AF178
:10FA800032AF2A4C21EA19471105110510E518C5B6
:10FA900018C418C518C518C418C418C418C418C484
:10FAA00018C418C518C418C418C410C418C418E55C
:10FAB00018C418C518E61927218929EB324D3AAF29
:10FAC00032AF226F228F226F224E222E224E1A4EEA
:10FAD0001A2D1A0D19EC19EC19EB19EB19EB19EB9E
:10FAE000220A29E929C8192610E518C518C618C41C
:10FAF00018E518E518C518E518E510E510E518C56E
:10FB000018E518C518E518E518E518C518E518C46E
:10FB100018E518E518E518E510C410C410C410C4A1
:10FB20001905214729C92A0B220C1A0C1A0C19ECA9
:10FB300019EC19EC1A0C220B21EA1989112608E597
:10FB400008C410A410C410A410A410C418A418A4AD
:10FB500018A418A418A418A418A418A418A418A4C5
:10FB600018A410C410A410A418C410A418C410C45D
:10FB700010A410C4192631C83209216610E410C43B
:10FB800010A418C418A410A418A410A418A410A495
:10FB900010A418A410A418A418A410A410C410A48D
:10FBA00010C410C410C510E51107218919AB11ABA1
:10FBB00011CC09AC096B096B096A098B11AC11ED09
:10FBC00019ED19ED1A0E1A2E1A2E1A4F1A4F226F0E
:10FBD000226F226F226F1A6F226F226F224F224FE5
:10FBE000224F2250225022702A912AB12AF22AF260
:10FBF0002AD22AF22AF22AF22AF32B132AF32AF320
:10FC00002AF32AF33334333433353335333433354D
:10FC100033353335333533353335333533343334A6
:10FC20003334333333333334333333332B333313CA
:10FC30003333333433133B133B133B13331333133B
:10FC400033133B133B133AF33B133B143B133B136C
:10FC50003B133B133AF43AF33B143B133B133AF197
:10FC600032CF2A4D21EA1968110510E510C518C5D3
:10FC700018C518C418C518E518C418C418C418C481
:10FC800018E418C418C418C418C410C418E418E43C
:10FC900018C418C51906216829CA320C326E3AAF49
:10FCA00032B02AB02AB02A90226F224E226F1A4E0A
:10FCB000222E1A0D1A0D19EC19EC21EC21EC19EB7E
:10FCC0001A0B220A29E92187190518C518C618E553
:10FCD00018C518C418E518E518E518E510E518C5A5
:10FCE00018E518E518E518E518E518E518E518E52C
:10FCF00010C418E518E510C410C410C410C410C412
:10FD000018E5214629A92A0B220B21EB19EC19CC65
:10FD100019EC19EC19EB21EB21EA1988112608E5F9
:10FD200010E410C410C410C410A410C410A418A46B
:10FD300018A418A418A418A418A418A418A418A4E3
:10FD400010A410A410A410A418C418A418A410A4DB
:10FD500010C410E4216729E83208194610E510C4E0
:10FD600010C418A410A418C410A410A410A418A49B
:10FD700010A410A410A410A410A410A410A410C4C3
:10FD800010C410C510C510E611071969198A118B26
:10FD9000096A094A014A094A094A096A118B11ACE0
:10FDA00011CC11CC11ED19ED19ED11ED120D120D53
:10FDB000120D1A2E1A0D1A0D1A0E1A0E1A0E1A0EEE
:10FDC0001A0E11EE1A2F1A2F224F2A902AD12AF238
:10FDD0002AD22AF22AF22AF22AF22AF32AF32AF360
:10FDE0002AF32AF33334333433353335333533356B
:10FDF00033353335333533353334333433343334C7
:10FE0000333333333333333433132B132B13333331
:10FE100033133313331332F33B13331333133313CB
:10FE200033333B133B133B133B1333133B1333135A
:10FE300033133B133B133B133B133B133B133AF17D
:10FE400032CF2A4D2A0B1988110610E510E510C58E
:10FE500018C418C518E518C418E518C418C418C47F
:10FE600018E518C418C418C418A418C418E418C491
:10FE700018E518E61927218A320C324D328F32B03C
:10FE800032B02AB02A902A70224F222E1A2E1A2E11
:10FE90001A2D1A0D19ED19EC19CC19CC19EC19EB16
:10FEA00019EB21EA220A29C9194710C518C518E516
:10FEB00018C518E518E518E518E518E518E518C59A
:10FEC00018E518E518E518E518E518E518E518E54A
:10FED00010C410C410C410C410C410A410C410C4A2
:10FEE00018C41926218829CA29EB21EB21EB19CC4A
:10FEF00019EC19EC19EB21EB21EA1988112610E411
:10FF000010E410A410C410C410A410C410A418A4A9
:10FF100018A418A418A418A418A418A418A418A401
:10FF200018A418A418C410C418A410A410A410A4D1
:10FF300010C41905298731E929E9196608E510C4B3
:10FF400010C410C410A410C410C410A410A410A491
:10FF500010C410C410C510A410A410A410C410C460
:10FF600010E508C508C508E6110819491149094AEC
:10FF70000929092A092A094A096A096B118B11AB57
:10FF800011CC19ED1A0D1A0D1A2E1A2E1A2E1A2E20
:10FF90001A2E1A2E1A2E1A2E1A2E1A2E1A2E1A2E21
:10FFA0001A2E1A2E222F224F2A902AB12AD12AD174
:10FFB0002AD22AD22AF22AF22AF22AF22AF22AF3A0
:10FFC0002AF32B13333433343334333433353B3562
:10FFD000333433143314333433343334331433334A
:10FFE0003334333333333334333333132B13331347
:10FFF0003333331433133AF33B13331333133313C1
:020000040801F1
:100000003313331333133AF33313331332F332F31B
:1000100032F333133B133B133B133B133B123AF1C5
:1000200032AF2A6D2A0B19A8112610E510E510C56C
:1000300018C418C518C418C518E518E518E518E55A
:1000400018E510C418C410C410C410C418C418C4CF
:1000500010C51926216829CB2A0C2A2D2A6E2A6F51
:100060002A4E222E19ED19ED11ED11CD11CC11CC26
:1000700009AC098B118B118B098B118B118B11CB57
:1000800011EA19EA220A21E92188110610E518E58A
:1000900010E410C418E518E518C518E518E518E5CA
:1000A00018E518E518E518E518E518E518E518E568
:1000B00010C410C410C410C410C410C410C410C4A0
:1000C00010C418E5214729C929EA220B19EB19CCDC
:1000D00021EC19EC19EB21EB29EA2188112608E51E
:1000E00008E410C410C410C410A410C410A418A4B0
:1000F00018A418A418A418A418A418A418A418A420
:1001000018A418A418C410C418A418A418C410C49F
:1001100008C4194629C9322A320A21A8114608E51D
:1001200008E510C510A510C510C510C510A510A56F
:1001300010C510C510A510A508C510C508C508C56F
:1001400008E608E60907110811081129114A114AA1
:10015000094A094A094A094A098B11AC11AC19CD5F
:100160001A0D224F2A6F2A902A902A902A902A90BC
:100170002A902A902A902A902A902A902A902AB08F
:100180002AB02AB12AB12AB132D12AD12AD12AD110
:100190002AD12AD22AF22AF22AF22AF22AF32AF3BE
:1001A0002AF32AF33B543B543B543B353B353B3518
:1001B0003B353335333433343334333433343333FE
:1001C000333433333333331333343334333433133B
:1001D000331333133B133AF33B13331333132B1300
:1001E0002B1333133B133B133313331333133313D7
:1001F00032F332F332F333133B1332F33B123AF15F
:1002000032CF2A6D2A0B21A911261106110510C51E
:1002100018E518E518E518E518E510E510E510E50E
:1002200010E510C410C410C510C510C510C510C508
:1002300018E6194821AA29EB220C220D220D1A0DCD
:1002400019CC11AB096B096B096B096B096B096A56
:10025000094A014A014A014A014A014A094A098AEE
:1002600011CA19CB1A0B220A21C91967110510E509
:1002700010E510C418E518C518E518C518C518E527
:1002800018E518E518E518E518E518E518E518C5A6
:1002900018E518E518E518E510C410C410C410C41A
:1002A00010C410E4194629A929EA220A21EB21EBFE
:1002B00019EC19EB19EB21EB21EA21A8112610E525
:1002C00008C410C410C418C410A410C410A418A4E6
:1002D00018A418A418A418A418A418A418A418A43E
:1002E00018A410A418A418A418A418A410A410A446
:1002F00010E4216729E92A0A2A0A29EA198811271C
:1003000008E608E610E610C508C608C508C508C511
:1003100008E510E608E508C608C608C508E608E6C8
:10032000090709081129114A114A114A116B198B41
:10033000118B118C118B118C19CD19ED220E222EDF
:10034000224F2A9032D132D132F232D132D132D14F
:1003500032D132F132F132F132D132D132D12AD12D
:1003600032D132D132D132D12AB12AD132F132D185
:100370002AD12AF12AD22AF22AF22AF22AF32AF3DD
:100380002AF32AF33B553B543B543B553B553B35F5
:100390003B353B3533343334333433343334331334
:1003A0003334333433133B13333333343334331470
:1003B00033133B133AF33B133313331333132B131E
:1003C00033133313331333133313331333133B13F5
:1003D00033133313331332F332D332D232F232F1D6
:1003E00032CF2A6D2A0B21C91947110608E510C51D
:1003F00010E510C510C410E510E51105110610E553
:1004000010E510E510E510E510E510E510E610E642
:100410001907196821AA21CB11CB11AB118B118BB4
:10042000096B094A096A094A014A012A094A094924
:100430000949014A0129014901290169014A118A31
:1004400019CB19EB19EB220A220921C8112610E554
:1004500018E510E410E518C518E518C418C518E526
:1004600018C518C518C518C518E518E518E518C544
:1004700018E518E518E518E518E510C410A410C42F
:1004800010C410E4112621A82A0A21EA21EB19EB55
:100490001A0C21EB21EB21EB21EA21A9112610E412
:1004A00010E410C410C410C410A410C410A418A4E4
:1004B00018A418A418A418A418A418A418A418A45C
:1004C00018A410A418A418A418A418A410A410A464
:1004D000190521A729EA2A0B21C921EA19C911689E
:1004E000092709071107090608E608E608E608E6ED
:1004F0001106110608E608E608E7090708E70907F4
:1005000009280949116A198B198B198B198C198CB7
:1005100019AC19CD19CD1A0E1A0F222F222F224FE6
:1005200022502A912AB12AB12AD132D22AD232D2E9
:100530002AB22AB22AB12AD12AB132D12AD132F131
:1005400032D12AD132D132D232D232D132D132F179
:100550002AD12AD12AD12AF232F22AF22AF22AF315
:100560002AF32AF33B553B543B543B543B543B3515
:100570003B3433343334333433333334333433135D
:100580003334333433133B133313331333133313F1
:1005900033333B143B133B133B33331333133313CA
:1005A0003312331232F232F232F232F232F232D209
:1005B0002AD22AD12AB22AB12AB12AB12AB12AB022
:1005C0002A8F224D222C220B19A919471107110637
:1005D0001926112611261926112711261106110692
:1005E00011061106112611261126110711071107F0
:1005F00011281969198A198B118B118B096B096BD9
:10060000096A096B096B096B096A096B096A096A4E
:10061000094A096A096A016A016A096A096A118B49
:1006200019CB19EB1A0B220B21EA21E9198710E5E6
:1006300010E510C410E518E518C518C518C518E56B
:1006400018E518C518E518E518C518C518C518C562
:1006500018E518E518E510C410C410C410A410C49F
:1006600010C410C410E5216729C929EA21EB19EC4F
:1006700019EB19EB21EB21EA21EA21A9112610E55A
:1006800010C410C410C410C410A410A410A418A442
:1006900018A418A418A418A418A418A418A418A47A
:1006A00018A418A418C418A410A418A410C410C521
:1006B000192621A829EA21CA1989198919891169D4
:1006C000094811280908090709070907090709073F
:1006D00009271128090809270907090809280948CD
:1006E0001169118A11AB19AC19AD19AC19AC19AC5F
:1006F00019CC19ED220D222F222F224F222F224F0B
:1007000022702A912AB22AB12AB22AD22AD22AD215
:100710002AD22AD12AB12AD12AB22AD12AB12AD15F
:100720002AB132D12AD12AD132D132D132D232D2E7
:1007300032F232D232D232F232D22AF22AF22AF211
:100740002AF22AF23B543B343B343B543B543B3477
:100750003334333433343334333433343334331382
:1007600033333333333333333B3433333313331390
:100770003313331333133B1332F22AB12AB12A91C4
:100780002A912A9022902A90227022702270227040
:10079000224F1A2F1A2F1A2F1A4F1A4F224F224F59
:1007A000222F222E222E222D21EB21AA1989116817
:1007B0001989198919891989198A1968196819688B
:1007C0001968194819681148196819491128112818
:1007D000116A116A196B198C198C116B118C096BC8
:1007E000118C11AC11AC11AC11AC11AC19CB11AB1B
:1007F000118B118B11AB11AB11AB11AB11AA11CB3A
:1008000019EB19EC19EC1A0B21EA220919C819463F
:10081000110610E418E518E518C518E518C518E51F
:1008200018C518E518E518E518C518E518E518E520
:1008300018E518E510C410C410C418A410A410C4FE
:1008400010A410C410C5212629A929EA21EA220BE7
:1008500019EB21CB21EB220B21EA21A9112610E56E
:1008600010C518A418A418A418A418A418A418A48F
:1008700018A418A418A418A418A418A418A418A498
:1008800010A418A418A418A418A410A410A410E567
:10089000192729C929CA198A114911491149116A07
:1008A000114A114A114A116A116911491149114934
:1008B0001169116A116A11491149094A116A118AAB
:1008C000118B11CC11CC11AC11AD11AC11CC19CDD7
:1008D00019ED19ED220E220F222F225022702270C4
:1008E00022702A9032D22AB22AB12AD12AD12AD110
:1008F0002AD12AD12AB12AB12AD12AB02AB132D199
:100900002AB132D132D132D132D132D132D232D2F5
:1009100032D232D232D232D132D232D232D22AD2C0
:1009200032D232D23B543B543B343B543B543B34A5
:100930003334331433343334335433343334333380
:100940003334333433333B343B343B343B34331371
:100950002AF22AB22AB22AB12270224F1A2F1A2F53
:100960001A2F1A2F1A2F1A2F1A2F1A2F1A2F1A2F3F
:100970001A2F1A2F1A2F224F1A4F2250225022506C
:10098000222F222F224E224E222D2A0C21EC220B26
:10099000220B220B220B220C2A0C2A0C21EB21EB1E
:1009A00021CB21CB21AB21AB21AB19AA116A116A52
:1009B000198B19AB19AC19AC19AC11AC11AC11AC49
:1009C00011AC19CD19CD19ED19ED19ED19ED19EC81
:1009D00019CC19EC19CC19EC19EC19EC19CB19EB51
:1009E00019EC19EC19EC21EC220A220921E919670A
:1009F000110610E518E518C418E518C518C518E55E
:100A000018E518C518C518C518E518E518E518E55E
:100A100018E518C518E518C510C410C410A410C4F2
:100A200010A410A410C41906216729EA21EB21EBB8
:100A300021EB21EB21EB220A220A21A9112610E544
:100A400010C518A410A410A410A410A410A410A4DD
:100A500010A410A410A410A410A410A418A410A4EE
:100A600010A410A410A410A410A410A410A419067B
:100A7000216829CA21AA11891169116A198A19AB39
:100A800019AB198B19AB19AB19AA198A198A198ACA
:100A900019AB19AB19AB19AB198A198B19AB19CB57
:100AA00019CC19CC11CC11CD11AC19CD19ED19ED12
:100AB000220D220E222F2A4F222F22702270227006
:100AC0002A902AB132B12AB22AB12AD12AB12AD126
:100AD0002AB12AD12AB12AD12AD132D132D132D166
:100AE00032D132D132D132D132D132D132D132D1EE
:100AF00032D132D132D232D232D232D232D132D1DA
:100B000032D232D13B543B543B343B343B543B34E4
:100B100033333313333333343334333333333334C2
:100B20003334333433343B343B343333333332F3C1
:100B30002AB2227122712270227022702290229099
:100B400022902A912A912A902A902A902AB12AB199
:100B50002AB12AB12AB12AB132D232F232D232D2F9
:100B600032D132D132D132B02A8F2A4E2A4E222DA2
:100B7000222D2A6E2A4E2A6E2A6F2A6F2A4E2A4E5C
:100B8000222E220D19CC19ED19CC19CC19CC19CC67
:100B900019CC19CD19ED19ED19ED19EE19CD19CDA5
:100BA00019ED19ED19ED19ED1A0D220D220D19EDA2
:100BB00019ED19EC19EC19EC19EC19EC19EC1A0BEC
:100BC00019EB19EC1A0C19EB220B220A22092188C5
:100BD0001126110510E518C418C418E510C518E54C
:100BE00018C518C518C518C518C418C418C418C520
:100BF00018C418C418C418C410C410C410A410C455
:100C000010A410C410C410E5192629C921EA21EB4B
:100C100021EB21EB21EA21EA21EA1988110610C50E
:100C200010C510A410A410A410A410A410A410A403
:100C300010A410A410A410A410A410A410A410A414
:100C400010A410A410A410A410A410A410E52167EF
:100C500029C929EA19CA118A11AA19CA19AB19CBCB
:100C600019EC19CC19CC19AB19AB19AB19AB19ABE1
:100C700019AB19CB19CB19AB19AB19AB19AB19CCF3
:100C800019EC11AC11CC11CC19CC19CD19ED220EE7
:100C9000222E222F2A2F2A4F224F22702A902AB04A
:100CA0002AB12AB132B132B232B232D12AB12AB12A
:100CB0002AD132D12AD12AD132D132D132D132D134
:100CC00032D132F132F132F132D132D132D132D1AC
:100CD00032D132D132D232D132D132D132D132D1FB
:100CE0002AD12AD13B743B543B533B533B533B33B8
:100CF00033333313333333333333333333333333E4
:100D0000333333333333331333333313333332F334
:100D10002AD22AB12AB22AD132F233123312331232
:100D2000331233123313331233123312331233129A
:100D3000331233123312331233133B133B133B136F
:100D40003B133B123B123B123AD132D132B12AB0A3
:100D50002A8F328F2AB032B032B132D12AB12AB0C2
:100D60002A9022701A2E1A2F1A0E1A0E222E222EB6
:100D70001A0E19EE19ED19EE19EE19EE19EE220EF2
:100D8000220E220E220E1A0D1A0D1A0D1A0D19ED31
:100D900019ED19ED19EC19EC19EC19EC19EC19EC29
:100DA00019EC19EC19EC19EB19EB19EA21EA21A954
:100DB0001167110610E510C510C410C410C518C481
:100DC00018C418C418C410C410C410C410C410C46B
:100DD00010A410C418C410A410C410C410A410A4EB
:100DE00010A410C410C410E5190629A829EA21EAA4
:100DF000220B21CA21CA21CA21C91988110508C498
:100E000010A410A410A410A410A410A410A410A442
:100E100010A410A418C418C418C418C418C418C442
:100E200018C418C410A410C410A410A41906218852
:100E300029CA21EA19CA11AA11AB19CB11CB19CBB6
:100E400019CB19CB19CB19CB19AB19AB19AB19AB02
:100E500019AB19CB19CB19AB19CB19AB19AB19CCF1
:100E600019CC11CB11CB19CC19CD19ED19ED220DDF
:100E7000222E222E222F224F224F22702AB032D130
:100E800032D132D12AB132D232B12AD12AB12AD1C9
:100E900032D132D12AD132D132D12AD12AD12AD15A
:100EA0002AD132D132D132D132D12AD12AD12AD14A
:100EB0002AD12AD132D132D132D132D12AD12AD13A
:100EC0002AD12AD133533B543B543B5333333B3326
:100ED00033133313331333333333333333333B333A
:100EE0003B3333333B333313331333333333331322
:100EF00033133313333333133B123B133B133B1383
:100F000033123312331233123312331233123312B9
:100F100033123312331233123313331332F33313C6
:100F200033133B1233123B12331232F232F232F2EB
:100F30003312331232F232F232F332F332F332F24C
:100F40002AF22AB22AB12AB12AB22AB12AB02270D0
:100F5000224F1A2E120E11EE1A0E1A0E222F222FC7
:100F6000224F224F224F224F224F222E222E222E5C
:100F70001A0D19ED11ED11CC11EC11EC11EC11EC75
:100F800011EC19EB19CB19EB19EB19EA21EB21CA7A
:100F900019A9112710E610E510C410C410C418A434
:100FA00018C410C410A410A410A410A410A410A459
:100FB00010A410A410A410A410C410A410C410A451
:100FC00010A410A410A410C410E5192721A921CA47
:100FD00021CA21CA21CA21CA21C8196708E508C443
:100FE00010A410A410A410A410A410A410A410A461
:100FF00010A410A410A410A410A410A410A410A451
:1010000010A410A410A410A410A408A4190621A8C8
:1010100029EA21CA19CA11CB11CB11CB11CB19CB9B
:1010200011CB11CB11CB19CB19CB19CB19CB19ABD8
:1010300019AB19CB19CB19AB19AB19AB19CB19CB10
:1010400019CB19CB19CB19CB11CB19CC19ED19ED43
:10105000222F224F226F2A6F22702A902AB032D07C
:1010600032D12AB12AB12AB12AB12AB12AB132D158
:1010700032D132D132D12AB12AB12AB12AB12AB120
:101080002AB12AD12AD12AD12AD12AB12AB12AB108
:101090002AB12AB12AB12AB12AB12AB12AD12AD138
:1010A0002AD12AD13353335433533B33333333337D
:1010B0003B133313331333133333331333333B3390
:1010C0003B333B333B333B333B3333333B333333C0
:1010D0003333333333333333333333333312331222
:1010E0003332331233323312331333133313333374
:1010F00033133333331333133313331333133312A1
:101100003332333233133313331333133332333233
:101110003332331233123313331333133313331382
:101120003313331333132B13331332F2331232F2DC
:101130002AD12290224F1A2F1A2E1A0E224F2A70CD
:101140002A912A902A702A6F2A6F224F2A6F226FC3
:10115000222E1A2E1A0D1A0D1A0D1A0D1A0D11EC37
:1011600019EC19EC19EC19EB19EB19CB19EB21EB74
:1011700021CA1968110610E510C410C410C410A4C7
:1011800018E418C410C410A410C410C410A310A4F0
:1011900010A410A410A410A310C410C410C410A450
:1011A00010A410A410A410C410C41906218829CAC0
:1011B00021CA21C921E921E921C9196708E508C522
:1011C00010A410A410A410A410A410A410A410A47F
:1011D00010A410A410A310A310A310A310A310A375
:1011E00010A410A410A410A410A410A4190621A9DE
:1011F00021EA19CA19CB11CB11CB11CB11CB19CBC9
:1012000011CB19CB19CB19AB19AB19CB19CB19AB26
:1012100019AB19AB19AB19AB19AB19AB19CB19AB8E
:1012200019AB19AB19AB11CB11AB19CC19ED1A0DC8
:10123000224F224F224F228F2A902AB132B02AD039
:101240002AD02AB12AB12AB12AB12AB12AD12AB187
:1012500032D12AD132D12AB12AB12AB12AB12AB146
:101260002AB02AB12AB12AB12AD12AB12AB12AB187
:101270002AB12AB12AB12AB12AB12AB12AB02AB098
:101280002AD02AD033533B733B73335333323B1250
:101290003312331233123312331233123312331226
:1012A000333233333333333333333333333333330F
:1012B000333333333333333333333333333333121F
:1012C00033123312331233123313331233123312F5
:1012D00033133313331333133313331333123312E0
:1012E0003332333233123313331333123312331294
:1012F000331233323312331233132B1333123313AB
:1013000033133312331232F233123313331232F2F5
:10131000331232F22AD12290224F1A2F222F227119
:101320002AB02A90229022902270226F226F226F80
:10133000226F224E226F224E1A4E1A2E1A0D11ECD7
:1013400019CC11EC11CB19EB19CB19CB19EB21EB03
:1013500021CB21A9194710E510C410C418E518E4E1
:1013600018E410C410C410A410C410C410A310A416
:1013700010A410A410A410A310A410C410C410A38F
:1013800010A410A410A410A410C410E5196721A97A
:1013900029C929E921E921E921C8196708E510C40B
:1013A00010C510A410A410A410A410A410A410A47C
:1013B00010A410A410A310A410A410A310A410A48F
:1013C00010A410A310A410A410A410C4194721A99C
:1013D00021CA19CA11AB11AB11AB11AB11AB19CBAF
:1013E00019CB19CB19CB11CB11CB11CB11CB11CA06
:1013F00011CB19CB11CB19CB11CB11CB19AB19CB0D
:1014000019CB19AB19CB19AB11CB11CB19ED224E5E
:10141000226F224F226F2AAF2AB12AB12AB02AB0F6
:101420002AB02AB02AB12AB12AB132B032B032B0D1
:1014300032B132B032B032B02AB02AB02AB02AB0BB
:101440002AB12AD12AD12AD12AD12AB12AB12AB144
:101450002AB12AB02AB02AB12AB12AB12AB02AB0B8
:101460002AB02AB033533353335333533332331206
:10147000331232F2331233123312331232F2331286
:10148000331233123313331333133313331333132E
:101490003313331333133312331233123333331200
:1014A00033123312331233133312331333133333F0
:1014B00033133313331333133313331333123332DE
:1014C0003332333233123313331333123312333292
:1014D0003332333233123312333333133332331262
:1014E00033123312331232F232F232F22AF22AF289
:1014F0002AF132F232F232F12AB02A902AB132B114
:101500002AB22A912AB12AB02A902A902A902290AF
:10151000226F226F226F226F224E226E224E1A2DD0
:101520001A0C1A0C19EB19CB19CB19CB19CB21EBCF
:1015300021EB29EB21A9192610E518E410C418C4E1
:1015400010C410C410C410C410C410C410A310A43C
:1015500010A410A410A410A410A410C410A41083EC
:1015600010841083108310A410C410E5192721885B
:1015700029C929C929C921E921A8196710E510C479
:1015800010C410C418A418A418A410A410A410A463
:1015900010A410A410A310A318A310A410A410A4A6
:1015A00010A410A310A410A410A410C5194721A9B9
:1015B00021EA11AA11AB118B118B11AB118B118B7D
:1015C000118B118A118A118A118A118A118A11AA22
:1015D00011AA11AA11AB11AA118A118A118A11AA92
:1015E00011AA11AA11AA11AA11AA11AB19EC224E23
:1015F000224F22702AB02AB02A902AB02AB02AB0EC
:101600002AAF2AB02AB12A912AB132B032B032B010
:1016100032B12AB032B02AB02AB02AB02AB12AB0E8
:101620002AB02AB02AB12AB12AD12AB12AB02AB0C6
:101630002AB12AB02AB02AB02AB12AB02AB02AB0D8
:101640002AB02AB0333333333353333333123312A4
:1016500033123312331233123312331232F2331283
:1016600032F2331233122B122B122B122B122B129B
:101670002B122B122B122B122AF22B122B1233129B
:10168000331233122B122B122B322B122B122B1242
:101690002B122B122B122B122B122B122B122B1262
:1016A000333233333332333233322B123312331279
:1016B00033122B122B122B122B122B122B122B123A
:1016C0002B122B122B122AF22AF22AF22AF22AF2D7
:1016D0002AF22AF232F132F232F232F22AF22AF20B
:1016E0002AD232D22AD12AD12AD12AD12AD02AD01A
:1016F0002AB0228F228F228F226F1A6F226F224EE2
:101700001A2E1A0D11CC19EC19CC19CC19EC19CBD5
:1017100021EB21EA21C91967190610C518C518C49B
:1017200010C410C410A410A410A410A410A310A3DB
:1017300010A410A410A410A410A410A410A410A409
:1017400010A410A410A410A410C408A410E51967D4
:1017500021A829E921C829C82187110510C410C46E
:1017600010C410C510A410A410A410A410A310A499
:1017700010A410A410841084108410A4108310A44A
:1017800010A410A310A310A4108410E5218821A98F
:1017900019AA11890989096A096A098A096A096AFB
:1017A000096A09690949096A096A096A096A096AC3
:1017B000116A116A116A114A096A094A118A118A61
:1017C000118A118A19AB19AB118B19AB19EC222EA6
:1017D0002A6F228F226F228F2A6F2A6F2A6F2A6F19
:1017E0002A702A702A702A902A902A902A902A9089
:1017F0002A902AB02AB02AB02AB022B022B022B051
:1018000022B022B022B122B122B12AB02AB02AB02D
:101810002AB02AB02AB02AB02AB02AB02AB02AB0F8
:101820002AB02AB0333333533333333333123312C2
:1018300033123AF2331232F232F232F232F232F23E
:1018400032F232F2331233123312331233123312B2
:101850003312331233122AF2331233123312331289
:101860002AF22AF12AF22AF22B122B122B122B1215
:101870002B122B122B122B122B122AF22B122B12A1
:101880002B12331233123312331233123312331238
:101890003312331233123312331233123312331220
:1018A00033122B122AF22AF12AF12AF22AF22AF111
:1018B0002AF232F232F132D132F232D132F232F253
:1018C00032D132F132D22AD12AD12AD12AD12AD008
:1018D0002AB02AB02AB022902290228F226F226F43
:1018E000224E1A2E1A0D1A0D19CC19CC19EC19EB1F
:1018F00021EB21EA21CA21A8194618E518C518C507
:1019000018C410C410A410A410A410A4108310A311
:1019100010A410A410A410A410A410A410A410A427
:1019200010A410A410A410A410A310C410E519470B
:10193000218829C929C929A81987110610C510A409
:1019400010C510A510A4108410A310A3108310A418
:1019500010A4108410A41084108310A3108310A46A
:1019600010C410A310A318A418C5214721A919A9B0
:101970001189096909490149012901290129012917
:1019800001290129012901290129012901290149E7
:101990000949094909490949094909490949096A96
:1019A000096A116A118A11AB11AB118B11CC19EDB7
:1019B00019ED1A0D19ED1A0E1A0E1A0E1A2E1A0E0C
:1019C000222F222F22702A702A902A902A902AB041
:1019D0002A902AB02AB02AB02AB02A902A902A90B7
:1019E0002A902A902AB02AB02AB12AB02AB02AB066
:1019F0002AB02AB02AB02AB02AB02AB02AAF2AB018
:101A00002AB02AB0333333333333331232F232F263
:101A100032F232F232F232F232F232F132F232F2A7
:101A200032F232F232F22AF22AF22AF22AF2331295
:101A30002AF22AF22AF133123312331233123312FA
:101A400032F23312331233122B122AF22AF22AF212
:101A50002AF22AF22AF12AF22AF22AF12AF22AF2A8
:101A60003312331233122B12331233123312331256
:101A70002AF1331233123312331233123312331268
:101A8000331233122AF12AF12AF232F132F232F110
:101A900032F132F132F132D132F232D132F232F26B
:101AA00032F132F232D12AD12AD12AD12AD12AD105
:101AB0002AD12AD12AB02AB02AB0229022902270AC
:101AC000226F1A2E1A0E1A0E19ED19CD19EC19ECF7
:101AD00019EB21CB21CA29C92167190618E510C4C1
:101AE00010C410C410A410A310A310A310A310A31B
:101AF00010A310A310A310A310A410A410A410A44A
:101B000010A410A418A418A318A310C410C4190575
:101B1000194729A929A921A9194710E610C510A517
:101B200010A510A510A410841083108310831083B7
:101B30001084108410A31083108310A310A410A489
:101B400010A410C410A410C419061967218919899A
:101B50000948012801280128012801080108010875
:101B60000108012801280109010901290129012988
:101B700001290149094A01490949094A094A094A09
:101B8000096A118A118B11AB11AB19AB19CC11ACCD
:101B900011CC11CC11CC11CC11ED11ED11ED1A0EAF
:101BA0001A0E1A2F22702A9022902AB02AB02AB038
:101BB00022B022B02AB0229022902A902290229025
:101BC0002290229022902AB02A902AB02AB02AB0DD
:101BD0002AB02AB02AB02AB02AB02AB02AB02AB035
:101BE0002AB02AB0331333123312331232F232F2E4
:101BF00032F132F132F132F132F232F132F132D1EC
:101C000032F132F132D12AF12AF12AF12AF22AF103
:101C10002AF12AF12AF12AF12AF133122B122AF29F
:101C20002AF22AF12AF232F232F232F232F22AF1B6
:101C30002AF12AF132F132F12AF12AF12AF232F2B2
:101C40002AF22AF22AF22AF22AF132F2331232F27C
:101C500032F232F232F132F132F12AF22AF22AF27F
:101C60002AF22AF22AF12AF12B1232F232F132F25E
:101C700032F232F232F232D132F232D232F132D1A7
:101C800032D132D12AD12AD12AD12AB12AB02AD1AD
:101C90002AD12AD12AB12AB12AB02AB02AB0229058
:101CA0002290224F1A4F1A4E222E1A2D19ED19EC9E
:101CB00019EC19CB21EA21C921882147190610E521
:101CC00010C410C410A410A310A3108310A310A359
:101CD00010A310A310A410A310A310A310A318C442
:101CE00010A318A318C418A318A318C410C410E490
:101CF0001946218929C92188112710E508C510C571
:101D000010A510A4108410841083108310831083F6
:101D10001084108310A310A410A410A410A410A465
:101D200010A410A410C510C5110619481148114877
:101D30000908010700E8010801080108010800E896
:101D40000108010801080108012901290149014987
:101D5000094A094A096A096A098A11AB11AB118B50
:101D600011AB11AB11CB19CB19CC21ED19EC19CD5D
:101D70001A0D1A0D19ED1A0E1A0E1A2E1A2F1A2FE5
:101D8000224F226F22702A902AB02AB02AB02A90BD
:101D9000229022B022B022B022B02A902A90229023
:101DA000229022902A9022B02AB02AB02AB02AB0DB
:101DB0002AB02AB02AB02A902A902AB02A902AB0B3
:101DC0002AB02AB03312331232F2331232F232F224
:101DD00032F232F132D132D132F132D132F132D16A
:101DE00032D132F132F132F132F132F132F132F1FB
:101DF00032F132F132F132F132F132F132F132F1CB
:101E000032F132F132F132F132D132D132D132D13A
:101E100032F132D132D132D12AF12AF12AF12AF12A
:101E20002AF12AF12AF12AF12AF132F132F132F1C2
:101E300032F132F132F132F132F132F132F132F18A
:101E400032F132F132F132F132F132F132D132D1BA
:101E500032D132D132F132D132D132F132F132D10A
:101E600032D12AD12AD12AD12AD12AB12AB12AB1F2
:101E70002AB12AB12AB12AB12AB12AB12A902A90CC
:101E800022702270224F224F224E1A2E1A0D1A0C47
:101E900019EC19CB21CA21CA21A9216719471105BB
:101EA00010E510C410C410A410C410A31083108334
:101EB00010A318C418A318C410A410A418C410A305
:101EC00010C410A318C418A418C418C410C410E572
:101ED000214621A829C91988112608E508E510E539
:101EE00008C510A510A5108410A410A41084108398
:101EF0001084108410A410A410A4108410A410A4A2
:101F000008A510C510E610E608E61107090709083C
:101F10000107010801080129012901080108010838
:101F20000108010801290949094A096A098A098A37
:101F3000118B09AB11CB19CC19EC1A0D220D1A0D0E
:101F40001A0D222D222D222D222E224E2A4E224ED5
:101F50002A6E2A6F2A6F226F228F228F2A902A9050
:101F60002A902A902A902A9022902AB0229022B079
:101F700022902AB0229022902290227022702290E9
:101F800022902290229022902A9022902A902A90A9
:101F90002A902A9022902290229022902AB0229079
:101FA0002290229032F232F232F232F232F232F2F5
:101FB00032F132F132D132F232F132F132D132D168
:101FC00032F132F132D132F132F132F132F12AD141
:101FD0002AD12AD12AF132F132F132F132F12AD169
:101FE0002AD12AD12AD12AD132D12AD12AD132D109
:101FF00032D132D132D132D12AD12AD12AD12AD1E9
:102000002AD12AD12AD12AD12AD132D132D132D1E0
:1020100032D132D132D132D132D132F132D132D188
:1020200032D132D132D132D132D132D132D132D198
:1020300032D132D132D132D132F12AD12AD12AD180
:102040002AB12AB12AB12AD12AB12AD12AB12AB178
:102050002AB12AB12AB12AB12AB12AB12AB12A90C9
:102060002290226F226F226F224E1A2E19ED19EC48
:1020700019CC11CB19AB19AA21A921A919671126CD
:1020800010E508C410C410E410A410A410A4108318
:1020900010A410A410A410A410A410C410C410A460
:1020A00010C410C410A418A510C510E510E5110542
:1020B000196721A821C819881146092609050905AB
:1020C00008E410E610C510C510C510C408A410A47B
:1020D00008A410A510A510A510A508A510C508C531
:1020E00010C610C608E708E708E709070907092826
:1020F00009490949096A0949096A096A096A0949CC
:1021000009490949096A098A11AB19CB11CB19ECA4
:102110001A0D19ED1A2D224E226E2A6E2A6F2A6E82
:102120002A6E2A6E2A6E2A6E2A6E2A6F2A6F2A6FEC
:102130002A8F2A8F2A8F2A8F228F228F2A902A90E5
:1021400022902A902A902270229022902A902A90FF
:102150002A902A90229022702A7022702290227057
:1021600022702290229022902A90229022902290F7
:1021700022902290229022902290229022902290CF
:102180002290229032F232F232F232F132F132F116
:1021900032F132F132D132F132F132D132D132D1A7
:1021A00032D132D132D132D132D132D132D132D117
:1021B0002AB12AB12AB02AB12AB12AB12AB132D120
:1021C00032D132D132D132D132D12AD12AD132D107
:1021D00032D132D132D132D132D132D132D132D1E7
:1021E00032D132D132D12AD132D132D132D132D1DF
:1021F00032D132D032D132D132D132D132D132D1C8
:1022000032D132D132D132D132D132D132D132D1B6
:1022100032D132D132D12AB12AD12AD12AB02AB030
:102220002A902A902AB02A902AB12AB02AB12AB03C
:102230002AB12AB12AB02AB12AB02AB12AB12A90E9
:102240002A8F2A8F2A6F2A8F2A6F224E1A0D1A0C74
:1022500019EB19CB19AA19AA198A21AA19881947A1
:10226000112608E508E510E510E510C410A410A437
:1022700010A408A408A408A410A408A410A410A4DE
:1022800008C408C510C510E610E61106112711474D
:102290001967198819891188096709670947092683
:1022A0000926090608E608E508E508E508C508C4A2
:1022B00008A508C508C508E508C608C608C608C6B2
:1022C00008C608C708E7090809280928114911693B
:1022D000118A118A118B118A118A118B11AB118A03
:1022E000116A118A118A19AB19EC1A0C1A0C220DF9
:1022F000222D224E226E2A6F2A6E2A6E226E2A6E9E
:102300002A6F2A6E2A6E226E226F226E228F228FF1
:102310002A8F2A8F2AAF2A8F228F228F22902290F3
:10232000229022902290227022702290229022905D
:102330002A702A702A702A702A702270226F226FE7
:1023400022702270226F227022702290229022909E
:1023500022902290229022902290229022902290ED
:102360002290229032D132D132D132D132D132D1F7
:1023700032D132F132D132D132D132D132D132D125
:1023800032D132D132D132D132D132D132D132D135
:1023900032D132B12AB032D12AB12AB12AB132D1E6
:1023A00032D132D132D132D12AD12AD12AD132D12D
:1023B0002AD12AD12AD12AD12AD12AD12AD12AD145
:1023C00032D132D132D132D132D132D032F132D1D6
:1023D00032D132D132D132D132D132D132D132D1E5
:1023E00032D132D132D132D132D132D132D132D1D5
:1023F00032D132D132D12AD12AD12AB02AB02A9070
:102400002A902A902A902A902AB02AB02AB02AB07C
:102410002AB02AB02AB02AB02AB02AB02A902A704C
:102420002A6F2A8F2A6E2A6F224E222D1A0D1A0B1E
:1024300011EB11CA118A118A116919691969198870
:1024400011670926090508E610E510E510C510A575
:1024500008A4088408A4108408A408A410A410A444
:1024600008C5090611271928194819681968198813
:102470001189198919AA11AA11691189118911687B
:1024800011681148092709060906090508E508E544
:1024900000E608E608E610E710E708E608E708E7C0
:1024A00008E708E708E8114811491169116A118A1B
:1024B000118A118A118A118A118A118A118A118A44
:1024C000118A118B19AB19CB19EB220D1A0D1A0DAC
:1024D0001A2D1A2E224E226F2A6F2A6F226F2A6F10
:1024E0002A6F2A6F2A6F228F228F228F228F228FAC
:1024F000228F228F2AAF228E228F228F228F228F2D
:102500002290229022902270227022702A702A70CB
:102510002A502A702A702A502A50226F224F226F86
:10252000226F226F226F226F226F226F228F228FE3
:10253000228F228F228F228F228F228F228F228F13
:10254000228F228F32D132B132B132D132D132D157
:1025500032D132D132D132D132D132D132D132D163
:1025600032D132D132D132D12AD032D132D032F13D
:1025700032D132D02AB02AD02AD032D12AD02AB0B1
:102580002AB02AB02AB032B02AB02AB02AB02AD152
:102590002AD02AD02AD12AD12AD12AB12AD02AB0A7
:1025A0002AB12AB032B132B02AB02AB02AB02AB049
:1025B0002AB032D032D032D032D02AB02AB02AB0AB
:1025C0002AB02AB02AB02AB02AB02AD032B132B109
:1025D0002AB12AB12AD12AD02AD12AB02AB02AB0C7
:1025E0002A902A902AB02A902A902AB02A8F2A8FDD
:1025F0002AB02A8F2AB02AB02AAF2A8F2A8F2A6FB0
:102600002A6E2A6F2A4E222D1A2D1A0C19EC11CB84
:1026100011AB11AA118A116A114911491969196876
:10262000118811470927110711271127110710E6F3
:1026300010E610E610E610C608C510C508C510C59E
:1026400008E611481989196A198B19AB19AB19CA0F
:1026500019AB19CB19CB19CB19CB11AB11AB11AAF3
:10266000118A11691169116909680948094809281D
:10267000092809281128114811280928092809289A
:10268000090809080949116A118A118A118A118AEF
:10269000118A118A118A118A118A116A118A118A82
:1026A00011AB11AB19CB19CB19EC222D1A0C1A2D29
:1026B0001A2E224E224E226F226F2A6F2A8F228FCD
:1026C000226F228F226F226F228F228F228F228FE2
:1026D000228F228E228E228E228F228F228F226F95
:1026E000226F228F22902290226F2A6F226F2A6FF0
:1026F0002A502A502A4F2A502A50224F224F224F26
:10270000226F226F226F226F228F226F226F228F01
:10271000228F228F228F228F228F228F226F226F71
:10272000226F226F32D132D032D132D132D132D176
:1027300032D132D132D132D132D132D132D132D181
:1027400032B132B132B12AD02AD02AD032D132F1CC
:1027500032D02AD02AD02AB02AD02AD02AB02AB001
:102760002AD02AD02AD02AD02AB02AB02AD02AB0F9
:1027700032D02AD02AB02AD02AD02AB02AB02AB100
:102780002AB132B132B032B032B02AB02AB02AB057
:102790002AB02AB02AB02AB02AB02AB02AB02AB069
:1027A0002AB02AB02AB02AB02AB02AB02AB02AB059
:1027B0002AB02AB02AB02AB02AB02AB02AB02AB049
:1027C00032902A902A902A902A902A902A8F2A8F33
:1027D0002AB02A8F2A6F2A6F226F226E224E222D54
:1027E0001A0D1A0C19EC11CC11CB11CB11AB11AB8A
:1027F00011AB11AB11AB118A118A198A198A11898F
:1028000011A911891168116919681969196919697A
:102810001948194819481128112811271927112773
:10282000196819AA21EC2A0D220D220E220D220D63
:10283000220D1A0D19ED19EC19EC19CC19CC19CC83
:1028400011AB11AB11AB11AB118A098A098A096A64
:102850000969116A118A118A118A118A116A116A29
:102860000969094909690969098A0949116A118AC5
:10287000118A118A118A11AA118A11AA11AA11ABFF
:1028800011AB19CB19EC19EC220C222D1A2D1A2E92
:10289000224E224E226F226F2A6F2A6F226F226FE2
:1028A000228F228F228F228F226E226E228F228EE3
:1028B000226E228E228E228E228F226E228F228FD5
:1028C000228F226F226F226F228F2A6E224E226F5A
:1028D0002A4F2A4F2A4F2A4F2A4F224F224F224F48
:1028E000226F226F226F226F226F226F226F226F60
:1028F000226F226F226F226F226F226F226F226F50
:10290000226F226F32D132D132D132D132D032D095
:1029100032D032D032D032B032B132B132B132B044
:1029200032B02AB032B12AB02AD02AD02AD02AD046
:102930002AD02AB02AD02AB02AB02AB02AB02AB087
:102940002AB02AB02AB02AB02AB032B02AB02AB0AF
:102950002AB02AB02AB02AB02AB02A902AB02AB0C7
:102960002AB02AB0329032B02AB02AB02AB02AB0A7
:102970002AB02AB02AB02AB02AB02AB02AB02AB087
:102980002AB02AB02AB02AB02AB02AB02AB02AB077
:102990002AB02AB02A902AB02AB02AB02AB02AB087
:1029A0002A902A8F2A8F2A902A8F226F224E224E17
:1029B000222E222E1A0D1A0D1A0D1A0D11ED19ECD8
:1029C00019EC11CC11CC19CD19EC19ED19ED1A0D2A
:1029D0001A0D1A0D1A0C220C220C220C21EC21EBE0
:1029E00021EB21EB21EB21EB21CB21CB21AA21AA49
:1029F00019AA198A198A1969196919691969196944
:102A0000198A19CB220C2A4E2A6E2A4F224E222EC8
:102A1000222E222E220D220D19ED19ED19ED19EDA0
:102A200021ED19CC19CB11AB11AB118A118A118A86
:102A3000118A118A118A19AB19AB19AB19AB11AAFA
:102A4000118A118A096A096A096909490949094902
:102A5000116A116A118A116A118A19AB19AB19AB83
:102A600019CB19EC19EC220C220D222D222D224E0D
:102A7000224E226F226F226F226F226F226F228FCF
:102A8000226F226F228F226F226E226F226E226EA1
:102A9000226E228E226E226E226E226E226E226F95
:102AA000226F226F226F226F226F2A4E224E224EF9
:102AB0002A4F2A4F2A4F2A4F2A4F224F224F224F66
:102AC000224F224F224F226F226F226F226F226FDE
:102AD000226F226F226F226F226F226F226F226F6E
:102AE000226F226F32B032B032B032B032B032B078
:102AF00032B032B032B032B032B032B032B032B0C6
:102B00002AB02A902AB02AB02AB02AB02AB02AB015
:102B10002AB02AB02AB02AB032B032B02A902A9015
:102B20002A902A902A902A902A902A9032B032B085
:102B300032B032B032B02AB02AB02AB02AB02AB0AD
:102B40002AB02AB02A902A902A902A902A902A9075
:102B50002A9032B02AB02AB02AB02A902A902A901D
:102B60002AB02A902A8F2A8F2A8F2A8F2A8F2A8F7B
:102B70002A8F2A8F2A902A902A902A8F2A8F2A6FAA
:102B80002A6F224E224E222E1A0D19ED11CD11ED73
:102B900011CC11ED19ED1A0D1A0D1A0D1A0D222D69
:102BA000222E224E224E2A4F2A6F2A6F2A6F224F40
:102BB000226F2A6F2A6E226E2A6E2A4E2A4E2A6EA3
:102BC0002A6E2A4E224D2A2D220D21EC21CC19CC21
:102BD00021CB19CB19AB198A198A19691969196995
:102BE00019AA21EC222D2A6E2A6E2A6F2A6F2A4FEB
:102BF000224E2A2E222E220E21ED1A0D21ED1A0D23
:102C000019ED19EC19EC19CC11CB11CB11CB11CB5F
:102C100019CB19CB19CB19CB19CB19CC19CC19CB92
:102C200019CB19CB19CB11AB118A096A118A116A18
:102C3000096A096A116A116A198A19CB19CC21EC3F
:102C4000222D222D222D220D222D222D222D224E0B
:102C5000224E226F226F224F226F226F226F226F2D
:102C6000228F226F226F226F2A6F224E224E224E17
:102C7000226E224E226E226E226E226E226E226FF3
:102C8000226F224F226F226F2A4F224E224E222E77
:102C9000224E224F2A4E2A4E224F224F224F224EA0
:102CA000222E224E224F226F226F226E226F226F1F
:102CB000226F226F226F226F226F226F226F226F8C
:102CC000226F226F2AB02AB02AB02AB032B032B0B6
:102CD00032B032B032B032B032B032B02AB032B0EC
:102CE00032B02AB032B02A902AB02AB032B02A903C
:102CF00032902AB032B02AB02AB02AB02AB02AB014
:102D00002A902A902AB02A902AB02AB02AB02AB053
:102D10002AB02AB02AB02AB02AB02AAF2AB02AB0E4
:102D20002AB02AB02A902A902A902A8F2A8F2A8F96
:102D30002A8F2AAF2A8F2A8F2A8F2A902A902AB088
:102D40002A902A8F2A8F2A902A8F2A8F2A8F2A8FB9
:102D50002A8F2A8F2A8F2A8F2A6F224E224E222EC6
:102D60001A0D1A0D19ED19ED19ED1A0C1A0D1A0D8F
:102D7000222D224E224E2A4E2A6E2A6E2A6F2A6F4A
:102D80002A8F2A902A8F2A6F2A702A702A702A8FF7
:102D9000228F2A8F2A6F2A8F2A6F2A6E2A6F2A6F14
:102DA0002A6F2A6E2A6F2A4F224E222E220E220EC0
:102DB00021EC19EC19CC19CC11AB19AA11AB19AB38
:102DC00019CC220C224E2A4E2A4F2A6F2A6F224FEC
:102DD0002A4F2A4F2A4F222F222E222E222E220E17
:102DE000220E222D222D222D220D1A0C220C220C15
:102DF000220C220C220D220D220D220C1A0C19EC91
:102E00001A0C1A0C1A0C19EC19CC19CB19CB118B02
:102E1000118B118A116A116A118A198B19AB21EC75
:102E2000220D2A2D2A2D222E222D222E2A4E224EEE
:102E3000224E226E226F224F226E226E226F226F4E
:102E4000226F226F226F226E226F226F224E224E3D
:102E5000226E224E224E224E224E224E224E224ED2
:102E6000226E224F224E224F224E224E222E222E00
:102E7000222E224E224E222E222E222E222E222E92
:102E8000222E222E224E224E224E224E226E226EC2
:102E9000226E226E226E226E226E226E224E224EF2
:102EA000224E224E2AB02AB02AB02AB02AB02AB026
:102EB0002AB02AB02A8F2A902A902A902A902AB0E3
:102EC0002AB02AB02AB02AB02AB02A902AB02A9072
:102ED0002A902AB02A902AB02AB02AB02AB02AB062
:102EE0002AB02AB02AB02AB02AB02AB02AB02AB012
:102EF0002AB02AB02AB02AB02A902AB02AB02AB022
:102F00002AB02A8F329032902A8F2A8F2A8F2A8FC6
:102F10002A8F2A8F2A8F2A8F2A8F2A8F2A8F2A8FE9
:102F20002A8F2A8F2A8F2A8F2A8F2A8F2A6F2A6F19
:102F30002A8F2A8F2A8F2A8F226F222E1A2D1A0D5E
:102F400019EC1A0C222D224D224E226E2A6E2A6F67
:102F50002A8F328F2A6F2A6F2A6F2A6F2A6F2A8F41
:102F60002A6F2A8F2A8F2A902A902A702A70226F1D
:102F7000228F228F2A8F2A8F2A8F226F226F2A8FE9
:102F80002A6F226F224F224E222E222E222E220E16
:102F9000220D220D1A0D19EC19EC19CC19CC19CCF3
:102FA00021ED222D224E2A6E2A6E2A6F2A6F226F61
:102FB0002A6F2A4F2A4F2A4F222F222F222E222ECB
:102FC000222E222E224E224E222D222D222D222D45
:102FD000222D222D222D222D222D222D222D222D79
:102FE000222D222D222D222D220D220D19EC19EC3D
:102FF00019EC19CC19CC21AC19AB118B116A118BBE
:1030000019EC21ED220D220D222E2A4E2A4E2A4E97
:10301000226E224E224E226F224E224E224E224EEF
:10302000224E224E224E224E224F226F224E224EFE
:10303000224E224E224E224E224E224E224E224E10
:10304000224E224E224E224E224E224E222E222E40
:10305000222E222E222E222E222E222E222E222EF0
:10306000222E224E222E1A4E224E224E224E224E28
:10307000224E224E224E224E224E224E224E224ED0
:10308000224E224E2A8F2A8F2A8F2A8F2A8F2AB0E9
:103090002A8F2A8F2A8F328F328F328F328F328F40
:1030A000328F328F328F328F328F328F328F328F18
:1030B000328F328F328F2A8F2A8F2A8F2A8F2A8F30
:1030C0002A8F2A8F2A8F2A8F2A8F2A8F2A8F2A8F38
:1030D0002A8F2A8F2A8F2AB02A8F2AB02AB02A8FC5
:1030E0002A8F2A8F2A8F2A8F328F2A8F2A8F2A8F10
:1030F0002A8F2A8F2A8F2A8F2A8F2A8F2A8F2A8F08
:103100002A8F2A8F2A8F2A8F2A8F2A8F2A6F2A6F37
:103110002A6F2A8F2A8F2A8F2A6F224E224E222E22
:10312000224E224E2A6E2A6E2A6F2A6F2A6F2A6F2B
:103130002A6E2A6E2A6E2A4E2A6E2A6E2A6F2A6FED
:103140002A6F2A6F2A6F2A6F2A6F2A6F2A6F2A6FB7
:103150002A6F2A6F2A6F228F226F226F226F226FAF
:10316000226F226F226F224E226F224E224E222E7B
:10317000224E1A2E1A0D1A0D19ED19CC19CC19EC74
:10318000222E224E224E2A6E2A6E2A6E2A4F2A4F55
:103190002A4F2A4F2A4E224E224E2A4E224E222EAD
:1031A000224E224E224E2A4E224E224E224D224D99
:1031B000224D224D224E224E224E224E224E224E91
:1031C000224E224E224E224E224E224E222E222DC0
:1031D000222D222D222D2A2D220D19CC118B116B7F
:1031E000118B11CC19CD220E220E222E222E224E10
:1031F000224E224E224E224E226E226E224E224E0F
:103200002A4E226E2A4E224E226F224E224E224EED
:10321000224E224E224E224E224E224E224E224E2E
:10322000222E224E224E224E224E222E222E222E9E
:10323000222E220E222E222D220D222E222E222E50
:10324000222E222E222E224E224E224E224E224E5E
:10325000224E224E224E224E224E224E224E224EEE
:10326000224E224E2A8F2A8F2A8F2A8F2A8F2A8F28
:103270002A8F2A8F2A8F2A8F2A8F2A8F2A8F2A8F86
:103280002A8F2A8F2A8F2A902A8F2A8F2A8F2A8F75
:103290002A8F2A8F2A8F2A8F2A8F2A8F2A8F2A8F66
:1032A0002A8F2A8F2A8F2A8F2A8F2A8F2A8F2A8F56
:1032B0002A8F2A8F2A8F2A8F2A8F2A8F2A8F2A8F46
:1032C000328F328F2A8F2A8F2A8F2A8F2A8F2A8F26
:1032D0002A8F2A8F2A8F2A8F2A8F2A8F2A8F2A8F26
:1032E0002A8F2A8F2A8F2A8F2A8F2A8F2A6F2A6F56
:1032F0002A6F2A6F2A8F2A8F2A6F2A6F2A4F2A4F06
:103300002A6F2A6F2A6F2A6F2A6F2A6F2A4E2A4E37
:103310002A4E2A6E2A4E2A4E2A4E2A4E2A4F2A4FCB
:103320002A4F2A4F2A4F2A6F2A6F2A6F2A6E226E3F
:10333000226E226E2A6F2A6F226F226E226F226FF8
:10334000224E224E2A4E226E226E226E224E226E75
:10335000224F222E222E222D19ED19CC19ED222DCD
:10336000224E2A4E2A4E2A4E2A4E2A6E2A4E2A4E85
:103370002A4E224E2A4E224E224E224E224E224EBD
:103380002A4E222E224E2A4E224E2A4E224E224EC5
:10339000224E224E224E224E224E224E224E224EAD
:1033A000224E224E224E224E224E224E224E2A4E95
:1033B0002A4E2A4E224E2A4E2A4E222D1A0D11AC8A
:1033C00011AB11AC118C19AC19CD220D222E222E6D
:1033D000222E224E224E224E226E226E224E224E4D
:1033E0002A4E2A4E2A4E2A4E224E224E224E222E5D
:1033F000224E222E222E222E222E222E222E222E2D
:10340000222E222E222E222E222E222E222E1A2E44
:10341000222E222E222D222D220D222E222E222D50
:10342000222D222E222E1A2E222E222E222E222E25
:10343000222E222E222E222E222E222E222E222E0C
:10344000222E222E2A8F2A8F2A8F2A8F2A8F2A8F86
:103450002A8F2A8F2A8F2A6F2A8E2A8E2A6F2A8EE7
:103460002A8E2A8E2A6F2A6F2A6F2A6F2A6F326F4E
:103470002A6F2A8F328F2A8F2A8F2A8F2A8F2A8F9C
:103480002A8F2A8F2A8F2A8F2A8F2A8F2A8F2A8F74
:103490002A8F2A8F2A902A8F2A6F2AAF2A8F2A8E64
:1034A0002A8F328F328F328F2A8F2A8F2A8F2A8F3C
:1034B0002A8F2A8F2A8F2A8F328F2A8F2A8F2A8F3C
:1034C0002A8F2A8F2A8F2A8F2A8F2A8F2A6F2A6F74
:1034D0002A8F2A8F2A8F2A8F2A6F2A8F2A6F2A6F84
:1034E0002A6F2A6F2A6F2A6F2A4F2A4E2A4E2A4E97
:1034F0002A4E2A4E2A4E2A4E2A4E2A4E2A4E2A4F0B
:103500002A4F2A6F2A6F2A4E226E226E2A4E2A4E88
:103510002A4E2A4E224E2A6E2A6E224E2A4F224EC2
:103520002A4E2A4E2A6E226E226E224E224E224EA3
:10353000224E224E224E224E222E222D222D222D8E
:10354000224E2A2E2A4E2A4E2A4E2A4E2A4E2A2E03
:103550002A2E224E2A4E2A4E2A4E222E222E224E2B
:103560002A4E222E222E224E224E224E224E224E13
:103570002A4E2A4E224E224E224E224E224E224EBB
:10358000224E224E224E224E2A4E2A4E224E222ECB
:10359000222E224E222E224E2A4E224E2A4E220D1C
:1035A0001A0D1A0D19ED19AC118C19CD220D224EE0
:1035B000224E224F2A6F226E224E224E224E2A4E39
:1035C0002A4E2A4E2A4E2A4E224F224E222E222E9A
:1035D000222E222E222E222D224E222E222D222E4D
:1035E000222E222E222E222E222E222E1A2E222E63
:1035F000222E222D222E222D222D220E222E222E6E
:10360000222E222E1A0D222E1A2E1A2D222D222D76
:10361000222D222D222D222D222D222D222D222E31
:10362000222E222E2A6F2A6F2A6F2A8F2A8F2A8F04
:10363000326E2A4E2A6E2A4E2A4E2A4E2A4E2A6D63
:103640002A6E2A4D2A4D324D324D326D2A6D326E20
:103650002A6E2A8F326F2A6F2A6F2A6F2A6F2A6F7B
:103660002A6F2A6F2A6F2A6F2A6F2A6F2A6F2A6F92
:103670002A6F2A6F326F2A6F2A6F2A6F328F328F2A
:103680002A6F2A8F326F2A6F2A6F328F2A8F2A6F02
:103690002A8F2A6F2A8F2A8F2A8E2A8F2A8F2A8F83
:1036A0002A8F328F328F2A6F2A6F2A6E2A6E2A6EE5
:1036B0002A6E2A6E2A6F2A6F2A6E328F2A6F2A6F1D
:1036C0002A6F2A6F2A6F2A6F2A6F2A6F2A6F2A4F52
:1036D0002A4F2A6E2A6F2A6E2A6E2A6E2A4E2A4F87
:1036E0002A4E2A4E2A4D2A4D2A2D2A0C2A2C2A4CA3
:1036F0002A2C2A2C2A2C2A2D2A2D2A2D2A2D2A4DF5
:10370000224D2A4E2A6E2A4E2A4E2A6E224E2A4ECA
:103710002A4E2A4E2A4E2A4E2A4E2A4E2A4E2A4EE9
:103720002A4E2A4E2A4E2A4E2A4E2A4E2A4E2A4ED9
:10373000224E224D224E224E224E224E224E224E0A
:10374000224E224D224D224D224E224E224E224EFC
:10375000224E224E224E224E224E224E224E224EE9
:10376000224E224E224E224E224E224E224E224ED9
:10377000224E222E224E224E224E224E224E224EE9
:10378000222D222D222E220D19EC19CC19ED2A4EB4
:10379000224E224E2A4F224E222D224E224E2A4EB9
:1037A0002A4E2A4E2A4E2A4E2A4E224E222E222EB1
:1037B000222E222E222E222E222E222E222E222E89
:1037C000222D222D222E222E222D222D222D222D7F
:1037D000222D222D222D222D222D220D222D222D91
:1037E000222D220D220D220D222D222D222D220DE1
:1037F000220D1A0D220D222D222D220D222D222DD9
:10380000222D222D2A6F2A6F2A6F2A6F2A6E2A6E86
:10381000328F42F04B504B504B505BB264136414E8
:103820006414641364135BB153304B304B5142F05A
:10383000328F2A4E2A6F2A6F2A6F2A6F2A6F2A6FB9
:103840002A6F2A6F2A6F2A6F2A6F2A6F2A6F2A6FB0
:103850002A6F2A6F2A6F2A6F2A6E2A6F2A6F2A6FA1
:103860002A6F328F328F2A6E328F2A8F2A6F2A6FF9
:103870002A6E2A6F2A8F2A8E2A8E2A8F2A8F2A8FC3
:103880002A8F2A6E2A6E2A6E2A6E2A6E2A6E2A6E57
:103890002A6E2A6E2A6E2A6E2A6E2A6E2A6E2A6E68
:1038A0002A6E2A6E2A6F2A6F2A6F2A6F2A6F2A6F52
:1038B0002A6F2A6E2A6E2A6E2A6E2A6E2A6E2A2E87
:1038C0002A4E328F42F04B314B304B315BD2641376
:1038D00063F363F363F35BB253514B314B1043110A
:1038E00032AF2A4E2A4E2A4E2A4E2A4E224E2A4EB7
:1038F0002A4E2A4E2A4E2A4E224E2A4E2A4E2A4E10
:10390000222E222E222E222E222E222E224E224EF7
:10391000224E224D224E224E222D224D224E224E4A
:10392000224E224D224D224D224E224D224E224E1B
:10393000224E222E224E224E224E224E224E224E27
:10394000224E224E224E224E224E224E224E224EF7
:10395000224E224E224E224E224E224E222D222D29
:10396000222D222D222D222D222D220D220E222E1D
:10397000222E222E222E222D222D222D222E224EAA
:10398000222E222E222E222E224E222E222D222D99
:10399000222E222E222E222E222E222E222E222EA7
:1039A000222E222E222D222E222D222D222D222D9C
:1039B000222D222D222D220D222D220D220D220D0F
:1039C000220D220D220D220D220D222D222D220D3F
:1039D000220D19ED220D222D220D220D220D220D78
:1039E000220D220DF43901080000002060060000BD
:0439F00028010008A2
:04000005080000ED02
:00000001FF
