999
The file was created in CADSoftTools software
999
CADEditorX 14; 
  0
SECTION
  2
HEADER
  9
$ACADVER
  1
AC1018
  9
$DWGCODEPAGE
  3
ANSI_1252
  9
$CLAYER
  8
0
  9
$CELTYPE
  6
ByLayer
  9
$CELTSCALE
 40
1
  9
$CELWEIGHT
370
-1
  9
$DIMALT
 70
0
  9
$DIMALTF
 40
0.03937007874016
  9
$DIMPOST
  1

  9
$DIMAPOST
  1

  9
$DIMSCALE
 40
1
  9
$DIMASZ
 40
2.5
  9
$DIMCLRD
 70
0
  9
$DIMCLRE
 70
0
  9
$DIMCLRT
 70
0
  9
$DIMEXE
 40
1.25
  9
$DIMEXO
 40
0.625
  9
$DIMGAP
 40
0.625
  9
$DIMLFAC
 40
1
  9
$DIMDEC
 70
2
  9
$DIMTAD
 70
1
  9
$DIMCEN
 40
0.09
  9
$DIMTIH
 70
0
  9
$DIMTIX
 70
0
  9
$DIMTOH
 70
0
  9
$DIMSE1
 70
0
  9
$DIMSE2
 70
0
  9
$DIMSD1
 70
0
  9
$DIMSD2
 70
0
  9
$DIMLWD
 70
-2
  9
$DIMLWE
 70
-2
  9
$DIMSAH
 70
0
  9
$DIMBLK
  1

  9
$DIMBLK1
  1

  9
$DIMBLK2
  1

  9
$DIMLDRBLK
  1

  9
$DIMSTYLE
  2
ISO-25
  9
$DIMTP
 40
0
  9
$DIMTM
 40
0
  9
$DIMTXT
 40
2.5
  9
$DIMLUNIT
 70
2
  9
$DIMDSEP
 70
44
  9
$DIMTXSTY
  7
Standard
  9
$TEXTSIZE
 40
2.5
  9
$TEXTSTYLE
  7
Standard
  9
$HANDSEED
  5
0000000000201B6A
  9
$FILLETRAD
 40
10
  9
$INSUNITS
 70
4
  9
$LIMMIN
 10
34.318222
 20
20.517545
  9
$LIMMAX
 10
257.224389
 20
185.808045
  9
$FILLMODE
 70
1
  9
$LTSCALE
 40
1
  9
$MEASUREMENT
 70
1
  9
$ATTMODE
 70
1
  9
$PDMODE
 70
0
  9
$PDSIZE
 40
0
  9
$TILEMODE
 70
1
  9
$UCSORG
 10
0
 20
0
 30
0
  9
$UCSXDIR
 10
1
 20
0
 30
0
  9
$UCSYDIR
 10
0
 20
1
 30
0
  9
$INSBASE
 10
0
 20
0
 30
0
  9
$XCLIPFRAME
290
1
  9
$DIMASSOC
280
2
  9
$TDCREATE
 40
2453447.44722286
  9
$TDINDWG
 40
0.00086099537037037
  9
$TDUPDATE
 40
2459794.4329178
  0
ENDSEC
  0
SECTION
  2
CLASSES
  0
CLASS
  1
IMAGE
  2
AcDbRasterImage
  3
ISM
 90
2175
 91
1
280
0
281
1
  0
CLASS
  1
IMAGEDEF
  2
AcDbRasterImageDef
  3
ISM
 90
0
 91
1
280
0
281
0
  0
CLASS
  1
WIPEOUT
  2
AcDbWipeout
  3
"WipeOut"
 90
2175
 91
1
280
0
281
1
  0
CLASS
  1
WIPEOUTVARIABLES
  2
AcDbWipeoutVariables
  3
"WipeOut"
 90
0
 91
1
280
0
281
0
  0
CLASS
  1
MPOLYGON
  2
AcDbMPolygon
  3
"AcMPolygonObj15"
 90
3071
 91
1
280
0
281
1
  0
ENDSEC
  0
SECTION
  2
TABLES
  0
TABLE
  2
APPID
  5
201B51
100
AcDbSymbolTable
  0
APPID
  5
12
100
AcDbSymbolTableRecord
100
AcDbRegAppTableRecord
  2
ACAD
 70
0
  0
APPID
  5
200F5D
100
AcDbSymbolTableRecord
100
AcDbRegAppTableRecord
  2
CSTINVENTORY
 70
0
  0
APPID
  5
201B52
100
AcDbSymbolTableRecord
100
AcDbRegAppTableRecord
  2
AcDbAttr
 70
0
  0
APPID
  5
201B53
100
AcDbSymbolTableRecord
100
AcDbRegAppTableRecord
  2
PE_URL
 70
0
  0
ENDTAB
  0
TABLE
  2
BLOCK_RECORD
  5
201B54
100
AcDbSymbolTable
  0
BLOCK_RECORD
  5
1F
100
AcDbSymbolTableRecord
100
AcDbBlockTableRecord
  2
*MODEL_SPACE
  0
BLOCK_RECORD
  5
1B
100
AcDbSymbolTableRecord
100
AcDbBlockTableRecord
  2
*PAPER_SPACE
  0
BLOCK_RECORD
  5
200F61
100
AcDbSymbolTableRecord
100
AcDbBlockTableRecord
  2
_CLOSEDFILLED
  0
BLOCK_RECORD
  5
200F65
100
AcDbSymbolTableRecord
100
AcDbBlockTableRecord
  2
ABViewer_RedLine
  0
ENDTAB
  0
TABLE
  2
STYLE
  5
3
100
AcDbSymbolTable
  0
STYLE
  5
11
100
AcDbSymbolTableRecord
100
AcDbTextStyleTableRecord
  2
Standard
 70
0
 40
0
 41
1
 50
0
 71
0
 42
2.5
  3
txt
  4

1001
ACAD
1000
txt
1071
0
  0
STYLE
  5
1B0
100
AcDbSymbolTableRecord
100
AcDbTextStyleTableRecord
  2
Helvetica
 70
0
 40
0
 41
1
 50
0
 71
0
 42
0.200000002980232
  3
ARIAL.TTF
  4

1001
ACAD
1000
Arial
1071
0
  0
STYLE
  5
1B1
100
AcDbSymbolTableRecord
100
AcDbTextStyleTableRecord
  2
Times-Roman
 70
0
 40
0
 41
1
 50
0
 71
0
 42
0.200000002980232
  3
TIMES.TTF
  4

1001
ACAD
1000
Times New Roman
1071
0
  0
ENDTAB
  0
TABLE
  2
LTYPE
  5
5
100
AcDbSymbolTable
  0
LTYPE
  5
16
100
AcDbSymbolTableRecord
100
AcDbLinetypeTableRecord
  2
CONTINUOUS
 70
0
  3

 72
65
 73
0
 40
0
  0
LTYPE
  5
14
100
AcDbSymbolTableRecord
100
AcDbLinetypeTableRecord
  2
BYBLOCK
 70
0
  3

 72
65
 73
0
 40
0
  0
LTYPE
  5
15
100
AcDbSymbolTableRecord
100
AcDbLinetypeTableRecord
  2
BYLAYER
 70
0
  3

 72
65
 73
0
 40
0
  0
LTYPE
  5
2E
100
AcDbSymbolTableRecord
100
AcDbLinetypeTableRecord
  2
ACAD_ISO02W100
 70
0
  3
_ 
 72
65
 73
2
 40
15
 49
12
 74
0
 49
-3
 74
0
  0
LTYPE
  5
30
100
AcDbSymbolTableRecord
100
AcDbLinetypeTableRecord
  2
ACAD_ISO07W100
 70
0
  3
. 
 72
65
 73
2
 40
3
 49
0
 74
0
 49
-3
 74
0
  0
LTYPE
  5
31
100
AcDbSymbolTableRecord
100
AcDbLinetypeTableRecord
  2
ACAD_ISO10W100
 70
0
  3
_ . 
 72
65
 73
4
 40
18
 49
12
 74
0
 49
-3
 74
0
 49
0
 74
0
 49
-3
 74
0
  0
LTYPE
  5
32
100
AcDbSymbolTableRecord
100
AcDbLinetypeTableRecord
  2
ACAD_ISO12W100
 70
0
  3
_ . . 
 72
65
 73
6
 40
21
 49
12
 74
0
 49
-3
 74
0
 49
0
 74
0
 49
-3
 74
0
 49
0
 74
0
 49
-3
 74
0
  0
LTYPE
  5
200F66
100
AcDbSymbolTableRecord
100
AcDbLinetypeTableRecord
  2
CENTER
 70
0
  3
_ _ 
 72
65
 73
4
 40
2
 49
1.25
 74
0
 49
-0.25
 74
0
 49
0.25
 74
0
 49
-0.25
 74
0
  0
LTYPE
  5
200F67
100
AcDbSymbolTableRecord
100
AcDbLinetypeTableRecord
  2
ISO dash
 70
0
  3
_ 
 72
65
 73
2
 40
1.5
 49
1.2
 74
0
 49
-0.3
 74
0
  0
LTYPE
  5
200F68
100
AcDbSymbolTableRecord
100
AcDbLinetypeTableRecord
  2
ISO dot
 70
0
  3
. 
 72
65
 73
2
 40
0.3
 49
0
 74
0
 49
-0.3
 74
0
  0
LTYPE
  5
200F69
100
AcDbSymbolTableRecord
100
AcDbLinetypeTableRecord
  2
ISO dash dot
 70
0
  3
_ . 
 72
65
 73
4
 40
1.8
 49
1.2
 74
0
 49
-0.3
 74
0
 49
0
 74
0
 49
-0.3
 74
0
  0
LTYPE
  5
200F6A
100
AcDbSymbolTableRecord
100
AcDbLinetypeTableRecord
  2
ISO dash double-dot
 70
0
  3
_ . . 
 72
65
 73
6
 40
2.1
 49
1.2
 74
0
 49
-0.3
 74
0
 49
0
 74
0
 49
-0.3
 74
0
 49
0
 74
0
 49
-0.3
 74
0
  0
LTYPE
  5
200F6B
100
AcDbSymbolTableRecord
100
AcDbLinetypeTableRecord
  2
ISO dash triple-dot
 70
0
  3
_ . . . 
 72
65
 73
8
 40
2.4
 49
1.2
 74
0
 49
-0.3
 74
0
 49
0
 74
0
 49
-0.3
 74
0
 49
0
 74
0
 49
-0.3
 74
0
 49
0
 74
0
 49
-0.3
 74
0
  0
LTYPE
  5
200F6C
100
AcDbSymbolTableRecord
100
AcDbLinetypeTableRecord
  2
ISO dash long gaps
 70
0
  3
_ 
 72
65
 73
2
 40
3
 49
1.2
 74
0
 49
-1.8
 74
0
  0
ENDTAB
  0
TABLE
  2
LAYER
  5
B0
100
AcDbSymbolTable
  0
LAYER
  5
B1
100
AcDbSymbolTableRecord
100
AcDbLayerTableRecord
  2
0
 70
0
 62
7
  6
CONTINUOUS
290
1
370
-3
390
0
  0
ENDTAB
  0
TABLE
  2
VPORT
  5
201B55
100
AcDbSymbolTable
  0
VPORT
  5
201B57
100
AcDbSymbolTableRecord
100
AcDbViewportTableRecord
  2
*ACTIVE
 70
0
 10
0
 20
0
 11
1
 21
1
 12
156.650171047971
 22
42.6325506086008
 32
0
 13
0
 23
0
 14
1
 24
1
 15
1
 25
1
 16
0
 26
0
 36
1
 17
0
 27
0
 37
0
 40
108.361580177678
 41
2.27700831024931
 42
50
 43
0
 44
0
 50
0
 51
0
 71
0
 72
100
 73
1
 74
1
 75
0
 76
0
 77
0
 78
0
  0
ENDTAB
  0
TABLE
  2
VIEW
  5
201B58
100
AcDbSymbolTable
  0
ENDTAB
  0
TABLE
  2
UCS
  5
201B59
100
AcDbSymbolTable
  0
ENDTAB
  0
TABLE
  2
DIMSTYLE
  5
A
100
AcDbSymbolTable
 70
2
100
AcDbDimStyleTable
 71
0
  0
DIMSTYLE
105
27
100
AcDbSymbolTableRecord
100
AcDbDimStyleTableRecord
  2
ISO-25
 70
0
  3

 40
1
 41
2.5
 42
0.625
 44
1.25
 47
0
 48
0
 73
0
 74
0
 75
0
 76
0
 77
1
140
2.5
141
2.5
144
1
147
0.625
173
0
174
0
176
0
177
0
178
0
277
2
278
44
281
0
282
0
271
2
340
11
371
-2
372
-2
  0
DIMSTYLE
105
200000
100
AcDbSymbolTableRecord
100
AcDbDimStyleTableRecord
  2
STANDARD
 70
0
  3

 40
1
 41
0.18
 42
0.0625
 44
0.18
 47
0
 48
0
 73
1
 74
1
 75
0
 76
0
 77
0
140
0.18
141
0.09
144
1
147
0.0625
173
0
174
0
176
0
177
0
178
0
277
2
278
46
281
0
282
0
271
4
371
-1
372
-1
  0
ENDTAB
  0
ENDSEC
  0
SECTION
  2
BLOCKS
  0
BLOCK
  5
201B5A
100
AcDbEntity
  8
0
100
AcDbBlockBegin
  2
*MODEL_SPACE
 70
0
 10
0
 20
0
  0
ENDBLK
  5
201B5B
100
AcDbEntity
  8
0
100
AcDbBlockEnd
  0
BLOCK
  5
201B5C
100
AcDbEntity
  8
0
100
AcDbBlockBegin
  2
*PAPER_SPACE
 70
0
 10
0
 20
0
  0
ENDBLK
  5
201B5D
100
AcDbEntity
  8
0
100
AcDbBlockEnd
  0
BLOCK
  5
20000C
100
AcDbEntity
  8
0
100
AcDbBlockBegin
  2
_CLOSEDFILLED
 70
0
 10
0
 20
0
 30
0
  3
_CLOSEDFILLED
  1

  0
SOLID
  5
20000A
100
AcDbEntity
  8
0
100
AcDbTrace
370
-2
 62
0
 10
-1
 20
0.166666666666667
 30
0
 11
0
 21
0
 31
0
 12
-1
 22
0.166666666666667
 32
0
 13
-1
 23
-0.166666666666667
 33
0
  0
LINE
  5
20000B
100
AcDbEntity
  8
0
100
AcDbLine
370
-2
 62
0
 10
-1
 20
0
 30
0
 11
-2
 21
0
 31
0
  0
ENDBLK
  5
201B5E
100
AcDbEntity
  8
0
100
AcDbBlockEnd
  0
BLOCK
  5
200F64
100
AcDbEntity
  8
0
100
AcDbBlockBegin
  2
ABViewer_RedLine
 70
1
 10
0
 20
0
 30
0
  3
ABViewer_RedLine
  1

  0
ENDBLK
  5
201B5F
100
AcDbEntity
  8
0
100
AcDbBlockEnd
  0
ENDSEC
  0
SECTION
  2
ENTITIES
  0
MTEXT
  5
1F3
100
AcDbEntity
  8
0
100
AcDbMText
370
-1
 62
7
 10
15.776314
 20
190.888038
 30
0
 40
2.537451
  1
{\fTahoma|b0|i0|c0;                                                 }
 50
-90
 41
0
  7
Standard
 71
7
 73
1
 44
1
  0
MTEXT
  5
1F5
100
AcDbEntity
  8
0
100
AcDbMText
370
-1
 62
7
 10
282.24353
 20
53.918966
 30
0
 40
4.558295
  1
{\fTahoma|b0|i0|c0; }
 50
-90
 41
0
  7
Standard
 71
7
 73
1
 44
1
  0
HATCH
  5
1FC
100
AcDbEntity
  8
0
100
AcDbHatch
370
-1
 62
7
 10
0
 20
0
 30
0
210
0
220
0
230
1
  2
SOLID
 70
1
 71
0
 91
1
 92
3
 72
0
 73
1
 93
3
 10
46.362056
 20
31.037379
 10
46.362056
 20
30.571712
 10
46.362056
 20
30.804545
 97
0
 75
0
 76
1
 98
0
  0
HATCH
  5
1FE
100
AcDbEntity
  8
0
100
AcDbHatch
370
-1
 62
7
 10
0
 20
0
 30
0
210
0
220
0
230
1
  2
SOLID
 70
1
 71
0
 91
1
 92
3
 72
0
 73
1
 93
2
 10
46.362056
 20
31.291379
 10
46.362056
 20
31.037379
 97
0
 75
0
 76
1
 98
0
  0
HATCH
  5
200
100
AcDbEntity
  8
0
100
AcDbHatch
370
-1
 62
7
 10
0
 20
0
 30
0
210
0
220
0
230
1
  2
SOLID
 70
1
 71
0
 91
1
 92
3
 72
0
 73
1
 93
2
 10
46.785389
 20
31.291379
 10
45.938722
 20
31.291379
 97
0
 75
0
 76
1
 98
0
  0
HATCH
  5
202
100
AcDbEntity
  8
0
100
AcDbHatch
370
-1
 62
7
 10
0
 20
0
 30
0
210
0
220
0
230
1
  2
SOLID
 70
1
 71
0
 91
1
 92
3
 72
0
 73
1
 93
2
 10
46.362056
 20
31.524212
 10
46.362056
 20
31.291379
 97
0
 75
0
 76
1
 98
0
  0
HATCH
  5
207
100
AcDbEntity
  8
0
100
AcDbHatch
370
-1
 62
7
 10
0
 20
0
 30
0
210
0
220
0
230
1
  2
SOLID
 70
1
 71
0
 91
1
 92
3
 72
0
 73
1
 93
2
 10
46.362056
 20
32.011045
 10
46.362056
 20
31.757045
 97
0
 75
0
 76
1
 98
0
  0
HATCH
  5
208
100
AcDbEntity
  8
0
100
AcDbHatch
370
-1
 62
7
 10
0
 20
0
 30
0
210
0
220
0
230
1
  2
SOLID
 70
1
 71
0
 91
1
 92
3
 72
0
 73
1
 93
2
 10
46.785389
 20
32.011045
 10
46.785389
 20
31.757045
 97
0
 75
0
 76
1
 98
0
  0
HATCH
  5
216
100
AcDbEntity
  8
0
100
AcDbHatch
370
-1
 62
7
 10
0
 20
0
 30
0
210
0
220
0
230
1
  2
SOLID
 70
1
 71
0
 91
1
 92
3
 72
0
 73
1
 93
3
 10
49.579389
 20
31.524212
 10
49.579389
 20
30.338879
 10
49.579389
 20
31.291379
 97
0
 75
0
 76
1
 98
0
  0
HATCH
  5
21F
100
AcDbEntity
  8
0
100
AcDbHatch
370
-1
 62
7
 10
0
 20
0
 30
0
210
0
220
0
230
1
  2
SOLID
 70
1
 71
0
 91
1
 92
3
 72
0
 73
1
 93
3
 10
52.373389
 20
31.291379
 10
52.373389
 20
30.571712
 10
52.373389
 20
31.037379
 97
0
 75
0
 76
1
 98
0
  0
HATCH
  5
220
100
AcDbEntity
  8
0
100
AcDbHatch
370
-1
 62
7
 10
0
 20
0
 30
0
210
0
220
0
230
1
  2
SOLID
 70
1
 71
0
 91
1
 92
3
 72
0
 73
1
 93
2
 10
52.373389
 20
31.291379
 10
51.950056
 20
31.291379
 97
0
 75
0
 76
1
 98
0
  0
HATCH
  5
224
100
AcDbEntity
  8
0
100
AcDbHatch
370
-1
 62
7
 10
0
 20
0
 30
0
210
0
220
0
230
1
  2
SOLID
 70
1
 71
0
 91
1
 92
3
 72
0
 73
1
 93
2
 10
51.315056
 20
31.524212
 10
51.526722
 20
31.524212
 97
0
 75
0
 76
1
 98
0
  0
HATCH
  5
22B
100
AcDbEntity
  8
0
100
AcDbHatch
370
-1
 62
7
 10
0
 20
0
 30
0
210
0
220
0
230
1
  2
SOLID
 70
1
 71
0
 91
1
 92
3
 72
0
 73
1
 93
3
 10
54.744056
 20
31.524212
 10
53.241222
 20
31.524212
 10
54.955722
 20
31.524212
 97
0
 75
0
 76
1
 98
0
  0
HATCH
  5
232
100
AcDbEntity
  8
0
100
AcDbHatch
370
-1
 62
7
 10
0
 20
0
 30
0
210
0
220
0
230
1
  2
SOLID
 70
1
 71
0
 91
1
 92
3
 72
0
 73
1
 93
3
 10
56.246889
 20
31.291379
 10
56.035222
 20
31.291379
 10
56.458556
 20
31.291379
 97
0
 75
0
 76
1
 98
0
  0
HATCH
  5
236
100
AcDbEntity
  8
0
100
AcDbHatch
370
-1
 62
7
 10
0
 20
0
 30
0
210
0
220
0
230
1
  2
SOLID
 70
1
 71
0
 91
1
 92
3
 72
0
 73
1
 93
2
 10
56.670222
 20
31.524212
 10
55.611889
 20
31.524212
 97
0
 75
0
 76
1
 98
0
  0
HATCH
  5
23D
100
AcDbEntity
  8
0
100
AcDbHatch
370
-1
 62
7
 10
0
 20
0
 30
0
210
0
220
0
230
1
  2
SOLID
 70
1
 71
0
 91
1
 92
3
 72
0
 73
1
 93
2
 10
58.194222
 20
30.571712
 10
58.405889
 20
30.571712
 97
0
 75
0
 76
1
 98
0
  0
HATCH
  5
23E
100
AcDbEntity
  8
0
100
AcDbHatch
370
-1
 62
7
 10
0
 20
0
 30
0
210
0
220
0
230
1
  2
SOLID
 70
1
 71
0
 91
1
 92
3
 72
0
 73
1
 93
2
 10
57.961389
 20
31.037379
 10
57.961389
 20
30.804545
 97
0
 75
0
 76
1
 98
0
  0
HATCH
  5
241
100
AcDbEntity
  8
0
100
AcDbHatch
370
-1
 62
7
 10
0
 20
0
 30
0
210
0
220
0
230
1
  2
SOLID
 70
1
 71
0
 91
1
 92
3
 72
0
 73
1
 93
3
 10
57.961389
 20
31.757045
 10
57.538056
 20
31.757045
 10
58.194222
 20
31.757045
 97
0
 75
0
 76
1
 98
0
  0
HATCH
  5
246
100
AcDbEntity
  8
0
100
AcDbHatch
370
-1
 62
7
 10
0
 20
0
 30
0
210
0
220
0
230
1
  2
SOLID
 70
1
 71
0
 91
1
 92
3
 72
0
 73
1
 93
3
 10
59.464222
 20
31.291379
 10
59.464222
 20
30.338879
 10
59.464222
 20
31.037379
 97
0
 75
0
 76
1
 98
0
  0
HATCH
  5
252
100
AcDbEntity
  8
0
100
AcDbHatch
370
-1
 62
7
 10
0
 20
0
 30
0
210
0
220
0
230
1
  2
SOLID
 70
1
 71
0
 91
1
 92
3
 72
0
 73
1
 93
2
 10
61.199889
 20
32.243879
 10
61.411556
 20
32.243879
 97
0
 75
0
 76
1
 98
0
  0
HATCH
  5
26B
100
AcDbEntity
  8
0
100
AcDbHatch
370
-1
 62
7
 10
0
 20
0
 30
0
210
0
220
0
230
1
  2
SOLID
 70
1
 71
0
 91
1
 92
3
 72
0
 73
1
 93
3
 10
75.593222
 20
30.804545
 10
75.593222
 20
30.338879
 10
75.593222
 20
30.571712
 97
0
 75
0
 76
1
 98
0
  0
HATCH
  5
273
100
AcDbEntity
  8
0
100
AcDbHatch
370
-1
 62
7
 10
0
 20
0
 30
0
210
0
220
0
230
1
  2
SOLID
 70
1
 71
0
 91
1
 92
3
 72
0
 73
1
 93
2
 10
76.249389
 20
32.011045
 10
75.804889
 20
32.011045
 97
0
 75
0
 76
1
 98
0
  0
HATCH
  5
276
100
AcDbEntity
  8
0
100
AcDbHatch
370
-1
 62
7
 10
0
 20
0
 30
0
210
0
220
0
230
1
  2
SOLID
 70
1
 71
0
 91
1
 92
3
 72
0
 73
1
 93
2
 10
78.598889
 20
30.571712
 10
78.175556
 20
30.571712
 97
0
 75
0
 76
1
 98
0
  0
HATCH
  5
2AE
100
AcDbEntity
  8
0
100
AcDbHatch
370
-1
 62
7
 10
0
 20
0
 30
0
210
0
220
0
230
1
  2
SOLID
 70
1
 71
0
 91
1
 92
3
 72
0
 73
1
 93
2
 10
54.744056
 20
48.753879
 10
54.955722
 20
48.753879
 97
0
 75
0
 76
1
 98
0
  0
HATCH
  5
2D2
100
AcDbEntity
  8
0
100
AcDbHatch
370
-1
 62
7
 10
0
 20
0
 30
0
210
0
220
0
230
1
  2
SOLID
 70
1
 71
0
 91
1
 92
3
 72
0
 73
1
 93
2
 10
48.944389
 20
28.645545
 10
48.521056
 20
28.645545
 97
0
 75
0
 76
1
 98
0
  0
HATCH
  5
2D3
100
AcDbEntity
  8
0
100
AcDbHatch
370
-1
 62
7
 10
0
 20
0
 30
0
210
0
220
0
230
1
  2
SOLID
 70
1
 71
0
 91
1
 92
3
 72
0
 73
1
 93
2
 10
48.076556
 20
28.645545
 10
47.653222
 20
28.645545
 97
0
 75
0
 76
1
 98
0
  0
HATCH
  5
2D7
100
AcDbEntity
  8
0
100
AcDbHatch
370
-1
 62
7
 10
0
 20
0
 30
0
210
0
220
0
230
1
  2
SOLID
 70
1
 71
0
 91
1
 92
3
 72
0
 73
1
 93
3
 10
48.521056
 20
29.619212
 10
47.864889
 20
29.619212
 10
48.732722
 20
29.619212
 97
0
 75
0
 76
1
 98
0
  0
HATCH
  5
2D8
100
AcDbEntity
  8
0
100
AcDbHatch
370
-1
 62
7
 10
0
 20
0
 30
0
210
0
220
0
230
1
  2
SOLID
 70
1
 71
0
 91
1
 92
3
 72
0
 73
1
 93
2
 10
50.235556
 20
27.947045
 10
50.447222
 20
27.947045
 97
0
 75
0
 76
1
 98
0
  0
HATCH
  5
2DD
100
AcDbEntity
  8
0
100
AcDbHatch
370
-1
 62
7
 10
0
 20
0
 30
0
210
0
220
0
230
1
  2
SOLID
 70
1
 71
0
 91
1
 92
3
 72
0
 73
1
 93
2
 10
50.658889
 20
28.899545
 10
50.658889
 20
28.645545
 97
0
 75
0
 76
1
 98
0
  0
HATCH
  5
2E5
100
AcDbEntity
  8
0
100
AcDbHatch
370
-1
 62
7
 10
0
 20
0
 30
0
210
0
220
0
230
1
  2
SOLID
 70
1
 71
0
 91
1
 92
3
 72
0
 73
1
 93
2
 10
52.585056
 20
27.947045
 10
52.585056
 20
27.693045
 97
0
 75
0
 76
1
 98
0
  0
HATCH
  5
2E8
100
AcDbEntity
  8
0
100
AcDbHatch
370
-1
 62
7
 10
0
 20
0
 30
0
210
0
220
0
230
1
  2
SOLID
 70
1
 71
0
 91
1
 92
3
 72
0
 73
1
 93
2
 10
52.585056
 20
28.412712
 10
51.738389
 20
28.412712
 97
0
 75
0
 76
1
 98
0
  0
HATCH
  5
2F3
100
AcDbEntity
  8
0
100
AcDbHatch
370
-1
 62
7
 10
0
 20
0
 30
0
210
0
220
0
230
1
  2
SOLID
 70
1
 71
0
 91
1
 92
3
 72
0
 73
1
 93
2
 10
56.246889
 20
27.947045
 10
56.458556
 20
27.947045
 97
0
 75
0
 76
1
 98
0
  0
HATCH
  5
2F4
100
AcDbEntity
  8
0
100
AcDbHatch
370
-1
 62
7
 10
0
 20
0
 30
0
210
0
220
0
230
1
  2
SOLID
 70
1
 71
0
 91
1
 92
3
 72
0
 73
1
 93
3
 10
56.246889
 20
28.412712
 10
56.246889
 20
27.947045
 10
56.246889
 20
28.179879
 97
0
 75
0
 76
1
 98
0
  0
HATCH
  5
2F5
100
AcDbEntity
  8
0
100
AcDbHatch
370
-1
 62
7
 10
0
 20
0
 30
0
210
0
220
0
230
1
  2
SOLID
 70
1
 71
0
 91
1
 92
3
 72
0
 73
1
 93
2
 10
56.458556
 20
29.365212
 10
56.670222
 20
29.365212
 97
0
 75
0
 76
1
 98
0
  0
HATCH
  5
2F8
100
AcDbEntity
  8
0
100
AcDbHatch
370
-1
 62
7
 10
0
 20
0
 30
0
210
0
220
0
230
1
  2
SOLID
 70
1
 71
0
 91
1
 92
3
 72
0
 73
1
 93
2
 10
57.961389
 20
27.947045
 10
58.194222
 20
27.947045
 97
0
 75
0
 76
1
 98
0
  0
HATCH
  5
300
100
AcDbEntity
  8
0
100
AcDbHatch
370
-1
 62
7
 10
0
 20
0
 30
0
210
0
220
0
230
1
  2
SOLID
 70
1
 71
0
 91
1
 92
3
 72
0
 73
1
 93
3
 10
57.749722
 20
29.132379
 10
57.114722
 20
29.132379
 10
57.961389
 20
29.132379
 97
0
 75
0
 76
1
 98
0
  0
HATCH
  5
302
100
AcDbEntity
  8
0
100
AcDbHatch
370
-1
 62
7
 10
0
 20
0
 30
0
210
0
220
0
230
1
  2
SOLID
 70
1
 71
0
 91
1
 92
3
 72
0
 73
1
 93
2
 10
57.538056
 20
29.619212
 10
57.538056
 20
29.132379
 97
0
 75
0
 76
1
 98
0
  0
HATCH
  5
303
100
AcDbEntity
  8
0
100
AcDbHatch
370
-1
 62
7
 10
0
 20
0
 30
0
210
0
220
0
230
1
  2
SOLID
 70
1
 71
0
 91
1
 92
3
 72
0
 73
1
 93
3
 10
60.755389
 20
27.947045
 10
60.332056
 20
27.947045
 10
60.988222
 20
27.947045
 97
0
 75
0
 76
1
 98
0
  0
HATCH
  5
305
100
AcDbEntity
  8
0
100
AcDbHatch
370
-1
 62
7
 10
0
 20
0
 30
0
210
0
220
0
230
1
  2
SOLID
 70
1
 71
0
 91
1
 92
3
 72
0
 73
1
 93
2
 10
60.755389
 20
28.412712
 10
60.332056
 20
28.412712
 97
0
 75
0
 76
1
 98
0
  0
HATCH
  5
32C
100
AcDbEntity
  8
0
100
AcDbHatch
370
-1
 62
7
 10
0
 20
0
 30
0
210
0
220
0
230
1
  2
SOLID
 70
1
 71
0
 91
1
 92
3
 72
0
 73
1
 93
2
 10
54.320722
 20
36.307879
 10
54.320722
 20
36.075045
 97
0
 75
0
 76
1
 98
0
  0
HATCH
  5
363
100
AcDbEntity
  8
0
100
AcDbHatch
370
-1
 62
7
 10
0
 20
0
 30
0
210
0
220
0
230
1
  2
SOLID
 70
1
 71
0
 91
1
 92
3
 72
0
 73
1
 93
2
 10
45.727056
 20
58.321212
 10
45.938722
 20
58.321212
 97
0
 75
0
 76
1
 98
0
  0
HATCH
  5
36F
100
AcDbEntity
  8
0
100
AcDbHatch
370
-1
 62
7
 10
0
 20
0
 30
0
210
0
220
0
230
1
  2
SOLID
 70
1
 71
0
 91
1
 92
3
 72
0
 73
1
 93
2
 10
46.997056
 20
54.976879
 10
47.229889
 20
54.976879
 97
0
 75
0
 76
1
 98
0
  0
HATCH
  5
446
100
AcDbEntity
  8
0
100
AcDbHatch
370
-1
 62
7
 10
0
 20
0
 30
0
210
0
220
0
230
1
  2
SOLID
 70
1
 71
0
 91
1
 92
3
 72
0
 73
1
 93
2
 10
65.708389
 20
51.378545
 10
65.920056
 20
51.378545
 97
0
 75
0
 76
1
 98
0
  0
HATCH
  5
447
100
AcDbEntity
  8
0
100
AcDbHatch
370
-1
 62
7
 10
0
 20
0
 30
0
210
0
220
0
230
1
  2
SOLID
 70
1
 71
0
 91
1
 92
3
 72
0
 73
1
 93
2
 10
65.920056
 20
51.378545
 10
65.920056
 20
51.145712
 97
0
 75
0
 76
1
 98
0
  0
HATCH
  5
450
100
AcDbEntity
  8
0
100
AcDbHatch
370
-1
 62
7
 10
0
 20
0
 30
0
210
0
220
0
230
1
  2
SOLID
 70
1
 71
0
 91
1
 92
3
 72
0
 73
1
 93
3
 10
68.714056
 20
51.378545
 10
68.502389
 20
51.378545
 10
68.925722
 20
51.378545
 97
0
 75
0
 76
1
 98
0
  0
HATCH
  5
455
100
AcDbEntity
  8
0
100
AcDbHatch
370
-1
 62
7
 10
0
 20
0
 30
0
210
0
220
0
230
1
  2
SOLID
 70
1
 71
0
 91
1
 92
3
 72
0
 73
1
 93
2
 10
69.581889
 20
51.378545
 10
69.793556
 20
51.378545
 97
0
 75
0
 76
1
 98
0
  0
HATCH
  5
492
100
AcDbEntity
  8
0
100
AcDbHatch
370
-1
 62
7
 10
0
 20
0
 30
0
210
0
220
0
230
1
  2
SOLID
 70
1
 71
0
 91
1
 92
3
 72
0
 73
1
 93
3
 10
52.161722
 20
38.932545
 10
51.738389
 20
38.932545
 10
52.373389
 20
38.932545
 97
0
 75
0
 76
1
 98
0
  0
HATCH
  5
4A7
100
AcDbEntity
  8
0
100
AcDbHatch
370
-1
 62
7
 10
0
 20
0
 30
0
210
0
220
0
230
1
  2
SOLID
 70
1
 71
0
 91
1
 92
3
 72
0
 73
1
 93
2
 10
62.491056
 20
39.652212
 10
63.126056
 20
39.652212
 97
0
 75
0
 76
1
 98
0
  0
HATCH
  5
4CC
100
AcDbEntity
  8
0
100
AcDbHatch
370
-1
 62
7
 10
0
 20
0
 30
0
210
0
220
0
230
1
  2
SOLID
 70
1
 71
0
 91
1
 92
3
 72
0
 73
1
 93
2
 10
78.175556
 20
39.419379
 10
79.043389
 20
39.419379
 97
0
 75
0
 76
1
 98
0
  0
HATCH
  5
4CD
100
AcDbEntity
  8
0
100
AcDbHatch
370
-1
 62
7
 10
0
 20
0
 30
0
210
0
220
0
230
1
  2
SOLID
 70
1
 71
0
 91
1
 92
3
 72
0
 73
1
 93
2
 10
78.175556
 20
39.906212
 10
79.043389
 20
39.906212
 97
0
 75
0
 76
1
 98
0
  0
HATCH
  5
4E7
100
AcDbEntity
  8
0
100
AcDbHatch
370
-1
 62
7
 10
0
 20
0
 30
0
210
0
220
0
230
1
  2
SOLID
 70
1
 71
0
 91
1
 92
3
 72
0
 73
1
 93
2
 10
45.070889
 20
41.578379
 10
45.282556
 20
41.578379
 97
0
 75
0
 76
1
 98
0
  0
HATCH
  5
50E
100
AcDbEntity
  8
0
100
AcDbHatch
370
-1
 62
7
 10
0
 20
0
 30
0
210
0
220
0
230
1
  2
SOLID
 70
1
 71
0
 91
1
 92
3
 72
0
 73
1
 93
2
 10
61.623222
 20
42.298045
 10
62.491056
 20
42.298045
 97
0
 75
0
 76
1
 98
0
  0
MTEXT
  5
566
100
AcDbEntity
  8
0
100
AcDbMText
370
-1
 62
7
 10
177.04518
 20
24.784829
 30
0
 40
1.388634
  1
{\fSimSun|b0|i0|c0;20180305}
 50
0
 41
0
  7
Standard
 71
1
 73
1
 44
1
  0
MTEXT
  5
567
100
AcDbEntity
  8
0
100
AcDbMText
370
-1
 62
7
 10
223.908555
 20
31.00798
 30
0
 40
1.388634
  1
{\fSimSun|b0|i0|c0;P.M.}
 50
0
 41
0
  7
Standard
 71
1
 73
1
 44
1
  0
MTEXT
  5
568
100
AcDbEntity
  8
0
100
AcDbMText
370
-1
 62
7
 10
231.634406
 20
179.789579
 30
0
 40
1.388634
  1
{\fSimSun|b0|i0|c0;Original Drawing}
 50
0
 41
0
  7
Standard
 71
1
 73
1
 44
1
  0
MTEXT
  5
569
100
AcDbEntity
  8
0
100
AcDbMText
370
-1
 62
7
 10
204.56207
 20
179.535581
 30
0
 40
1.388634
  1
{\fSimSun|b0|i0|c0;A}
 50
0
 41
0
  7
Standard
 71
1
 73
1
 44
1
  0
MTEXT
  5
56A
100
AcDbEntity
  8
0
100
AcDbMText
370
-1
 62
7
 10
212.520809
 20
179.535581
 30
0
 40
1.388634
  1
{\fSimSun|b0|i0|c0;20180305}
 50
0
 41
0
  7
Standard
 71
1
 73
1
 44
1
  0
MTEXT
  5
56B
100
AcDbEntity
  8
0
100
AcDbMText
370
-1
 62
7
 10
178.548068
 20
28.12931
 30
0
 40
1.388634
  1
{\fSimSun|b0|i0|c0;Jesen}
 50
0
 41
0
  7
Standard
 71
1
 73
1
 44
1
  0
MTEXT
  5
56C
100
AcDbEntity
  8
0
100
AcDbMText
370
-1
 62
7
 10
237.455411
 20
43.224001
 30
0
 40
0.925739
  1
{\fSimSun|b0|i0|c0;2.0''}
 50
0
 41
0
  7
Standard
 71
1
 73
1
 44
1
  0
MTEXT
  5
56D
100
AcDbEntity
  8
0
100
AcDbMText
370
-1
 62
7
 10
240.884504
 20
43.224001
 30
0
 40
0.925739
  1
{\fArial|b0|i0|c0;TFT}
 50
0
 41
0
  7
Standard
 71
1
 73
1
 44
1
  0
MTEXT
  5
56E
100
AcDbEntity
  8
0
100
AcDbMText
370
-1
 62
7
 10
250.980305
 20
43.432614
 30
0
 40
1.388634
  1
{\fSimSun|b0|i0|c0;A}
 50
0
 41
0
  7
Standard
 71
1
 73
1
 44
1
  0
LWPOLYLINE
  5
56F
100
AcDbEntity
  8
0
100
AcDbPolyline
 62
7
  6
BYLAYER
 38
0
 90
2
 70
0
 10
201.344389
 20
177.447212
 10
201.344389
 20
183.903045
  0
LWPOLYLINE
  5
570
100
AcDbEntity
  8
0
100
AcDbPolyline
 62
7
  6
BYLAYER
 38
0
 90
2
 70
0
 10
218.320056
 20
22.676545
 10
218.320056
 20
31.757045
  0
LWPOLYLINE
  5
571
100
AcDbEntity
  8
0
100
AcDbPolyline
 62
7
  6
BYLAYER
 38
0
 90
2
 70
0
 10
201.344389
 20
177.447212
 10
255.298222
 20
177.447212
  0
LWPOLYLINE
  5
572
100
AcDbEntity
  8
0
100
AcDbPolyline
 62
7
  6
BYLAYER
 38
0
 90
2
 70
0
 10
209.070222
 20
177.447212
 10
209.070222
 20
183.903045
  0
LWPOLYLINE
  5
573
100
AcDbEntity
  8
0
100
AcDbPolyline
 62
7
  6
BYLAYER
 38
0
 90
2
 70
0
 10
224.543056
 20
177.447212
 10
224.543056
 20
183.903045
  0
LWPOLYLINE
  5
574
100
AcDbEntity
  8
0
100
AcDbPolyline
 62
7
  6
BYLAYER
 38
0
 90
8
 70
1
 10
161.360556
 20
32.476712
 10
161.783889
 20
32.730712
 10
161.995556
 20
33.429212
 10
161.783889
 20
33.916045
 10
161.360556
 20
34.148879
 10
160.937222
 20
33.916045
 10
160.704389
 20
33.429212
 10
160.937222
 20
32.730712
  0
LWPOLYLINE
  5
575
100
AcDbEntity
  8
0
100
AcDbPolyline
 62
7
  6
BYLAYER
 38
0
 90
2
 70
0
 10
161.360556
 20
34.635712
 10
161.360556
 20
32.243879
  0
LWPOLYLINE
  5
576
100
AcDbEntity
  8
0
100
AcDbPolyline
 62
7
  6
BYLAYER
 38
0
 90
6
 70
1
 10
161.360556
 20
32.963545
 10
161.783889
 20
33.429212
 10
161.572222
 20
33.683212
 10
161.360556
 20
33.916045
 10
161.148889
 20
33.683212
 10
160.937222
 20
33.429212
  0
LWPOLYLINE
  5
577
100
AcDbEntity
  8
0
100
AcDbPolyline
 62
7
  6
BYLAYER
 38
0
 90
4
 70
1
 10
164.366222
 20
32.476712
 10
164.366222
 20
34.148879
 10
162.440056
 20
33.916045
 10
162.440056
 20
32.963545
  0
MTEXT
  5
578
100
AcDbEntity
  8
0
100
AcDbMText
370
-1
 62
7
 10
160.936568
 20
24.784639
 30
0
 40
1.388634
  1
{\fSimSun|b0|i0|c0;¡À1}
 50
0
 41
0
  7
Standard
 71
1
 73
1
 44
1
  0
MTEXT
  5
579
100
AcDbEntity
  8
0
100
AcDbMText
370
-1
 62
7
 10
128.256039
 20
46.435884
 30
0
 40
1.280328
  1
{\fTimes New Roman|b0|i1|c0;Customer Approval}
 50
0
 41
0
  7
Standard
 71
1
 73
1
 44
1
  0
MTEXT
  5
57A
100
AcDbEntity
  8
0
100
AcDbMText
370
-1
 62
7
 10
132.341207
 20
43.811221
 30
0
 40
1.280328
  1
{\fTimes New Roman|b0|i1|c0;Signature}
 50
0
 41
0
  7
Standard
 71
1
 73
1
 44
1
  0
MTEXT
  5
57B
100
AcDbEntity
  8
0
100
AcDbMText
370
-1
 62
7
 10
235.95142
 20
34.044192
 30
0
 40
1.080037
  1
{\fSimSun|b0|i0|c0;Soda Lime / Polyimide}
 50
0
 41
0
  7
Standard
 71
1
 73
1
 44
1
  0
LWPOLYLINE
  5
57C
100
AcDbEntity
  8
0
100
AcDbPolyline
 62
7
  6
BYLAYER
 38
0
 90
2
 70
0
 10
164.789556
 20
33.429212
 10
160.281056
 20
33.429212
  0
LWPOLYLINE
  5
57D
100
AcDbEntity
  8
0
100
AcDbPolyline
 62
7
  6
BYLAYER
 38
0
 90
2
 70
0
 10
125.250222
 20
22.676545
 10
125.250222
 20
47.314545
  0
LWPOLYLINE
  5
57E
100
AcDbEntity
  8
0
100
AcDbPolyline
 62
7
  6
BYLAYER
 38
0
 90
2
 70
0
 10
247.974556
 20
41.091545
 10
247.974556
 20
47.314545
  0
MTEXT
  5
57F
100
AcDbEntity
  8
0
100
AcDbMText
370
-1
 62
7
 10
249.690031
 20
46.435884
 30
0
 40
1.280328
  1
{\fTimes New Roman|b0|i0|c0;Rev.}
 50
0
 41
0
  7
Standard
 71
1
 73
1
 44
1
  0
MTEXT
  5
580
100
AcDbEntity
  8
0
100
AcDbMText
370
-1
 62
7
 10
236.587953
 20
182.791497
 30
0
 40
1.280328
  1
{\fTimes New Roman|b0|i0|c0;Remark}
 50
0
 41
0
  7
Standard
 71
1
 73
1
 44
1
  0
MTEXT
  5
581
100
AcDbEntity
  8
0
100
AcDbMText
370
-1
 62
7
 10
203.05975
 20
182.791497
 30
0
 40
1.280328
  1
{\fTimes New Roman|b0|i0|c0;Item}
 50
0
 41
0
  7
Standard
 71
1
 73
1
 44
1
  0
LWPOLYLINE
  5
582
100
AcDbEntity
  8
0
100
AcDbPolyline
 62
7
  6
BYLAYER
 38
0
 90
4
 70
1
 10
257.224389
 20
20.517545
 10
257.224389
 20
185.808045
 10
34.318222
 20
185.808045
 10
34.318222
 20
20.517545
  0
LWPOLYLINE
  5
583
100
AcDbEntity
  8
0
100
AcDbPolyline
 62
7
  6
BYLAYER
 38
0
 90
4
 70
1
 10
255.298222
 20
183.903045
 10
255.298222
 20
22.676545
 10
36.053889
 20
22.676545
 10
36.053889
 20
183.903045
  0
MTEXT
  5
584
100
AcDbEntity
  8
0
100
AcDbMText
370
-1
 62
7
 10
214.6603
 20
182.791497
 30
0
 40
1.280328
  1
{\fTimes New Roman|b0|i0|c0;Date}
 50
0
 41
0
  7
Standard
 71
1
 73
1
 44
1
  0
MTEXT
  5
585
100
AcDbEntity
  8
0
100
AcDbMText
370
-1
 62
7
 10
249.690031
 20
27.788099
 30
0
 40
1.280328
  1
{\fTimes New Roman|b0|i0|c0;Size}
 50
0
 41
0
  7
Standard
 71
1
 73
1
 44
1
  0
MTEXT
  5
586
100
AcDbEntity
  8
0
100
AcDbMText
370
-1
 62
7
 10
250.346115
 20
24.676506
 30
0
 40
1.280328
  1
{\fTimes New Roman|b0|i0|c0;A3}
 50
0
 41
0
  7
Standard
 71
1
 73
1
 44
1
  0
MTEXT
  5
587
100
AcDbEntity
  8
0
100
AcDbMText
370
-1
 62
7
 10
234.428654
 20
27.788099
 30
0
 40
1.280328
  1
{\fTimes New Roman|b0|i0|c0;Scale}
 50
0
 41
0
  7
Standard
 71
1
 73
1
 44
1
  0
MTEXT
  5
588
100
AcDbEntity
  8
0
100
AcDbMText
370
-1
 62
7
 10
235.296456
 20
24.676506
 30
0
 40
1.280328
  1
{\fTimes New Roman|b0|i0|c0;1:1}
 50
0
 41
0
  7
Standard
 71
1
 73
1
 44
1
  0
MTEXT
  5
589
100
AcDbEntity
  8
0
100
AcDbMText
370
-1
 62
7
 10
194.021129
 20
31.007997
 30
0
 40
1.388634
  1
{\fSimSun|b0|i0|c0;E.E.}
 50
0
 41
0
  7
Standard
 71
1
 73
1
 44
1
  0
MTEXT
  5
58A
100
AcDbEntity
  8
0
100
AcDbMText
370
-1
 62
7
 10
206.064873
 20
31.007997
 30
0
 40
1.388634
  1
{\fSimSun|b0|i0|c0;Panel / E.}
 50
0
 41
0
  7
Standard
 71
1
 73
1
 44
1
  0
MTEXT
  5
58B
100
AcDbEntity
  8
0
100
AcDbMText
370
-1
 62
7
 10
240.672889
 20
40.213146
 30
0
 40
1.280328
  1
{\fTimes New Roman|b0|i0|c0;Material}
 50
0
 41
0
  7
Standard
 71
1
 73
1
 44
1
  0
MTEXT
  5
58C
100
AcDbEntity
  8
0
100
AcDbMText
370
-1
 62
7
 10
241.752324
 20
27.788323
 30
0
 40
1.280328
  1
{\fTimes New Roman|b0|i0|c0;Sheet}
 50
0
 41
0
  7
Standard
 71
1
 73
1
 44
1
  0
MTEXT
  5
58D
100
AcDbEntity
  8
0
100
AcDbMText
370
-1
 62
7
 10
241.752324
 20
24.676747
 30
0
 40
1.280328
  1
{\fTimes New Roman|b0|i0|c0;1 of 1}
 50
0
 41
0
  7
Standard
 71
1
 73
1
 44
1
  0
MTEXT
  5
58E
100
AcDbEntity
  8
0
100
AcDbMText
370
-1
 62
7
 10
235.508105
 20
46.495764
 30
0
 40
0.853537
  1
{\fTimes New Roman|b0|i0|c0;Drawing Number}
 50
0
 41
0
  7
Standard
 71
1
 73
1
 44
1
  0
MTEXT
  5
58F
100
AcDbEntity
  8
0
100
AcDbMText
370
-1
 62
7
 10
178.124597
 20
30.899485
 30
0
 40
1.280328
  1
{\fTimes New Roman|b0|i0|c0;Drawn}
 50
0
 41
0
  7
Standard
 71
1
 73
1
 44
1
  0
MTEXT
  5
590
100
AcDbEntity
  8
0
100
AcDbMText
370
-1
 62
7
 10
168.663004
 20
28.020815
 30
0
 40
1.280328
  1
{\fTimes New Roman|b0|i0|c0;By}
 50
0
 41
0
  7
Standard
 71
1
 73
1
 44
1
  0
MTEXT
  5
591
100
AcDbEntity
  8
0
100
AcDbMText
370
-1
 62
7
 10
167.795202
 20
24.676506
 30
0
 40
1.280328
  1
{\fTimes New Roman|b0|i0|c0;Date}
 50
0
 41
0
  7
Standard
 71
1
 73
1
 44
1
  0
MTEXT
  5
592
100
AcDbEntity
  8
0
100
AcDbMText
370
-1
 62
7
 10
167.795202
 20
37.101501
 30
0
 40
1.280328
  1
{\fTimes New Roman|b0|i0|c0;Title}
 50
0
 41
0
  7
Standard
 71
1
 73
1
 44
1
  0
MTEXT
  5
593
100
AcDbEntity
  8
0
100
AcDbMText
370
-1
 62
7
 10
147.81432
 20
34.049702
 30
0
 40
0.853537
  1
{\fTimes New Roman|b0|i0|c0;General Roughness}
 50
0
 41
0
  7
Standard
 71
1
 73
1
 44
1
  0
MTEXT
  5
594
100
AcDbEntity
  8
0
100
AcDbMText
370
-1
 62
7
 10
148.470145
 20
27.788099
 30
0
 40
1.280328
  1
{\fTimes New Roman|b0|i0|c0;Dimension}
 50
0
 41
0
  7
Standard
 71
1
 73
1
 44
1
  0
MTEXT
  5
595
100
AcDbEntity
  8
0
100
AcDbMText
370
-1
 62
7
 10
150.607913
 20
24.909463
 30
0
 40
1.280328
  1
{\fTimes New Roman|b0|i0|c0;Angle}
 50
0
 41
0
  7
Standard
 71
1
 73
1
 44
1
  0
MTEXT
  5
596
100
AcDbEntity
  8
0
100
AcDbMText
370
-1
 62
7
 10
152.766972
 20
30.899692
 30
0
 40
1.280328
  1
{\fTimes New Roman|b0|i0|c0;Tolerance}
 50
0
 41
0
  7
Standard
 71
1
 73
1
 44
1
  0
MTEXT
  5
597
100
AcDbEntity
  8
0
100
AcDbMText
370
-1
 62
7
 10
151.264083
 20
37.101553
 30
0
 40
1.280328
  1
{\fTimes New Roman|b0|i0|c0;Unit}
 50
0
 41
0
  7
Standard
 71
1
 73
1
 44
1
  0
MTEXT
  5
598
100
AcDbEntity
  8
0
100
AcDbMText
370
-1
 62
7
 10
149.105214
 20
40.27337
 30
0
 40
0.853537
  1
{\fTimes New Roman|b0|i0|c0;Unless Otherwise Specified}
 50
0
 41
0
  7
Standard
 71
1
 73
1
 44
1
  0
MTEXT
  5
599
100
AcDbEntity
  8
0
100
AcDbMText
370
-1
 62
7
 10
160.704437
 20
37.101363
 30
0
 40
1.280328
  1
{\fTimes New Roman|b0|i0|c0;mm}
 50
0
 41
0
  7
Standard
 71
1
 73
1
 44
1
  0
MTEXT
  5
59A
100
AcDbEntity
  8
0
100
AcDbMText
370
-1
 62
7
 10
159.857719
 20
27.896232
 30
0
 40
1.388634
  1
{\fSimSun|b0|i0|c0;¡À0.3}
 50
0
 41
0
  7
Standard
 71
1
 73
1
 44
1
  0
LWPOLYLINE
  5
59B
100
AcDbEntity
  8
0
100
AcDbPolyline
 62
7
  6
BYLAYER
 38
0
 90
2
 70
0
 10
201.344389
 20
180.558712
 10
255.298222
 20
180.558712
  0
LWPOLYLINE
  5
59C
100
AcDbEntity
  8
0
100
AcDbPolyline
 62
7
  6
BYLAYER
 38
0
 90
2
 70
0
 10
247.974556
 20
22.676545
 10
247.974556
 20
28.645545
  0
LWPOLYLINE
  5
59D
100
AcDbEntity
  8
0
100
AcDbPolyline
 62
7
  6
BYLAYER
 38
0
 90
2
 70
0
 10
240.460389
 20
22.676545
 10
240.460389
 20
28.645545
  0
LWPOLYLINE
  5
59E
100
AcDbEntity
  8
0
100
AcDbPolyline
 62
7
  6
BYLAYER
 38
0
 90
2
 70
0
 10
188.432722
 20
22.676545
 10
188.432722
 20
31.757045
  0
LWPOLYLINE
  5
59F
100
AcDbEntity
  8
0
100
AcDbPolyline
 62
7
  6
BYLAYER
 38
0
 90
2
 70
0
 10
203.270556
 20
22.676545
 10
203.270556
 20
31.757045
  0
LWPOLYLINE
  5
5A0
100
AcDbEntity
  8
0
100
AcDbPolyline
 62
7
  6
BYLAYER
 38
0
 90
2
 70
0
 10
233.157889
 20
22.676545
 10
233.157889
 20
47.314545
  0
LWPOLYLINE
  5
5A1
100
AcDbEntity
  8
0
100
AcDbPolyline
 62
7
  6
BYLAYER
 38
0
 90
2
 70
0
 10
233.157889
 20
37.980045
 10
255.298222
 20
37.980045
  0
LWPOLYLINE
  5
5A2
100
AcDbEntity
  8
0
100
AcDbPolyline
 62
7
  6
BYLAYER
 38
0
 90
2
 70
0
 10
233.157889
 20
44.203045
 10
255.298222
 20
44.203045
  0
LWPOLYLINE
  5
5A3
100
AcDbEntity
  8
0
100
AcDbPolyline
 62
7
  6
BYLAYER
 38
0
 90
2
 70
0
 10
173.616056
 20
22.676545
 10
173.616056
 20
41.091545
  0
LWPOLYLINE
  5
5A4
100
AcDbEntity
  8
0
100
AcDbPolyline
 62
7
  6
BYLAYER
 38
0
 90
2
 70
0
 10
166.080722
 20
22.676545
 10
166.080722
 20
41.091545
  0
LWPOLYLINE
  5
5A5
100
AcDbEntity
  8
0
100
AcDbPolyline
 62
7
  6
BYLAYER
 38
0
 90
2
 70
0
 10
158.778222
 20
22.676545
 10
158.778222
 20
28.645545
  0
LWPOLYLINE
  5
5A6
100
AcDbEntity
  8
0
100
AcDbPolyline
 62
7
  6
BYLAYER
 38
0
 90
2
 70
0
 10
158.778222
 20
31.757045
 10
158.778222
 20
37.980045
  0
LWPOLYLINE
  5
5A7
100
AcDbEntity
  8
0
100
AcDbPolyline
 62
7
  6
BYLAYER
 38
0
 90
2
 70
0
 10
147.602222
 20
37.980045
 10
166.080722
 20
37.980045
  0
LWPOLYLINE
  5
5A8
100
AcDbEntity
  8
0
100
AcDbPolyline
 62
7
  6
BYLAYER
 38
0
 90
2
 70
0
 10
147.602222
 20
34.868545
 10
166.080722
 20
34.868545
  0
LWPOLYLINE
  5
5A9
100
AcDbEntity
  8
0
100
AcDbPolyline
 62
7
  6
BYLAYER
 38
0
 90
2
 70
0
 10
147.602222
 20
22.676545
 10
147.602222
 20
47.314545
  0
LWPOLYLINE
  5
5AA
100
AcDbEntity
  8
0
100
AcDbPolyline
 62
7
  6
BYLAYER
 38
0
 90
2
 70
0
 10
125.250222
 20
47.314545
 10
255.298222
 20
47.314545
  0
LWPOLYLINE
  5
5AB
100
AcDbEntity
  8
0
100
AcDbPolyline
 62
7
  6
BYLAYER
 38
0
 90
2
 70
0
 10
125.250222
 20
41.091545
 10
255.298222
 20
41.091545
  0
LWPOLYLINE
  5
5AC
100
AcDbEntity
  8
0
100
AcDbPolyline
 62
7
  6
BYLAYER
 38
0
 90
2
 70
0
 10
147.602222
 20
31.757045
 10
233.157889
 20
31.757045
  0
LWPOLYLINE
  5
5AD
100
AcDbEntity
  8
0
100
AcDbPolyline
 62
7
  6
BYLAYER
 38
0
 90
2
 70
0
 10
147.602222
 20
28.645545
 10
255.298222
 20
28.645545
  0
LWPOLYLINE
  5
5AE
100
AcDbEntity
  8
0
100
AcDbPolyline
 62
7
  6
BYLAYER
 38
0
 90
2
 70
0
 10
147.602222
 20
25.555212
 10
255.298222
 20
25.555212
  0
LWPOLYLINE
  5
5AF
100
AcDbEntity
  8
0
100
AcDbPolyline
 62
7
  6
BYLAYER
 38
0
 90
2
 70
0
 10
201.344389
 20
177.447212
 10
255.298222
 20
177.447212
  0
LWPOLYLINE
  5
5B0
100
AcDbEntity
  8
0
100
AcDbPolyline
 62
7
  6
BYLAYER
 38
0
 90
2
 70
0
 10
130.414889
 20
72.905045
 10
130.838222
 20
73.624712
  0
LWPOLYLINE
  5
5B1
100
AcDbEntity
  8
0
100
AcDbPolyline
 62
7
  6
BYLAYER
 38
0
 90
2
 70
0
 10
130.838222
 20
71.000045
 10
130.838222
 20
72.439379
  0
LWPOLYLINE
  5
5B2
100
AcDbEntity
  8
0
100
AcDbPolyline
 62
7
  6
BYLAYER
 38
0
 90
2
 70
0
 10
129.547056
 20
72.672212
 10
129.547056
 20
71.000045
  0
LWPOLYLINE
  5
5B3
100
AcDbEntity
  8
0
100
AcDbPolyline
 62
7
  6
BYLAYER
 38
0
 90
2
 70
0
 10
127.176389
 20
71.719712
 10
133.632222
 20
71.719712
  0
LWPOLYLINE
  5
5B4
100
AcDbEntity
  8
0
100
AcDbPolyline
 62
7
  6
BYLAYER
 38
0
 90
2
 70
0
 10
129.547056
 20
71.000045
 10
130.838222
 20
71.719712
  0
LWPOLYLINE
  5
5B5
100
AcDbEntity
  8
0
100
AcDbPolyline
 62
7
  6
BYLAYER
 38
0
 90
2
 70
0
 10
129.547056
 20
72.672212
 10
130.838222
 20
71.719712
  0
LWPOLYLINE
  5
5B6
100
AcDbEntity
  8
0
100
AcDbPolyline
 62
7
  6
BYLAYER
 38
0
 90
2
 70
0
 10
130.626556
 20
72.672212
 10
131.049889
 20
73.391879
  0
LWPOLYLINE
  5
5B7
100
AcDbEntity
  8
0
100
AcDbPolyline
 62
7
  6
BYLAYER
 38
0
 90
2
 70
0
 10
130.414889
 20
76.736212
 10
130.838222
 20
77.455879
  0
LWPOLYLINE
  5
5B8
100
AcDbEntity
  8
0
100
AcDbPolyline
 62
7
  6
BYLAYER
 38
0
 90
2
 70
0
 10
130.838222
 20
74.831212
 10
130.838222
 20
76.503379
  0
LWPOLYLINE
  5
5B9
100
AcDbEntity
  8
0
100
AcDbPolyline
 62
7
  6
BYLAYER
 38
0
 90
3
 70
0
 10
129.547056
 20
76.503379
 10
129.547056
 20
74.831212
 10
130.838222
 20
75.783712
  0
LWPOLYLINE
  5
5BA
100
AcDbEntity
  8
0
100
AcDbPolyline
 62
7
  6
BYLAYER
 38
0
 90
2
 70
0
 10
129.547056
 20
76.503379
 10
130.838222
 20
75.783712
  0
LWPOLYLINE
  5
5BB
100
AcDbEntity
  8
0
100
AcDbPolyline
 62
7
  6
BYLAYER
 38
0
 90
2
 70
0
 10
130.626556
 20
76.736212
 10
131.049889
 20
77.223045
  0
MTEXT
  5
5BC
100
AcDbEntity
  8
0
100
AcDbMText
370
-1
 62
7
 10
119.006078
 20
58.3491
 30
0
 40
1.234361
  1
{\fSimSun|b0|i0|c0;LED CIRCUIT DIAGRAM}
 50
0
 41
0
  7
Standard
 71
1
 73
1
 44
1
  0
LWPOLYLINE
  5
5BD
100
AcDbEntity
  8
0
100
AcDbPolyline
 62
7
  6
BYLAYER
 38
0
 90
2
 70
0
 10
127.176389
 20
75.783712
 10
133.632222
 20
75.783712
  0
LWPOLYLINE
  5
5BE
100
AcDbEntity
  8
0
100
AcDbPolyline
 62
7
  6
BYLAYER
 38
0
 90
2
 70
0
 10
136.637889
 20
71.719712
 10
133.632222
 20
71.719712
  0
LWPOLYLINE
  5
5BF
100
AcDbEntity
  8
0
100
AcDbPolyline
 62
7
  6
BYLAYER
 38
0
 90
2
 70
0
 10
127.176389
 20
75.783712
 10
127.176389
 20
67.655712
  0
LWPOLYLINE
  5
5C0
100
AcDbEntity
  8
0
100
AcDbPolyline
 62
7
  6
BYLAYER
 38
0
 90
6
 70
1
 10
123.535722
 20
71.465712
 10
123.747389
 20
71.465712
 10
123.959056
 20
71.719712
 10
123.535722
 20
72.185379
 10
123.302889
 20
71.952545
 10
123.302889
 20
71.465712
  0
MTEXT
  5
5C1
100
AcDbEntity
  8
0
100
AcDbMText
370
-1
 62
7
 10
137.505827
 20
72.312881
 30
0
 40
1.080037
  1
{\fSimSun|b0|i0|c0;K3}
 50
0
 41
0
  7
Standard
 71
1
 73
1
 44
1
  0
LWPOLYLINE
  5
5C2
100
AcDbEntity
  8
0
100
AcDbPolyline
 62
7
  6
BYLAYER
 38
0
 90
2
 70
0
 10
127.176389
 20
71.719712
 10
123.959056
 20
71.719712
  0
LWPOLYLINE
  5
5C3
100
AcDbEntity
  8
0
100
AcDbPolyline
 62
7
  6
BYLAYER
 38
0
 90
6
 70
1
 10
136.849556
 20
71.465712
 10
137.061222
 20
71.465712
 10
137.272889
 20
71.719712
 10
136.849556
 20
72.185379
 10
136.637889
 20
71.952545
 10
136.637889
 20
71.465712
  0
HATCH
  5
5C4
100
AcDbEntity
  8
0
100
AcDbHatch
370
-1
 62
7
 10
0
 20
0
 30
0
210
0
220
0
230
1
  2
SOLID
 70
1
 71
0
 91
1
 92
3
 72
0
 73
1
 93
3
 10
127.620889
 20
71.719712
 10
127.388056
 20
71.952545
 10
127.388056
 20
71.465712
 97
0
 75
0
 76
1
 98
0
  0
LWPOLYLINE
  5
5C5
100
AcDbEntity
  8
0
100
AcDbPolyline
 62
7
  6
BYLAYER
 38
0
 90
3
 70
1
 10
127.620889
 20
71.719712
 10
127.388056
 20
71.952545
 10
127.388056
 20
71.465712
  0
HATCH
  5
5C6
100
AcDbEntity
  8
0
100
AcDbHatch
370
-1
 62
7
 10
0
 20
0
 30
0
210
0
220
0
230
1
  2
SOLID
 70
1
 71
0
 91
1
 92
3
 72
0
 73
1
 93
3
 10
127.388056
 20
71.952545
 10
127.176389
 20
72.185379
 10
127.176389
 20
71.465712
 97
0
 75
0
 76
1
 98
0
  0
LWPOLYLINE
  5
5C7
100
AcDbEntity
  8
0
100
AcDbPolyline
 62
7
  6
BYLAYER
 38
0
 90
3
 70
1
 10
127.388056
 20
71.952545
 10
127.176389
 20
72.185379
 10
127.176389
 20
71.465712
  0
HATCH
  5
5C8
100
AcDbEntity
  8
0
100
AcDbHatch
370
-1
 62
7
 10
0
 20
0
 30
0
210
0
220
0
230
1
  2
SOLID
 70
1
 71
0
 91
1
 92
3
 72
0
 73
1
 93
3
 10
127.388056
 20
71.952545
 10
127.388056
 20
71.465712
 10
127.176389
 20
71.465712
 97
0
 75
0
 76
1
 98
0
  0
LWPOLYLINE
  5
5C9
100
AcDbEntity
  8
0
100
AcDbPolyline
 62
7
  6
BYLAYER
 38
0
 90
3
 70
1
 10
127.388056
 20
71.952545
 10
127.388056
 20
71.465712
 10
127.176389
 20
71.465712
  0
HATCH
  5
5CA
100
AcDbEntity
  8
0
100
AcDbHatch
370
-1
 62
7
 10
0
 20
0
 30
0
210
0
220
0
230
1
  2
SOLID
 70
1
 71
0
 91
1
 92
3
 72
0
 73
1
 93
3
 10
127.176389
 20
72.185379
 10
126.964722
 20
71.952545
 10
126.964722
 20
71.465712
 97
0
 75
0
 76
1
 98
0
  0
LWPOLYLINE
  5
5CB
100
AcDbEntity
  8
0
100
AcDbPolyline
 62
7
  6
BYLAYER
 38
0
 90
3
 70
1
 10
127.176389
 20
72.185379
 10
126.964722
 20
71.952545
 10
126.964722
 20
71.465712
  0
HATCH
  5
5CC
100
AcDbEntity
  8
0
100
AcDbHatch
370
-1
 62
7
 10
0
 20
0
 30
0
210
0
220
0
230
1
  2
SOLID
 70
1
 71
0
 91
1
 92
3
 72
0
 73
1
 93
3
 10
127.176389
 20
72.185379
 10
127.176389
 20
71.465712
 10
126.964722
 20
71.465712
 97
0
 75
0
 76
1
 98
0
  0
LWPOLYLINE
  5
5CD
100
AcDbEntity
  8
0
100
AcDbPolyline
 62
7
  6
BYLAYER
 38
0
 90
3
 70
1
 10
127.176389
 20
72.185379
 10
127.176389
 20
71.465712
 10
126.964722
 20
71.465712
  0
HATCH
  5
5CE
100
AcDbEntity
  8
0
100
AcDbHatch
370
-1
 62
7
 10
0
 20
0
 30
0
210
0
220
0
230
1
  2
SOLID
 70
1
 71
0
 91
1
 92
3
 72
0
 73
1
 93
3
 10
126.964722
 20
71.952545
 10
126.964722
 20
71.465712
 10
126.964722
 20
71.719712
 97
0
 75
0
 76
1
 98
0
  0
LWPOLYLINE
  5
5CF
100
AcDbEntity
  8
0
100
AcDbPolyline
 62
7
  6
BYLAYER
 38
0
 90
2
 70
1
 10
126.964722
 20
71.952545
 10
126.964722
 20
71.465712
  0
MTEXT
  5
5D0
100
AcDbEntity
  8
0
100
AcDbMText
370
-1
 62
7
 10
122.033059
 20
72.312881
 30
0
 40
1.080037
  1
{\fSimSun|b0|i0|c0;A}
 50
0
 41
0
  7
Standard
 71
1
 73
1
 44
1
  0
LWPOLYLINE
  5
5D1
100
AcDbEntity
  8
0
100
AcDbPolyline
 62
7
  6
BYLAYER
 38
0
 90
7
 70
1
 10
127.176389
 20
71.465712
 10
127.388056
 20
71.465712
 10
127.620889
 20
71.719712
 10
127.388056
 20
71.952545
 10
127.176389
 20
72.185379
 10
126.964722
 20
71.952545
 10
126.964722
 20
71.465712
  0
LWPOLYLINE
  5
5D2
100
AcDbEntity
  8
0
100
AcDbPolyline
 62
7
  6
BYLAYER
 38
0
 90
2
 70
0
 10
130.414889
 20
68.841045
 10
130.838222
 20
69.560712
  0
LWPOLYLINE
  5
5D3
100
AcDbEntity
  8
0
100
AcDbPolyline
 62
7
  6
BYLAYER
 38
0
 90
2
 70
0
 10
130.838222
 20
66.936045
 10
130.838222
 20
68.608212
  0
LWPOLYLINE
  5
5D4
100
AcDbEntity
  8
0
100
AcDbPolyline
 62
7
  6
BYLAYER
 38
0
 90
2
 70
0
 10
129.547056
 20
68.608212
 10
129.547056
 20
66.936045
  0
LWPOLYLINE
  5
5D5
100
AcDbEntity
  8
0
100
AcDbPolyline
 62
7
  6
BYLAYER
 38
0
 90
2
 70
0
 10
127.176389
 20
67.655712
 10
133.632222
 20
67.655712
  0
LWPOLYLINE
  5
5D6
100
AcDbEntity
  8
0
100
AcDbPolyline
 62
7
  6
BYLAYER
 38
0
 90
2
 70
0
 10
129.547056
 20
66.936045
 10
130.838222
 20
67.655712
  0
LWPOLYLINE
  5
5D7
100
AcDbEntity
  8
0
100
AcDbPolyline
 62
7
  6
BYLAYER
 38
0
 90
2
 70
0
 10
129.547056
 20
68.608212
 10
130.838222
 20
67.655712
  0
LWPOLYLINE
  5
5D8
100
AcDbEntity
  8
0
100
AcDbPolyline
 62
7
  6
BYLAYER
 38
0
 90
2
 70
0
 10
130.626556
 20
68.608212
 10
131.049889
 20
69.327879
  0
LWPOLYLINE
  5
5D9
100
AcDbEntity
  8
0
100
AcDbPolyline
 62
7
  6
BYLAYER
 38
0
 90
2
 70
0
 10
127.176389
 20
79.614879
 10
133.632222
 20
79.614879
  0
LWPOLYLINE
  5
5DA
100
AcDbEntity
  8
0
100
AcDbPolyline
 62
7
  6
BYLAYER
 38
0
 90
2
 70
0
 10
130.626556
 20
80.567379
 10
131.049889
 20
81.287045
  0
LWPOLYLINE
  5
5DB
100
AcDbEntity
  8
0
100
AcDbPolyline
 62
7
  6
BYLAYER
 38
0
 90
2
 70
0
 10
129.547056
 20
80.567379
 10
130.838222
 20
79.847712
  0
LWPOLYLINE
  5
5DC
100
AcDbEntity
  8
0
100
AcDbPolyline
 62
7
  6
BYLAYER
 38
0
 90
2
 70
0
 10
129.547056
 20
78.895212
 10
130.838222
 20
79.847712
  0
LWPOLYLINE
  5
5DD
100
AcDbEntity
  8
0
100
AcDbPolyline
 62
7
  6
BYLAYER
 38
0
 90
2
 70
0
 10
129.547056
 20
80.567379
 10
129.547056
 20
78.895212
  0
LWPOLYLINE
  5
5DE
100
AcDbEntity
  8
0
100
AcDbPolyline
 62
7
  6
BYLAYER
 38
0
 90
2
 70
0
 10
130.838222
 20
78.895212
 10
130.838222
 20
80.567379
  0
LWPOLYLINE
  5
5DF
100
AcDbEntity
  8
0
100
AcDbPolyline
 62
7
  6
BYLAYER
 38
0
 90
2
 70
0
 10
130.414889
 20
80.800212
 10
130.838222
 20
81.519879
  0
LWPOLYLINE
  5
5E0
100
AcDbEntity
  8
0
100
AcDbPolyline
 62
7
  6
BYLAYER
 38
0
 90
2
 70
0
 10
130.414889
 20
76.736212
 10
130.838222
 20
77.455879
  0
LWPOLYLINE
  5
5E1
100
AcDbEntity
  8
0
100
AcDbPolyline
 62
7
  6
BYLAYER
 38
0
 90
2
 70
0
 10
127.176389
 20
79.614879
 10
127.176389
 20
71.719712
  0
LWPOLYLINE
  5
5E2
100
AcDbEntity
  8
0
100
AcDbPolyline
 62
7
  6
BYLAYER
 38
0
 90
6
 70
1
 10
136.849556
 20
79.360879
 10
137.061222
 20
79.360879
 10
137.272889
 20
79.614879
 10
137.061222
 20
80.080545
 10
136.637889
 20
80.080545
 10
136.637889
 20
79.360879
  0
MTEXT
  5
5E3
100
AcDbEntity
  8
0
100
AcDbMText
370
-1
 62
7
 10
118.794618
 20
63.595596
 30
0
 40
1.697256
  1
{\fSimSun|b0|i0|c0;IF=20*4mA  VF=3.0V }
 50
0
 41
0
  7
Standard
 71
1
 73
1
 44
1
  0
MTEXT
  5
5E4
100
AcDbEntity
  8
0
100
AcDbMText
370
-1
 62
7
 10
137.505827
 20
80.208058
 30
0
 40
1.080037
  1
{\fSimSun|b0|i0|c0;K1}
 50
0
 41
0
  7
Standard
 71
1
 73
1
 44
1
  0
LWPOLYLINE
  5
5E5
100
AcDbEntity
  8
0
100
AcDbPolyline
 62
7
  6
BYLAYER
 38
0
 90
2
 70
0
 10
136.637889
 20
79.614879
 10
133.632222
 20
79.614879
  0
LWPOLYLINE
  5
5E6
100
AcDbEntity
  8
0
100
AcDbPolyline
 62
7
  6
BYLAYER
 38
0
 90
2
 70
0
 10
136.637889
 20
75.783712
 10
133.632222
 20
75.783712
  0
MTEXT
  5
5E7
100
AcDbEntity
  8
0
100
AcDbMText
370
-1
 62
7
 10
137.505827
 20
76.144086
 30
0
 40
1.080037
  1
{\fSimSun|b0|i0|c0;K2}
 50
0
 41
0
  7
Standard
 71
1
 73
1
 44
1
  0
LWPOLYLINE
  5
5E8
100
AcDbEntity
  8
0
100
AcDbPolyline
 62
7
  6
BYLAYER
 38
0
 90
6
 70
1
 10
136.849556
 20
75.296879
 10
137.061222
 20
75.529712
 10
137.272889
 20
75.783712
 10
137.061222
 20
76.016545
 10
136.637889
 20
76.016545
 10
136.637889
 20
75.529712
  0
LWPOLYLINE
  5
5E9
100
AcDbEntity
  8
0
100
AcDbPolyline
 62
7
  6
BYLAYER
 38
0
 90
2
 70
0
 10
136.637889
 20
67.655712
 10
133.632222
 20
67.655712
  0
LWPOLYLINE
  5
5EA
100
AcDbEntity
  8
0
100
AcDbPolyline
 62
7
  6
BYLAYER
 38
0
 90
6
 70
1
 10
136.849556
 20
67.401712
 10
137.061222
 20
67.401712
 10
137.272889
 20
67.634545
 10
137.061222
 20
68.121379
 10
136.637889
 20
68.121379
 10
136.637889
 20
67.401712
  0
LWPOLYLINE
  5
5EB
100
AcDbEntity
  8
0
100
AcDbPolyline
 62
3
420
65280
  6
BYLAYER
 38
0
 90
2
 70
0
 10
89.774889
 20
99.934879
 10
72.587556
 20
99.934879
  0
LWPOLYLINE
  5
5EC
100
AcDbEntity
  8
0
100
AcDbPolyline
 62
3
420
65280
  6
BYLAYER
 38
0
 90
2
 70
0
 10
82.895722
 20
111.661212
 10
72.587556
 20
111.661212
  0
LWPOLYLINE
  5
5ED
100
AcDbEntity
  8
0
100
AcDbPolyline
 62
2
420
16776960
  6
BYLAYER
 38
0
 90
2
 70
0
 10
72.799222
 20
100.654545
 10
72.799222
 20
103.533212
  0
LWPOLYLINE
  5
5EE
100
AcDbEntity
  8
0
100
AcDbPolyline
 62
2
420
16776960
  6
BYLAYER
 38
0
 90
2
 70
0
 10
72.799222
 20
110.941545
 10
72.799222
 20
108.062879
  0
HATCH
  5
5EF
100
AcDbEntity
  8
0
100
AcDbHatch
370
-1
 62
2
420
16776960
 10
0
 20
0
 30
0
210
0
220
0
230
1
  2
SOLID
 70
1
 71
0
 91
1
 92
3
 72
0
 73
1
 93
3
 10
73.010889
 20
100.654545
 10
72.799222
 20
100.654545
 10
72.799222
 20
99.934879
 97
0
 75
0
 76
1
 98
0
  0
LWPOLYLINE
  5
5F0
100
AcDbEntity
  8
0
100
AcDbPolyline
 62
2
420
16776960
  6
BYLAYER
 38
0
 90
3
 70
1
 10
73.010889
 20
100.651723
 10
72.799237
 20
100.651723
 10
72.799237
 20
99.931858
  0
HATCH
  5
5F1
100
AcDbEntity
  8
0
100
AcDbHatch
370
-1
 62
2
420
16776960
 10
0
 20
0
 30
0
210
0
220
0
230
1
  2
SOLID
 70
1
 71
0
 91
1
 92
3
 72
0
 73
1
 93
3
 10
73.010889
 20
110.941545
 10
72.799222
 20
110.941545
 10
72.799222
 20
111.661212
 97
0
 75
0
 76
1
 98
0
  0
MTEXT
  5
5F2
100
AcDbEntity
  8
0
100
AcDbMText
370
-1
 62
7
 10
137.505827
 20
68.248909
 30
0
 40
1.080037
  1
{\fSimSun|b0|i0|c0;K4}
 50
0
 41
0
  7
Standard
 71
1
 73
1
 44
1
  0
HATCH
  5
5F3
100
AcDbEntity
  8
0
100
AcDbHatch
370
-1
 62
3
420
65280
 10
0
 20
0
 30
0
210
0
220
0
230
1
  2
SOLID
 70
1
 71
0
 91
1
 92
3
 72
0
 73
1
 93
4
 10
89.965389
 20
99.934879
 10
89.965389
 20
99.913713
 10
89.986555
 20
99.913713
 10
89.986555
 20
99.934879
 97
0
 75
0
 76
1
 98
0
  0
HATCH
  5
5F4
100
AcDbEntity
  8
0
100
AcDbHatch
370
-1
 62
3
420
65280
 10
0
 20
0
 30
0
210
0
220
0
230
1
  2
SOLID
 70
1
 71
0
 91
1
 92
3
 72
0
 73
1
 93
4
 10
83.107389
 20
111.661212
 10
83.107389
 20
111.640046
 10
83.12856
 20
111.640046
 10
83.12856
 20
111.661212
 97
0
 75
0
 76
1
 98
0
  0
HATCH
  5
5F5
100
AcDbEntity
  8
0
100
AcDbHatch
370
-1
 62
3
420
65280
 10
0
 20
0
 30
0
210
0
220
0
230
1
  2
SOLID
 70
1
 71
0
 91
1
 92
3
 72
0
 73
1
 93
4
 10
72.778056
 20
111.661212
 10
72.778056
 20
111.640046
 10
72.799222
 20
111.640046
 10
72.799222
 20
111.661212
 97
0
 75
0
 76
1
 98
0
  0
LWPOLYLINE
  5
5F6
100
AcDbEntity
  8
0
100
AcDbPolyline
 62
2
420
16776960
  6
BYLAYER
 38
0
 90
3
 70
1
 10
73.010889
 20
110.939076
 10
72.799237
 20
110.939076
 10
72.799237
 20
111.658941
  0
LWPOLYLINE
  5
5F7
100
AcDbEntity
  8
0
100
AcDbPolyline
 62
7
  6
BYLAYER
 38
0
 90
3
 70
0
 10
122.032889
 20
110.941545
 10
122.244556
 20
111.174379
 10
122.456222
 20
111.428379
  0
LWPOLYLINE
  5
5F8
100
AcDbEntity
  8
0
100
AcDbPolyline
 62
7
  6
BYLAYER
 38
0
 90
2
 70
0
 10
122.456222
 20
113.566212
 10
122.456222
 20
111.428379
  0
LWPOLYLINE
  5
5F9
100
AcDbEntity
  8
0
100
AcDbPolyline
 62
7
  6
BYLAYER
 38
0
 90
2
 70
0
 10
121.800056
 20
110.941545
 10
122.032889
 20
110.941545
  0
HATCH
  5
5FA
100
AcDbEntity
  8
0
100
AcDbHatch
370
-1
 62
40
420
16760576
 10
0
 20
0
 30
0
210
0
220
0
230
1
  2
SOLID
 70
1
 71
0
 91
1
 92
3
 72
0
 73
1
 93
4
 10
173.806556
 20
110.941545
 10
173.806556
 20
110.920379
 10
173.827722
 20
110.920379
 10
173.827722
 20
110.941545
 97
0
 75
0
 76
1
 98
0
  0
LWPOLYLINE
  5
5FB
100
AcDbEntity
  8
0
100
AcDbPolyline
 62
40
420
16760576
  6
BYLAYER
 38
0
 90
2
 70
0
 10
173.827722
 20
105.671045
 10
187.797722
 20
105.671045
  0
LWPOLYLINE
  5
5FC
100
AcDbEntity
  8
0
100
AcDbPolyline
 62
40
420
16760576
  6
BYLAYER
 38
0
 90
2
 70
0
 10
175.542222
 20
120.276045
 10
175.542222
 20
118.349879
  0
LWPOLYLINE
  5
5FD
100
AcDbEntity
  8
0
100
AcDbPolyline
 62
40
420
16760576
  6
BYLAYER
 38
0
 90
5
 70
0
 10
175.542222
 20
117.630212
 10
175.753889
 20
117.630212
 10
175.965556
 20
118.117045
 10
175.753889
 20
118.349879
 10
175.542222
 20
118.349879
  0
LWPOLYLINE
  5
5FE
100
AcDbEntity
  8
0
100
AcDbPolyline
 62
40
420
16760576
  6
BYLAYER
 38
0
 90
2
 70
0
 10
175.542222
 20
117.630212
 10
175.542222
 20
115.725212
  0
LWPOLYLINE
  5
5FF
100
AcDbEntity
  8
0
100
AcDbPolyline
 62
40
420
16760576
  6
BYLAYER
 38
0
 90
3
 70
0
 10
174.907222
 20
115.005545
 10
175.330556
 20
115.238379
 10
175.542222
 20
115.725212
  0
LWPOLYLINE
  5
600
100
AcDbEntity
  8
0
100
AcDbPolyline
 62
40
420
16760576
  6
BYLAYER
 38
0
 90
8
 70
0
 10
174.907222
 20
115.005545
 10
171.033722
 20
115.005545
 10
170.610389
 20
114.772712
 10
170.377556
 20
114.285879
 10
170.377556
 20
112.380879
 10
170.610389
 20
111.894045
 10
171.033722
 20
111.661212
 10
173.171556
 20
111.661212
  0
LWPOLYLINE
  5
601
100
AcDbEntity
  8
0
100
AcDbPolyline
 62
40
420
16760576
  6
BYLAYER
 38
0
 90
3
 70
0
 10
173.827722
 20
110.941545
 10
173.616056
 20
111.428379
 10
173.171556
 20
111.661212
  0
LWPOLYLINE
  5
602
100
AcDbEntity
  8
0
100
AcDbPolyline
 62
40
420
16760576
  6
BYLAYER
 38
0
 90
9
 70
0
 10
143.517056
 20
100.421712
 10
143.517056
 20
102.093879
 10
143.728722
 20
102.326712
 10
143.728722
 20
102.813545
 10
143.517056
 20
102.813545
 10
143.517056
 20
104.951379
 10
143.305389
 20
105.438212
 10
142.882056
 20
105.671045
 10
139.008556
 20
105.671045
  0
LWPOLYLINE
  5
603
100
AcDbEntity
  8
0
100
AcDbPolyline
 62
40
420
16760576
  6
BYLAYER
 38
0
 90
3
 70
0
 10
138.352389
 20
106.390712
 10
138.564056
 20
105.925045
 10
139.008556
 20
105.671045
  0
LWPOLYLINE
  5
604
100
AcDbEntity
  8
0
100
AcDbPolyline
 62
40
420
16760576
  6
BYLAYER
 38
0
 90
2
 70
0
 10
138.352389
 20
106.390712
 10
138.352389
 20
108.062879
  0
LWPOLYLINE
  5
605
100
AcDbEntity
  8
0
100
AcDbPolyline
 62
40
420
16760576
  6
BYLAYER
 38
0
 90
3
 70
0
 10
139.008556
 20
109.036545
 10
138.564056
 20
108.782545
 10
138.352389
 20
108.062879
  0
LWPOLYLINE
  5
606
100
AcDbEntity
  8
0
100
AcDbPolyline
 62
40
420
16760576
  6
BYLAYER
 38
0
 90
5
 70
0
 10
139.008556
 20
109.036545
 10
141.146389
 20
109.036545
 10
141.590889
 20
109.036545
 10
141.802556
 20
109.735045
 10
141.802556
 20
111.661212
  0
HATCH
  5
607
100
AcDbEntity
  8
0
100
AcDbHatch
370
-1
 62
7
 10
0
 20
0
 30
0
210
0
220
0
230
1
  2
SOLID
 70
1
 71
0
 91
1
 92
3
 72
0
 73
1
 93
3
 10
188.009389
 20
108.549712
 10
186.929889
 20
109.735045
 10
188.432722
 20
109.036545
 97
0
 75
0
 76
1
 98
0
  0
LWPOLYLINE
  5
608
100
AcDbEntity
  8
0
100
AcDbPolyline
 62
7
  6
BYLAYER
 38
0
 90
3
 70
1
 10
188.009036
 20
108.547242
 10
186.929379
 20
109.73275
 10
188.432339
 20
109.034101
  0
HATCH
  5
609
100
AcDbEntity
  8
0
100
AcDbHatch
370
-1
 62
1
420
16711680
 10
0
 20
0
 30
0
210
0
220
0
230
1
  2
SOLID
 70
1
 71
0
 91
6
 92
3
 72
0
 73
1
 93
32
 10
194.602079
 20
97.521845
 10
194.600425
 20
97.647522
 10
194.595464
 20
97.746741
 10
194.7476
 20
97.680595
 10
194.694683
 20
97.634293
 10
194.694683
 20
97.521845
 10
194.965881
 20
97.521845
 10
195.058485
 20
97.607834
 10
195.170933
 20
97.482157
 10
194.694683
 20
97.482157
 10
194.694683
 20
97.343251
 10
194.886506
 20
97.343251
 10
194.972495
 20
97.422626
 10
195.078329
 20
97.303563
 10
194.694683
 20
97.303563
 10
194.694683
 20
97.138199
 10
195.005568
 20
97.138199
 10
195.098173
 20
97.224188
 10
195.21062
 20
97.098511
 10
194.297808
 20
97.098511
 10
194.172131
 20
97.078668
 10
194.1126
 20
97.138199
 10
194.602079
 20
97.138199
 10
194.602079
 20
97.303563
 10
194.449943
 20
97.303563
 10
194.324266
 20
97.28372
 10
194.264735
 20
97.343251
 10
194.602079
 20
97.343251
 10
194.602079
 20
97.482157
 10
194.350725
 20
97.482157
 10
194.225048
 20
97.462313
 10
194.165516
 20
97.521845
 97
0
 92
3
 72
0
 73
1
 93
4
 10
194.410256
 20
96.926532
 10
194.410256
 20
96.794241
 10
194.912964
 20
96.794241
 10
194.912964
 20
96.926532
 97
0
 92
3
 72
0
 73
1
 93
4
 10
194.410256
 20
96.754553
 10
194.410256
 20
96.602418
 10
194.912964
 20
96.602418
 10
194.912964
 20
96.754553
 97
0
 92
3
 72
0
 73
1
 93
26
 10
194.317652
 20
97.019136
 10
194.403641
 20
96.96622
 10
194.899735
 20
96.96622
 10
194.939423
 20
97.025751
 10
195.045256
 20
96.946376
 10
194.998954
 20
96.906688
 10
194.998954
 20
96.370907
 10
194.992339
 20
96.31303
 10
194.965881
 20
96.265074
 10
194.919579
 20
96.22704
 10
194.853433
 20
96.198928
 10
194.842271
 20
96.239029
 10
194.808784
 20
96.273342
 10
194.752974
 20
96.301867
 10
194.674839
 20
96.324605
 10
194.674839
 20
96.351063
 10
194.775712
 20
96.345276
 10
194.853433
 20
96.341142
 10
194.901389
 20
96.355198
 10
194.912964
 20
96.40398
 10
194.912964
 20
96.56273
 10
194.410256
 20
96.56273
 10
194.410256
 20
96.238616
 10
194.317652
 20
96.192313
 10
194.324266
 20
96.622261
 10
194.322613
 20
96.837235
 97
0
 92
3
 72
0
 73
1
 93
10
 10
193.821558
 20
97.680595
 10
193.841402
 20
97.693824
 10
193.939794
 20
97.62189
 10
193.996844
 20
97.564839
 10
194.020822
 20
97.516057
 10
194.019995
 20
97.468928
 10
193.963771
 20
97.39286
 10
193.929045
 20
97.393687
 10
193.910855
 20
97.455699
 10
193.88357
 20
97.558225
 97
0
 92
3
 72
0
 73
1
 93
15
 10
193.649579
 20
97.171272
 10
193.887704
 20
97.171272
 10
193.94062
 20
97.237418
 10
194.053068
 20
97.151428
 10
193.993537
 20
97.105126
 10
193.993537
 20
96.516428
 10
194.231662
 20
96.734709
 10
194.251506
 20
96.714866
 10
194.087795
 20
96.506506
 10
193.967079
 20
96.317991
 10
193.874475
 20
96.423824
 10
193.900933
 20
96.516428
 10
193.900933
 20
97.131584
 10
193.834787
 20
97.131584
 10
193.70911
 20
97.111741
 97
0
 75
0
 76
1
 98
0
  0
HATCH
  5
60A
100
AcDbEntity
  8
0
100
AcDbHatch
370
-1
 62
1
420
16711680
 10
0
 20
0
 30
0
210
0
220
0
230
1
  2
SOLID
 70
1
 71
0
 91
5
 92
3
 72
0
 73
1
 93
4
 10
195.939606
 20
97.230803
 10
196.061975
 20
97.105126
 10
196.184345
 20
97.005907
 10
196.396012
 20
97.230803
 97
0
 92
3
 72
0
 73
1
 93
4
 10
195.860231
 20
96.642105
 10
195.860231
 20
96.33122
 10
196.475387
 20
96.33122
 10
196.475387
 20
96.642105
 97
0
 92
3
 72
0
 73
1
 93
53
 10
196.078512
 20
97.349866
 10
196.025595
 20
97.336636
 10
195.966064
 20
97.270491
 10
196.396012
 20
97.270491
 10
196.455543
 20
97.330022
 10
196.567991
 20
97.210959
 10
196.488616
 20
97.191116
 10
196.250491
 20
96.959605
 10
196.389397
 20
96.883124
 10
196.548147
 20
96.82566
 10
196.726741
 20
96.787213
 10
196.925178
 20
96.767782
 10
196.925178
 20
96.741324
 10
196.840843
 20
96.706597
 10
196.799501
 20
96.642105
 10
196.483655
 20
96.749592
 10
196.197574
 20
96.913303
 10
195.992522
 20
96.781011
 10
195.827158
 20
96.701636
 10
195.860231
 20
96.681793
 10
196.462158
 20
96.681793
 10
196.50846
 20
96.734709
 10
196.614293
 20
96.655334
 10
196.561376
 20
96.615647
 10
196.56179
 20
96.49121
 10
196.56303
 20
96.389097
 10
196.565097
 20
96.309309
 10
196.567991
 20
96.251845
 10
196.475387
 20
96.198928
 10
196.475387
 20
96.291532
 10
195.860231
 20
96.291532
 10
195.860231
 20
96.238616
 10
195.767626
 20
96.192313
 10
195.77052
 20
96.247711
 10
195.772587
 20
96.347756
 10
195.773828
 20
96.49245
 10
195.774241
 20
96.681793
 10
195.579111
 20
96.625569
 10
195.390595
 20
96.589188
 10
195.390595
 20
96.615647
 10
195.595647
 20
96.671871
 10
195.78747
 20
96.747938
 10
195.966064
 20
96.84385
 10
196.131428
 20
96.959605
 10
196.012366
 20
97.090243
 10
195.919762
 20
97.217574
 10
195.734553
 20
97.029058
 10
195.536116
 20
96.886845
 10
195.522887
 20
96.906688
 10
195.663447
 20
97.0365
 10
195.780856
 20
97.174579
 10
195.87346
 20
97.314312
 10
195.939606
 20
97.449084
 97
0
 92
3
 72
0
 73
1
 93
9
 10
195.999137
 20
97.726897
 10
196.012366
 20
97.746741
 10
196.129775
 20
97.705399
 10
196.204189
 20
97.660751
 10
196.233955
 20
97.607834
 10
196.217418
 20
97.541688
 10
196.178557
 20
97.507789
 10
196.14135
 20
97.55161
 10
196.087607
 20
97.636773
 97
0
 92
3
 72
0
 73
1
 93
20
 10
196.601064
 20
97.28372
 10
196.706897
 20
97.455699
 10
195.602262
 20
97.455699
 10
195.598128
 20
97.364748
 10
195.572496
 20
97.303563
 10
195.528675
 20
97.271317
 10
195.46997
 20
97.267183
 10
195.437724
 20
97.294468
 10
195.473277
 20
97.35648
 10
195.530328
 20
97.450738
 10
195.562574
 20
97.574761
 10
195.595647
 20
97.574761
 10
195.602262
 20
97.495386
 10
196.700283
 20
97.495386
 10
196.759814
 20
97.568147
 10
196.885491
 20
97.429241
 10
196.834641
 20
97.42428
 10
196.774697
 20
97.396168
 10
196.705657
 20
97.344905
 10
196.627522
 20
97.270491
 97
0
 75
0
 76
1
 98
0
  0
HATCH
  5
60B
100
AcDbEntity
  8
0
100
AcDbHatch
370
-1
 62
1
420
16711680
 10
0
 20
0
 30
0
210
0
220
0
230
1
  2
SOLID
 70
1
 71
0
 91
3
 92
3
 72
0
 73
1
 93
4
 10
197.556251
 20
97.402782
 10
197.556251
 20
97.03898
 10
198.356616
 20
97.03898
 10
198.356616
 20
97.402782
 97
0
 92
3
 72
0
 73
1
 93
11
 10
197.800991
 20
97.746741
 10
197.921707
 20
97.683902
 10
197.992814
 20
97.627678
 10
198.02258
 20
97.575588
 10
198.019272
 20
97.525152
 10
197.996121
 20
97.486291
 10
197.966356
 20
97.468928
 10
197.93411
 20
97.486291
 10
197.903517
 20
97.55161
 10
197.859696
 20
97.64008
 10
197.787762
 20
97.726897
 97
0
 92
3
 72
0
 73
1
 93
23
 10
197.450418
 20
97.508616
 10
197.556251
 20
97.44247
 10
198.343387
 20
97.44247
 10
198.396304
 20
97.51523
 10
198.508751
 20
97.422626
 10
198.455835
 20
97.382938
 10
198.456248
 20
97.225429
 10
198.457488
 20
97.096858
 10
198.459556
 20
96.997226
 10
198.462449
 20
96.926532
 10
198.356616
 20
96.88023
 10
198.356616
 20
96.999293
 10
197.556251
 20
96.999293
 10
197.522352
 20
96.75538
 10
197.440496
 20
96.539579
 10
197.310685
 20
96.35189
 10
197.132918
 20
96.192313
 10
197.119689
 20
96.212157
 10
197.232137
 20
96.345276
 10
197.344585
 20
96.532964
 10
197.429748
 20
96.766129
 10
197.46034
 20
97.035673
 10
197.459513
 20
97.297776
 97
0
 75
0
 76
1
 98
0
  0
HATCH
  5
60C
100
AcDbEntity
  8
0
100
AcDbHatch
370
-1
 62
1
420
16711680
 10
0
 20
0
 30
0
210
0
220
0
230
1
  2
SOLID
 70
1
 71
0
 91
5
 92
3
 72
0
 73
1
 93
11
 10
199.614768
 20
97.707053
 10
199.743752
 20
97.639254
 10
199.826435
 20
97.581376
 10
199.857854
 20
97.520191
 10
199.833049
 20
97.44247
 10
199.807831
 20
97.411257
 10
199.785093
 20
97.403609
 10
199.764836
 20
97.419525
 10
199.74706
 20
97.459006
 10
199.694143
 20
97.56732
 10
199.601539
 20
97.687209
 97
0
 92
3
 72
0
 73
1
 93
26
 10
199.356799
 20
97.336636
 10
200.110862
 20
97.336636
 10
200.216695
 20
97.435855
 10
200.342372
 20
97.296949
 10
199.839664
 20
97.296949
 10
199.839664
 20
96.88023
 10
200.05133
 20
96.88023
 10
200.143935
 20
96.972834
 10
200.269612
 20
96.840543
 10
199.839664
 20
96.840543
 10
199.839664
 20
96.351063
 10
200.13732
 20
96.351063
 10
200.243153
 20
96.450282
 10
200.36883
 20
96.311376
 10
199.442789
 20
96.311376
 10
199.284039
 20
96.291532
 10
199.224507
 20
96.351063
 10
199.74706
 20
96.351063
 10
199.74706
 20
96.840543
 10
199.581695
 20
96.840543
 10
199.422945
 20
96.820699
 10
199.363414
 20
96.88023
 10
199.74706
 20
96.88023
 10
199.74706
 20
97.296949
 10
199.57508
 20
97.296949
 10
199.41633
 20
97.277105
 97
0
 92
3
 72
0
 73
1
 93
33
 10
199.356799
 20
97.435855
 10
199.306776
 20
97.267028
 10
199.262541
 20
97.117735
 10
199.224094
 20
96.987975
 10
199.191435
 20
96.87775
 10
199.164563
 20
96.787058
 10
199.143479
 20
96.715899
 10
199.128183
 20
96.664274
 10
199.118674
 20
96.632183
 10
199.088908
 20
96.427131
 10
199.087255
 20
96.327086
 10
199.088908
 20
96.258459
 10
199.070718
 20
96.227867
 10
199.009533
 20
96.241923
 10
198.95827
 20
96.302281
 10
198.969846
 20
96.410595
 10
198.99217
 20
96.518909
 10
198.973153
 20
96.579267
 10
198.918583
 20
96.613166
 10
198.834247
 20
96.642105
 10
198.834247
 20
96.668563
 10
198.930985
 20
96.659468
 10
198.983075
 20
96.658642
 10
199.015321
 20
96.675178
 10
199.052528
 20
96.718173
 10
199.065551
 20
96.741789
 10
199.084774
 20
96.784525
 10
199.110199
 20
96.846382
 10
199.141825
 20
96.927359
 10
199.179652
 20
97.027456
 10
199.223681
 20
97.146674
 10
199.27391
 20
97.285012
 10
199.330341
 20
97.44247
 97
0
 92
3
 72
0
 73
1
 93
11
 10
198.840862
 20
97.270491
 10
198.942354
 20
97.220054
 10
199.015321
 20
97.174579
 10
199.059763
 20
97.134065
 10
199.075679
 20
97.098511
 10
199.069065
 20
97.037326
 10
199.042606
 20
96.986063
 10
199.007053
 20
96.973661
 10
198.973153
 20
97.029058
 10
198.920237
 20
97.129104
 10
198.827632
 20
97.250647
 97
0
 92
3
 72
0
 73
1
 93
11
 10
198.999612
 20
97.667366
 10
199.140998
 20
97.589644
 10
199.207971
 20
97.528459
 10
199.21872
 20
97.470582
 10
199.191435
 20
97.402782
 10
199.169317
 20
97.376944
 10
199.149267
 20
97.37219
 10
199.131283
 20
97.38852
 10
199.115367
 20
97.425933
 10
199.068238
 20
97.529286
 10
198.986382
 20
97.647522
 97
0
 75
0
 76
1
 98
0
  0
HATCH
  5
60D
100
AcDbEntity
  8
0
100
AcDbHatch
370
-1
 62
1
420
16711680
 10
0
 20
0
 30
0
210
0
220
0
230
1
  2
SOLID
 70
1
 71
0
 91
8
 92
3
 72
0
 73
1
 93
37
 10
201.216878
 20
97.746741
 10
201.326019
 20
97.68969
 10
201.375628
 20
97.6376
 10
201.377282
 20
97.588817
 10
201.342555
 20
97.541688
 10
201.633597
 20
97.541688
 10
201.719586
 20
97.627678
 10
201.845263
 20
97.502001
 10
201.527763
 20
97.502001
 10
201.626982
 20
97.435855
 10
201.547607
 20
97.384592
 10
201.441774
 20
97.270491
 10
201.818805
 20
97.270491
 10
201.918024
 20
97.369709
 10
202.05693
 20
97.230803
 10
200.806774
 20
97.230803
 10
200.648024
 20
97.210959
 10
200.588493
 20
97.270491
 10
201.402086
 20
97.270491
 10
201.466579
 20
97.404436
 10
201.501305
 20
97.502001
 10
201.064743
 20
97.502001
 10
201.145771
 20
97.448257
 10
201.19042
 20
97.406089
 10
201.205302
 20
97.368882
 10
201.197034
 20
97.330022
 10
201.147425
 20
97.287027
 10
201.123447
 20
97.298603
 10
201.111045
 20
97.339944
 10
201.087894
 20
97.40857
 10
201.03167
 20
97.502001
 10
200.905993
 20
97.502001
 10
200.820003
 20
97.488772
 10
200.767086
 20
97.541688
 10
201.289638
 20
97.541688
 10
201.268141
 20
97.632639
 10
201.203649
 20
97.733511
 97
0
 92
3
 72
0
 73
1
 93
16
 10
200.846461
 20
97.171272
 10
200.939065
 20
97.118355
 10
201.65344
 20
97.118355
 10
201.699743
 20
97.171272
 10
201.798961
 20
97.098511
 10
201.752659
 20
97.058824
 10
201.753073
 20
96.929839
 10
201.754313
 20
96.827313
 10
201.75638
 20
96.751246
 10
201.759274
 20
96.701636
 10
201.66667
 20
96.661949
 10
201.66667
 20
96.72148
 10
200.939065
 20
96.72148
 10
200.939065
 20
96.688407
 10
200.846461
 20
96.655334
 10
200.853076
 20
96.909996
 97
0
 92
3
 72
0
 73
1
 93
4
 10
200.939065
 20
97.078668
 10
200.939065
 20
96.939761
 10
201.66667
 20
96.939761
 10
201.66667
 20
97.078668
 97
0
 92
3
 72
0
 73
1
 93
4
 10
200.939065
 20
96.900074
 10
200.939065
 20
96.761168
 10
201.66667
 20
96.761168
 10
201.66667
 20
96.900074
 97
0
 92
3
 72
0
 73
1
 93
10
 10
200.793545
 20
96.602418
 10
200.820003
 20
96.595803
 10
200.807601
 20
96.442841
 10
200.783623
 20
96.354371
 10
200.748896
 20
96.309722
 10
200.704248
 20
96.288225
 10
200.621565
 20
96.304761
 10
200.617431
 20
96.339488
 10
200.671175
 20
96.390751
 10
200.743108
 20
96.473433
 97
0
 92
3
 72
0
 73
1
 93
9
 10
201.17719
 20
96.688407
 10
201.19042
 20
96.708251
 10
201.324365
 20
96.642932
 10
201.395472
 20
96.592496
 10
201.416969
 20
96.543713
 10
201.402086
 20
96.483355
 10
201.36736
 20
96.453589
 10
201.329326
 20
96.496584
 10
201.271448
 20
96.584228
 97
0
 92
3
 72
0
 73
1
 93
11
 10
201.726201
 20
96.602418
 10
201.746045
 20
96.622261
 10
201.897353
 20
96.539579
 10
201.980862
 20
96.476741
 10
202.008148
 20
96.418863
 10
201.990784
 20
96.351063
 10
201.970734
 20
96.325225
 10
201.95027
 20
96.320471
 10
201.929393
 20
96.336801
 10
201.908102
 20
96.374214
 10
201.841129
 20
96.479221
 97
0
 92
3
 72
0
 73
1
 93
24
 10
200.972138
 20
96.384136
 10
200.970485
 20
96.551155
 10
200.965524
 20
96.655334
 10
201.111045
 20
96.582574
 10
201.058128
 20
96.542886
 10
201.058128
 20
96.417209
 10
201.073011
 20
96.356024
 10
201.130888
 20
96.33122
 10
201.527763
 20
96.33122
 10
201.576546
 20
96.339488
 10
201.603831
 20
96.377522
 10
201.617887
 20
96.448629
 10
201.626982
 20
96.556116
 10
201.65344
 20
96.556116
 10
201.656748
 20
96.459377
 10
201.66667
 20
96.394058
 10
201.688167
 20
96.355198
 10
201.726201
 20
96.337834
 10
201.668323
 20
96.278303
 10
201.560836
 20
96.258459
 10
201.097815
 20
96.258459
 10
201.040351
 20
96.268795
 10
201.00025
 20
96.293186
 10
200.977513
 20
96.331633
 97
0
 75
0
 76
1
 98
0
  0
HATCH
  5
60E
100
AcDbEntity
  8
0
100
AcDbHatch
370
-1
 62
1
420
16711680
 10
0
 20
0
 30
0
210
0
220
0
230
1
  2
SOLID
 70
1
 71
0
 91
2
 92
3
 72
0
 73
1
 93
38
 10
203.090186
 20
97.528459
 10
203.090186
 20
96.952991
 10
203.067035
 20
96.72272
 10
202.997582
 20
96.521389
 10
202.881827
 20
96.348996
 10
202.719769
 20
96.205543
 10
202.699926
 20
96.225386
 10
202.83015
 20
96.372561
 10
202.923168
 20
96.542886
 10
202.978978
 20
96.736363
 10
202.997582
 20
96.952991
 10
202.997582
 20
97.270491
 10
202.990967
 20
97.634293
 10
203.090186
 20
97.568147
 10
203.394457
 20
97.568147
 10
203.453988
 20
97.634293
 10
203.559821
 20
97.541688
 10
203.493676
 20
97.502001
 10
203.493676
 20
96.423824
 10
203.510212
 20
96.374214
 10
203.559821
 20
96.357678
 10
203.639196
 20
96.357678
 10
203.667308
 20
96.370907
 10
203.685499
 20
96.410595
 10
203.697074
 20
96.496584
 10
203.705342
 20
96.64872
 10
203.738415
 20
96.64872
 10
203.741723
 20
96.527177
 10
203.751644
 20
96.453589
 10
203.774795
 20
96.409768
 10
203.81779
 20
96.377522
 10
203.777276
 20
96.31551
 10
203.735108
 20
96.288225
 10
203.652426
 20
96.278303
 10
203.513519
 20
96.278303
 10
203.429183
 20
96.304761
 10
203.401071
 20
96.384136
 10
203.401071
 20
97.528459
 97
0
 92
3
 72
0
 73
1
 93
39
 10
202.647009
 20
97.072053
 10
202.647422
 20
96.756207
 10
202.648663
 20
96.509813
 10
202.65073
 20
96.332873
 10
202.653624
 20
96.225386
 10
202.54779
 20
96.179084
 10
202.550684
 20
96.338661
 10
202.552751
 20
96.52635
 10
202.553991
 20
96.742151
 10
202.554405
 20
96.986063
 10
202.432035
 20
96.724787
 10
202.263363
 20
96.496584
 10
202.250134
 20
96.516428
 10
202.343152
 20
96.680966
 10
202.423767
 20
96.863694
 10
202.49198
 20
97.064612
 10
202.54779
 20
97.28372
 10
202.38904
 20
97.28372
 10
202.329509
 20
97.270491
 10
202.276592
 20
97.323407
 10
202.554405
 20
97.323407
 10
202.54779
 20
97.753355
 10
202.693311
 20
97.693824
 10
202.647009
 20
97.647522
 10
202.647009
 20
97.323407
 10
202.739613
 20
97.323407
 10
202.812374
 20
97.396168
 10
202.924821
 20
97.28372
 10
202.647009
 20
97.28372
 10
202.647009
 20
97.105126
 10
202.780954
 20
97.050556
 10
202.86529
 20
97.005907
 10
202.904151
 20
96.954644
 10
202.90167
 20
96.88023
 10
202.887821
 20
96.848604
 10
202.869424
 20
96.839716
 10
202.84648
 20
96.853565
 10
202.818988
 20
96.890152
 10
202.746228
 20
96.983583
 97
0
 75
0
 76
1
 98
0
  0
HATCH
  5
60F
100
AcDbEntity
  8
0
100
AcDbHatch
370
-1
 62
1
420
16711680
 10
0
 20
0
 30
0
210
0
220
0
230
1
  2
SOLID
 70
1
 71
0
 91
3
 92
3
 72
0
 73
1
 93
44
 10
193.70911
 20
93.566294
 10
193.860419
 20
93.619624
 10
193.977001
 20
93.673781
 10
194.058856
 20
93.728764
 10
194.105985
 20
93.784575
 10
194.131203
 20
93.856922
 10
194.147326
 20
93.961515
 10
194.154354
 20
94.098354
 10
194.152287
 20
94.26744
 10
194.25812
 20
94.207908
 10
194.595464
 20
94.207908
 10
194.641766
 20
94.26744
 10
194.7476
 20
94.188065
 10
194.701298
 20
94.141762
 10
194.701298
 20
93.811033
 10
194.705018
 20
93.75977
 10
194.722795
 20
93.725044
 10
194.754628
 20
93.706854
 10
194.800516
 20
93.7052
 10
195.025412
 20
93.7052
 10
195.071714
 20
93.724217
 10
195.091558
 20
93.781268
 10
195.096519
 20
93.873045
 10
195.098173
 20
93.996242
 10
195.131245
 20
93.996242
 10
195.134553
 20
93.90033
 10
195.144475
 20
93.824262
 10
195.170933
 20
93.766385
 10
195.22385
 20
93.725044
 10
195.17424
 20
93.660552
 10
195.091558
 20
93.625825
 10
194.760829
 20
93.625825
 10
194.691789
 20
93.635333
 10
194.64342
 20
93.663859
 10
194.615721
 20
93.711401
 10
194.608693
 20
93.77796
 10
194.608693
 20
94.168221
 10
194.25812
 20
94.168221
 10
194.252746
 20
93.994588
 10
194.230008
 20
93.857335
 10
194.189908
 20
93.756463
 10
194.132443
 20
93.691971
 10
193.962118
 20
93.607635
 10
193.715725
 20
93.539835
 97
0
 92
3
 72
0
 73
1
 93
18
 10
194.912964
 20
94.227752
 10
194.992339
 20
94.393117
 10
193.881089
 20
94.393117
 10
193.878609
 20
94.275708
 10
193.844709
 20
94.214523
 10
193.795926
 20
94.193026
 10
193.748798
 20
94.194679
 10
193.728954
 20
94.224445
 10
193.762027
 20
94.287283
 10
193.811636
 20
94.383195
 10
193.841402
 20
94.512179
 10
193.874475
 20
94.512179
 10
193.881089
 20
94.432804
 10
194.985725
 20
94.432804
 10
195.045256
 20
94.49895
 10
195.164318
 20
94.373273
 10
195.050217
 20
94.330278
 10
194.932808
 20
94.214523
 97
0
 92
3
 72
0
 73
1
 93
21
 10
194.390412
 20
94.862752
 10
194.383798
 20
95.100877
 10
194.555777
 20
95.021502
 10
194.483016
 20
94.968585
 10
194.483016
 20
94.862752
 10
194.886506
 20
94.862752
 10
194.985725
 20
94.961971
 10
195.124631
 20
94.823065
 10
194.483016
 20
94.823065
 10
194.483016
 20
94.624627
 10
194.73437
 20
94.624627
 10
194.826975
 20
94.717231
 10
194.959266
 20
94.58494
 10
194.172131
 20
94.58494
 10
194.013381
 20
94.565096
 10
193.95385
 20
94.624627
 10
194.390412
 20
94.624627
 10
194.390412
 20
94.823065
 10
193.980308
 20
94.823065
 10
193.821558
 20
94.803221
 10
193.762027
 20
94.862752
 97
0
 75
0
 76
1
 98
0
  0
HATCH
  5
610
100
AcDbEntity
  8
0
100
AcDbHatch
370
-1
 62
1
420
16711680
 10
0
 20
0
 30
0
210
0
220
0
230
1
  2
SOLID
 70
1
 71
0
 91
8
 92
3
 72
0
 73
1
 93
4
 10
195.979293
 20
94.895825
 10
195.979293
 20
94.604783
 10
196.184345
 20
94.604783
 10
196.184345
 20
94.895825
 97
0
 92
3
 72
0
 73
1
 93
4
 10
196.052053
 20
94.293898
 10
196.052053
 20
93.969783
 10
196.217418
 20
93.969783
 10
196.217418
 20
94.293898
 97
0
 92
3
 72
0
 73
1
 93
10
 10
196.362939
 20
94.756919
 10
196.376168
 20
94.770148
 10
196.491923
 20
94.677544
 10
196.524169
 20
94.637856
 10
196.534918
 20
94.598169
 10
196.524996
 20
94.560962
 10
196.495231
 20
94.528716
 10
196.462158
 20
94.526235
 10
196.442314
 20
94.578325
 10
196.415856
 20
94.662661
 97
0
 92
3
 72
0
 73
1
 93
14
 10
196.468772
 20
95.074419
 10
196.482001
 20
95.094262
 10
196.595276
 20
95.022329
 10
196.644059
 20
94.965278
 10
196.639925
 20
94.916496
 10
196.594449
 20
94.869367
 10
196.73997
 20
94.869367
 10
196.806116
 20
94.935512
 10
196.905335
 20
94.829679
 10
196.495231
 20
94.829679
 10
196.34971
 20
94.809835
 10
196.290178
 20
94.869367
 10
196.561376
 20
94.869367
 10
196.521689
 20
94.998351
 97
0
 92
3
 72
0
 73
1
 93
35
 10
195.761012
 20
93.976398
 10
195.863538
 20
94.287283
 10
195.890823
 20
94.460089
 10
195.899918
 20
94.647778
 10
195.898264
 20
94.83216
 10
195.893303
 20
94.995044
 10
195.979293
 20
94.935512
 10
196.171116
 20
94.935512
 10
196.224033
 20
94.995044
 10
196.323251
 20
94.909054
 10
196.26372
 20
94.875981
 10
196.267027
 20
94.67589
 10
196.276949
 20
94.551867
 10
196.184345
 20
94.512179
 10
196.184345
 20
94.565096
 10
195.979293
 20
94.565096
 10
195.959449
 20
94.386502
 10
196.052053
 20
94.333585
 10
196.210803
 20
94.333585
 10
196.257106
 20
94.386502
 10
196.343095
 20
94.313742
 10
196.296793
 20
94.280669
 10
196.298447
 20
94.047505
 10
196.303408
 20
93.890408
 10
196.217418
 20
93.844106
 10
196.217418
 20
93.930096
 10
196.052053
 20
93.930096
 10
196.052053
 20
93.870565
 10
195.966064
 20
93.837492
 10
195.971025
 20
93.991281
 10
195.972678
 20
94.214523
 10
195.969371
 20
94.320356
 10
195.959449
 20
94.386502
 10
195.904879
 20
94.176489
 10
195.794085
 20
93.969783
 97
0
 92
3
 72
0
 73
1
 93
33
 10
196.541533
 20
93.771346
 10
196.546494
 20
93.973091
 10
196.548147
 20
94.154992
 10
196.495231
 20
94.154992
 10
196.369553
 20
94.135148
 10
196.310022
 20
94.194679
 10
196.548147
 20
94.194679
 10
196.548147
 20
94.439419
 10
196.455543
 20
94.439419
 10
196.329866
 20
94.419575
 10
196.270335
 20
94.479106
 10
196.594449
 20
94.479106
 10
196.632483
 20
94.588247
 10
196.660595
 20
94.677544
 10
196.678785
 20
94.746997
 10
196.687053
 20
94.796606
 10
196.812731
 20
94.723846
 10
196.759814
 20
94.690773
 10
196.706897
 20
94.608091
 10
196.627522
 20
94.479106
 10
196.753199
 20
94.479106
 10
196.82596
 20
94.551867
 10
196.931793
 20
94.439419
 10
196.627522
 20
94.439419
 10
196.627522
 20
94.194679
 10
196.746585
 20
94.194679
 10
196.812731
 20
94.260825
 10
196.911949
 20
94.154992
 10
196.627522
 20
94.154992
 10
196.627936
 20
94.036756
 10
196.629176
 20
93.940018
 10
196.631243
 20
93.864777
 10
196.634137
 20
93.811033
 97
0
 92
3
 72
0
 73
1
 93
10
 10
195.509658
 20
95.021502
 10
195.522887
 20
95.041346
 10
195.62624
 20
94.984295
 10
195.698173
 20
94.932205
 10
195.737861
 20
94.883423
 10
195.744475
 20
94.836294
 10
195.698173
 20
94.766841
 10
195.663447
 20
94.772628
 10
195.632027
 20
94.836294
 10
195.586552
 20
94.928898
 97
0
 92
3
 72
0
 73
1
 93
33
 10
195.71471
 20
93.923481
 10
195.786643
 20
93.856509
 10
195.883382
 20
93.787882
 10
195.949321
 20
93.75667
 10
196.037997
 20
93.732485
 10
196.149412
 20
93.715329
 10
196.283564
 20
93.7052
 10
196.592796
 20
93.7052
 10
196.938408
 20
93.731658
 10
196.938408
 20
93.7052
 10
196.842496
 20
93.672127
 10
196.792887
 20
93.599367
 10
196.503499
 20
93.605981
 10
196.283564
 20
93.612596
 10
196.113238
 20
93.629959
 10
195.972678
 20
93.66882
 10
195.860231
 20
93.725871
 10
195.774241
 20
93.797804
 10
195.713056
 20
93.859816
 10
195.675022
 20
93.887101
 10
195.641122
 20
93.878833
 10
195.59234
 20
93.834184
 10
195.476585
 20
93.691971
 10
195.390595
 20
93.77796
 10
195.62872
 20
93.923481
 10
195.62872
 20
94.465877
 10
195.582418
 20
94.465877
 10
195.423668
 20
94.446033
 10
195.364137
 20
94.505565
 10
195.615491
 20
94.505565
 10
195.688251
 20
94.578325
 10
195.780856
 20
94.485721
 10
195.71471
 20
94.432804
 97
0
 75
0
 76
1
 98
0
  0
HATCH
  5
611
100
AcDbEntity
  8
0
100
AcDbHatch
370
-1
 62
1
420
16711680
 10
0
 20
0
 30
0
210
0
220
0
230
1
  2
SOLID
 70
1
 71
0
 91
5
 92
3
 72
0
 73
1
 93
16
 10
197.384272
 20
94.26744
 10
198.211095
 20
94.26744
 10
198.297085
 20
94.346815
 10
198.416147
 20
94.227752
 10
197.939897
 20
94.227752
 10
197.939897
 20
93.672127
 10
198.396304
 20
93.672127
 10
198.495522
 20
93.771346
 10
198.627814
 20
93.63244
 10
197.384272
 20
93.63244
 10
197.225522
 20
93.612596
 10
197.165991
 20
93.672127
 10
197.840679
 20
93.672127
 10
197.840679
 20
94.227752
 10
197.602554
 20
94.227752
 10
197.443804
 20
94.207908
 97
0
 92
3
 72
0
 73
1
 93
9
 10
197.748074
 20
95.081033
 10
197.870444
 20
95.038039
 10
197.946512
 20
94.988429
 10
197.975451
 20
94.930552
 10
197.956434
 20
94.862752
 10
197.915919
 20
94.829679
 10
197.880366
 20
94.875981
 10
197.827449
 20
94.965278
 10
197.734845
 20
95.06119
 97
0
 92
3
 72
0
 73
1
 93
21
 10
198.383074
 20
94.58494
 10
198.462449
 20
94.770148
 10
197.357814
 20
94.770148
 10
197.356987
 20
94.643644
 10
197.314819
 20
94.581632
 10
197.256942
 20
94.563442
 10
197.208986
 20
94.568403
 10
197.185008
 20
94.589901
 10
197.199064
 20
94.62132
 10
197.268517
 20
94.713924
 10
197.300763
 20
94.784204
 10
197.324741
 20
94.882596
 10
197.357814
 20
94.882596
 10
197.357814
 20
94.809835
 10
198.44922
 20
94.809835
 10
198.508751
 20
94.88921
 10
198.647658
 20
94.750304
 10
198.592674
 20
94.739142
 10
198.533556
 20
94.705656
 10
198.470304
 20
94.649845
 10
198.402918
 20
94.57171
 97
0
 92
3
 72
0
 73
1
 93
11
 10
197.794376
 20
94.618012
 10
197.734845
 20
94.598169
 10
197.58519
 20
94.48324
 10
197.447111
 20
94.389809
 10
197.320607
 20
94.317876
 10
197.205679
 20
94.26744
 10
197.192449
 20
94.287283
 10
197.347065
 20
94.388983
 10
197.480184
 20
94.495643
 10
197.591805
 20
94.608917
 10
197.681929
 20
94.73046
 97
0
 92
3
 72
0
 73
1
 93
12
 10
198.019272
 20
94.684158
 10
198.214403
 20
94.614705
 10
198.363231
 20
94.551867
 10
198.461623
 20
94.493989
 10
198.505444
 20
94.439419
 10
198.502137
 20
94.3402
 10
198.472371
 20
94.321183
 10
198.422762
 20
94.356736
 10
198.352482
 20
94.423709
 10
198.260705
 20
94.49895
 10
198.145776
 20
94.578325
 10
198.006043
 20
94.6577
 97
0
 75
0
 76
1
 98
0
  0
LWPOLYLINE
  5
612
100
AcDbEntity
  8
0
100
AcDbPolyline
 62
7
  6
BYLAYER
 38
0
 90
2
 70
0
 10
188.221056
 20
108.782545
 10
199.397056
 20
99.215212
  0
LWPOLYLINE
  5
613
100
AcDbEntity
  8
0
100
AcDbPolyline
 62
40
420
16760576
  6
BYLAYER
 38
0
 90
2
 70
0
 10
99.024722
 20
109.735045
 10
85.478056
 20
109.735045
  0
LWPOLYLINE
  5
614
100
AcDbEntity
  8
0
100
AcDbPolyline
 62
3
420
65280
  6
BYLAYER
 38
0
 90
2
 70
0
 10
90.431056
 20
99.702045
 10
90.431056
 20
96.357712
  0
LWPOLYLINE
  5
615
100
AcDbEntity
  8
0
100
AcDbPolyline
 62
3
420
65280
  6
BYLAYER
 38
0
 90
2
 70
0
 10
89.351556
 20
100.167712
 10
89.351556
 20
96.357712
  0
LWPOLYLINE
  5
616
100
AcDbEntity
  8
0
100
AcDbPolyline
 62
2
420
16776960
  6
BYLAYER
 38
0
 90
2
 70
0
 10
91.066056
 20
96.590545
 10
91.722222
 20
96.590545
  0
LWPOLYLINE
  5
617
100
AcDbEntity
  8
0
100
AcDbPolyline
 62
2
420
16776960
  6
BYLAYER
 38
0
 90
2
 70
0
 10
88.716556
 20
96.590545
 10
87.848722
 20
96.590545
  0
HATCH
  5
618
100
AcDbEntity
  8
0
100
AcDbHatch
370
-1
 62
2
420
16776960
 10
0
 20
0
 30
0
210
0
220
0
230
1
  2
SOLID
 70
1
 71
0
 91
1
 92
3
 72
0
 73
1
 93
3
 10
91.066056
 20
96.823379
 10
91.066056
 20
96.590545
 10
90.431056
 20
96.590545
 97
0
 75
0
 76
1
 98
0
  0
LWPOLYLINE
  5
619
100
AcDbEntity
  8
0
100
AcDbPolyline
 62
2
420
16776960
  6
BYLAYER
 38
0
 90
3
 70
1
 10
91.066056
 20
96.820556
 10
91.066056
 20
96.587549
 10
90.431101
 20
96.587549
  0
HATCH
  5
61A
100
AcDbEntity
  8
0
100
AcDbHatch
370
-1
 62
2
420
16776960
 10
0
 20
0
 30
0
210
0
220
0
230
1
  2
SOLID
 70
1
 71
0
 91
1
 92
3
 72
0
 73
1
 93
3
 10
88.716556
 20
96.823379
 10
88.716556
 20
96.590545
 10
89.351556
 20
96.590545
 97
0
 75
0
 76
1
 98
0
  0
LWPOLYLINE
  5
61B
100
AcDbEntity
  8
0
100
AcDbPolyline
 62
2
420
16776960
  6
BYLAYER
 38
0
 90
3
 70
1
 10
88.716556
 20
96.820556
 10
88.716556
 20
96.587549
 10
89.35151
 20
96.587549
  0
HATCH
  5
61C
100
AcDbEntity
  8
0
100
AcDbHatch
370
-1
 62
3
420
65280
 10
0
 20
0
 30
0
210
0
220
0
230
1
  2
SOLID
 70
1
 71
0
 91
1
 92
3
 72
0
 73
1
 93
4
 10
86.345889
 20
97.310212
 10
86.345889
 20
96.103708
 10
87.848719
 20
96.103708
 10
87.848719
 20
97.310212
 97
0
 75
0
 76
1
 98
0
  0
HATCH
  5
61D
100
AcDbEntity
  8
0
100
AcDbHatch
370
-1
 62
7
 10
0
 20
0
 30
0
210
0
220
0
230
1
  2
SOLID
 70
1
 71
0
 91
1
 92
3
 72
0
 73
1
 93
4
 10
90.409889
 20
99.934879
 10
90.409889
 20
99.913713
 10
90.431055
 20
99.913713
 10
90.431055
 20
99.934879
 97
0
 75
0
 76
1
 98
0
  0
HATCH
  5
61E
100
AcDbEntity
  8
0
100
AcDbHatch
370
-1
 62
7
 10
0
 20
0
 30
0
210
0
220
0
230
1
  2
SOLID
 70
1
 71
0
 91
1
 92
3
 72
0
 73
1
 93
4
 10
89.330389
 20
100.654545
 10
89.330389
 20
100.633369
 10
89.351555
 20
100.633369
 10
89.351555
 20
100.654545
 97
0
 75
0
 76
1
 98
0
  0
HATCH
  5
61F
100
AcDbEntity
  8
0
100
AcDbHatch
370
-1
 62
7
 10
0
 20
0
 30
0
210
0
220
0
230
1
  2
SOLID
 70
1
 71
0
 91
1
 92
3
 72
0
 73
1
 93
4
 10
89.330389
 20
96.590545
 10
89.330389
 20
96.569379
 10
89.351555
 20
96.569379
 10
89.351555
 20
96.590545
 97
0
 75
0
 76
1
 98
0
  0
LWPOLYLINE
  5
620
100
AcDbEntity
  8
0
100
AcDbPolyline
 62
3
420
65280
  6
BYLAYER
 38
0
 90
2
 70
0
 10
91.277722
 20
99.934879
 10
91.277722
 20
98.495545
  0
LWPOLYLINE
  5
621
100
AcDbEntity
  8
0
100
AcDbPolyline
 62
3
420
65280
  6
BYLAYER
 38
0
 90
2
 70
0
 10
91.510556
 20
99.934879
 10
91.510556
 20
98.495545
  0
LWPOLYLINE
  5
622
100
AcDbEntity
  8
0
100
AcDbPolyline
 62
2
420
16776960
  6
BYLAYER
 38
0
 90
2
 70
0
 10
90.642722
 20
98.982379
 10
89.986556
 20
98.982379
  0
LWPOLYLINE
  5
623
100
AcDbEntity
  8
0
100
AcDbPolyline
 62
2
420
16776960
  6
BYLAYER
 38
0
 90
2
 70
0
 10
92.357222
 20
98.982379
 10
93.013389
 20
98.982379
  0
HATCH
  5
624
100
AcDbEntity
  8
0
100
AcDbHatch
370
-1
 62
2
420
16776960
 10
0
 20
0
 30
0
210
0
220
0
230
1
  2
SOLID
 70
1
 71
0
 91
1
 92
3
 72
0
 73
1
 93
3
 10
90.642722
 20
98.982379
 10
90.642722
 20
98.749545
 10
91.277722
 20
98.982379
 97
0
 75
0
 76
1
 98
0
  0
LWPOLYLINE
  5
625
100
AcDbEntity
  8
0
100
AcDbPolyline
 62
2
420
16776960
  6
BYLAYER
 38
0
 90
3
 70
1
 10
90.642722
 20
98.979556
 10
90.642722
 20
98.746549
 10
91.277677
 20
98.979556
  0
HATCH
  5
626
100
AcDbEntity
  8
0
100
AcDbHatch
370
-1
 62
2
420
16776960
 10
0
 20
0
 30
0
210
0
220
0
230
1
  2
SOLID
 70
1
 71
0
 91
1
 92
3
 72
0
 73
1
 93
3
 10
92.357222
 20
98.982379
 10
92.357222
 20
98.749545
 10
91.510556
 20
98.982379
 97
0
 75
0
 76
1
 98
0
  0
LWPOLYLINE
  5
627
100
AcDbEntity
  8
0
100
AcDbPolyline
 62
2
420
16776960
  6
BYLAYER
 38
0
 90
3
 70
1
 10
92.357222
 20
98.979556
 10
92.357222
 20
98.746549
 10
91.510616
 20
98.979556
  0
HATCH
  5
628
100
AcDbEntity
  8
0
100
AcDbHatch
370
-1
 62
3
420
65280
 10
0
 20
0
 30
0
210
0
220
0
230
1
  2
SOLID
 70
1
 71
0
 91
1
 92
3
 72
0
 73
1
 93
4
 10
93.013389
 20
99.448045
 10
93.013389
 20
98.262715
 10
94.516226
 20
98.262715
 10
94.516226
 20
99.448045
 97
0
 75
0
 76
1
 98
0
  0
HATCH
  5
629
100
AcDbEntity
  8
0
100
AcDbHatch
370
-1
 62
7
 10
0
 20
0
 30
0
210
0
220
0
230
1
  2
SOLID
 70
1
 71
0
 91
1
 92
3
 72
0
 73
1
 93
4
 10
91.256556
 20
100.167712
 10
91.256556
 20
100.146546
 10
91.277722
 20
100.146546
 10
91.277722
 20
100.167712
 97
0
 75
0
 76
1
 98
0
  0
HATCH
  5
62A
100
AcDbEntity
  8
0
100
AcDbHatch
370
-1
 62
7
 10
0
 20
0
 30
0
210
0
220
0
230
1
  2
SOLID
 70
1
 71
0
 91
1
 92
3
 72
0
 73
1
 93
4
 10
91.489389
 20
100.167712
 10
91.489389
 20
100.146546
 10
91.510555
 20
100.146546
 10
91.510555
 20
100.167712
 97
0
 75
0
 76
1
 98
0
  0
HATCH
  5
62B
100
AcDbEntity
  8
0
100
AcDbHatch
370
-1
 62
7
 10
0
 20
0
 30
0
210
0
220
0
230
1
  2
SOLID
 70
1
 71
0
 91
1
 92
3
 72
0
 73
1
 93
4
 10
91.489389
 20
98.982379
 10
91.489389
 20
98.961213
 10
91.510555
 20
98.961213
 10
91.510555
 20
98.982379
 97
0
 75
0
 76
1
 98
0
  0
LWPOLYLINE
  5
62C
100
AcDbEntity
  8
0
100
AcDbPolyline
 62
3
420
65280
  6
BYLAYER
 38
0
 90
2
 70
0
 10
90.431056
 20
99.702045
 10
90.431056
 20
97.310212
  0
LWPOLYLINE
  5
62D
100
AcDbEntity
  8
0
100
AcDbPolyline
 62
3
420
65280
  6
BYLAYER
 38
0
 90
2
 70
0
 10
90.854389
 20
99.702045
 10
90.854389
 20
97.310212
  0
LWPOLYLINE
  5
62E
100
AcDbEntity
  8
0
100
AcDbPolyline
 62
2
420
16776960
  6
BYLAYER
 38
0
 90
2
 70
0
 10
89.774889
 20
97.543045
 10
88.928222
 20
97.543045
  0
LWPOLYLINE
  5
62F
100
AcDbEntity
  8
0
100
AcDbPolyline
 62
2
420
16776960
  6
BYLAYER
 38
0
 90
2
 70
0
 10
91.510556
 20
97.543045
 10
92.357222
 20
97.543045
  0
HATCH
  5
630
100
AcDbEntity
  8
0
100
AcDbHatch
370
-1
 62
2
420
16776960
 10
0
 20
0
 30
0
210
0
220
0
230
1
  2
SOLID
 70
1
 71
0
 91
1
 92
3
 72
0
 73
1
 93
3
 10
89.774889
 20
97.775879
 10
89.774889
 20
97.310212
 10
90.431056
 20
97.543045
 97
0
 75
0
 76
1
 98
0
  0
LWPOLYLINE
  5
631
100
AcDbEntity
  8
0
100
AcDbPolyline
 62
2
420
16776960
  6
BYLAYER
 38
0
 90
3
 70
1
 10
89.774889
 20
97.773056
 10
89.774889
 20
97.307414
 10
90.430909
 20
97.540049
  0
HATCH
  5
632
100
AcDbEntity
  8
0
100
AcDbHatch
370
-1
 62
2
420
16776960
 10
0
 20
0
 30
0
210
0
220
0
230
1
  2
SOLID
 70
1
 71
0
 91
1
 92
3
 72
0
 73
1
 93
3
 10
91.510556
 20
97.775879
 10
91.510556
 20
97.310212
 10
90.854389
 20
97.543045
 97
0
 75
0
 76
1
 98
0
  0
LWPOLYLINE
  5
633
100
AcDbEntity
  8
0
100
AcDbPolyline
 62
2
420
16776960
  6
BYLAYER
 38
0
 90
3
 70
1
 10
91.510556
 20
97.773056
 10
91.510556
 20
97.307414
 10
90.854536
 20
97.540049
  0
HATCH
  5
634
100
AcDbEntity
  8
0
100
AcDbHatch
370
-1
 62
3
420
65280
 10
0
 20
0
 30
0
210
0
220
0
230
1
  2
SOLID
 70
1
 71
0
 91
1
 92
3
 72
0
 73
1
 93
4
 10
92.357222
 20
98.029879
 10
92.357222
 20
97.056208
 10
93.860059
 20
97.056208
 10
93.860059
 20
98.029879
 97
0
 75
0
 76
1
 98
0
  0
HATCH
  5
635
100
AcDbEntity
  8
0
100
AcDbHatch
370
-1
 62
7
 10
0
 20
0
 30
0
210
0
220
0
230
1
  2
SOLID
 70
1
 71
0
 91
1
 92
3
 72
0
 73
1
 93
4
 10
90.409889
 20
99.934879
 10
90.409889
 20
99.913713
 10
90.431055
 20
99.913713
 10
90.431055
 20
99.934879
 97
0
 75
0
 76
1
 98
0
  0
HATCH
  5
636
100
AcDbEntity
  8
0
100
AcDbHatch
370
-1
 62
7
 10
0
 20
0
 30
0
210
0
220
0
230
1
  2
SOLID
 70
1
 71
0
 91
1
 92
3
 72
0
 73
1
 93
4
 10
90.833222
 20
99.934879
 10
90.833222
 20
99.913713
 10
90.854388
 20
99.913713
 10
90.854388
 20
99.934879
 97
0
 75
0
 76
1
 98
0
  0
HATCH
  5
637
100
AcDbEntity
  8
0
100
AcDbHatch
370
-1
 62
7
 10
0
 20
0
 30
0
210
0
220
0
230
1
  2
SOLID
 70
1
 71
0
 91
1
 92
3
 72
0
 73
1
 93
4
 10
90.833222
 20
97.543045
 10
90.833222
 20
97.521879
 10
90.854388
 20
97.521879
 10
90.854388
 20
97.543045
 97
0
 75
0
 76
1
 98
0
  0
LWPOLYLINE
  5
638
100
AcDbEntity
  8
0
100
AcDbPolyline
 62
7
  6
BYLAYER
 38
0
 90
2
 70
0
 10
173.827722
 20
110.941545
 10
187.586056
 20
110.941545
  0
LWPOLYLINE
  5
639
100
AcDbEntity
  8
0
100
AcDbPolyline
 62
7
  6
BYLAYER
 38
0
 90
2
 70
0
 10
171.033722
 20
110.941545
 10
173.404389
 20
110.941545
  0
LWPOLYLINE
  5
63A
100
AcDbEntity
  8
0
100
AcDbPolyline
 62
40
420
16760576
  6
BYLAYER
 38
0
 90
5
 70
0
 10
187.586056
 20
110.941545
 10
187.586056
 20
112.613712
 10
187.374389
 20
113.333379
 10
186.929889
 20
113.566212
 10
184.347556
 20
114.772712
  0
LWPOLYLINE
  5
63B
100
AcDbEntity
  8
0
100
AcDbPolyline
 62
40
420
16760576
  6
BYLAYER
 38
0
 90
3
 70
0
 10
183.712556
 20
115.725212
 10
183.712556
 20
115.005545
 10
184.347556
 20
114.772712
  0
LWPOLYLINE
  5
63C
100
AcDbEntity
  8
0
100
AcDbPolyline
 62
40
420
16760576
  6
BYLAYER
 38
0
 90
2
 70
0
 10
183.712556
 20
115.725212
 10
183.712556
 20
117.630212
  0
LWPOLYLINE
  5
63D
100
AcDbEntity
  8
0
100
AcDbPolyline
 62
40
420
16760576
  6
BYLAYER
 38
0
 90
2
 70
0
 10
138.564056
 20
109.036545
 10
138.564056
 20
108.782545
  0
LWPOLYLINE
  5
63E
100
AcDbEntity
  8
0
100
AcDbPolyline
 62
40
420
16760576
  6
BYLAYER
 38
0
 90
2
 70
0
 10
138.564056
 20
109.036545
 10
139.008556
 20
110.221879
  0
LWPOLYLINE
  5
63F
100
AcDbEntity
  8
0
100
AcDbPolyline
 62
40
420
16760576
  6
BYLAYER
 38
0
 90
2
 70
0
 10
141.802556
 20
108.549712
 10
141.146389
 20
110.221879
  0
LWPOLYLINE
  5
640
100
AcDbEntity
  8
0
100
AcDbPolyline
 62
40
420
16760576
  6
BYLAYER
 38
0
 90
2
 70
0
 10
155.560889
 20
111.661212
 10
155.560889
 20
107.830045
  0
LWPOLYLINE
  5
641
100
AcDbEntity
  8
0
100
AcDbPolyline
 62
40
420
16760576
  6
BYLAYER
 38
0
 90
3
 70
0
 10
154.904722
 20
106.877545
 10
155.349222
 20
107.343212
 10
155.560889
 20
107.830045
  0
LWPOLYLINE
  5
642
100
AcDbEntity
  8
0
100
AcDbPolyline
 62
40
420
16760576
  6
BYLAYER
 38
0
 90
5
 70
0
 10
154.904722
 20
106.877545
 10
152.322389
 20
105.925045
 10
151.687389
 20
105.438212
 10
151.475722
 20
104.718545
 10
151.475722
 20
102.813545
  0
LWPOLYLINE
  5
643
100
AcDbEntity
  8
0
100
AcDbPolyline
 62
40
420
16760576
  6
BYLAYER
 38
0
 90
2
 70
0
 10
183.712556
 20
120.276045
 10
183.712556
 20
118.349879
  0
LWPOLYLINE
  5
644
100
AcDbEntity
  8
0
100
AcDbPolyline
 62
40
420
16760576
  6
BYLAYER
 38
0
 90
2
 70
0
 10
175.542222
 20
118.836712
 10
183.712556
 20
118.836712
  0
LWPOLYLINE
  5
645
100
AcDbEntity
  8
0
100
AcDbPolyline
 62
40
420
16760576
  6
BYLAYER
 38
0
 90
4
 70
1
 10
177.045056
 20
120.276045
 10
177.045056
 20
120.022045
 10
177.256726
 20
120.022045
 10
177.256726
 20
120.276045
  0
HATCH
  5
646
100
AcDbEntity
  8
0
100
AcDbHatch
370
-1
 62
40
420
16760576
 10
0
 20
0
 30
0
210
0
220
0
230
1
  2
SOLID
 70
1
 71
0
 91
1
 92
3
 72
0
 73
1
 93
4
 10
176.388889
 20
119.556379
 10
176.388889
 20
119.535213
 10
176.410055
 20
119.535213
 10
176.410055
 20
119.556379
 97
0
 75
0
 76
1
 98
0
  0
LWPOLYLINE
  5
647
100
AcDbEntity
  8
0
100
AcDbPolyline
 62
40
420
16760576
  6
BYLAYER
 38
0
 90
2
 70
0
 10
177.256722
 20
120.022045
 10
177.256722
 20
120.276045
  0
LWPOLYLINE
  5
648
100
AcDbEntity
  8
0
100
AcDbPolyline
 62
40
420
16760576
  6
BYLAYER
 38
0
 90
2
 70
0
 10
177.256722
 20
120.022045
 10
177.256722
 20
120.276045
  0
LWPOLYLINE
  5
649
100
AcDbEntity
  8
0
100
AcDbPolyline
 62
40
420
16760576
  6
BYLAYER
 38
0
 90
4
 70
0
 10
177.256722
 20
120.022045
 10
177.256722
 20
118.836712
 10
177.045056
 20
118.836712
 10
177.045056
 20
120.022045
  0
LWPOLYLINE
  5
64A
100
AcDbEntity
  8
0
100
AcDbPolyline
 62
40
420
16760576
  6
BYLAYER
 38
0
 90
2
 70
0
 10
177.045056
 20
120.276045
 10
177.045056
 20
120.022045
  0
LWPOLYLINE
  5
64B
100
AcDbEntity
  8
0
100
AcDbPolyline
 62
40
420
16760576
  6
BYLAYER
 38
0
 90
4
 70
0
 10
177.045056
 20
120.276045
 10
177.045056
 20
120.508879
 10
177.256722
 20
120.508879
 10
177.256722
 20
120.276045
  0
LWPOLYLINE
  5
64C
100
AcDbEntity
  8
0
100
AcDbPolyline
 62
40
420
16760576
  6
BYLAYER
 38
0
 90
4
 70
0
 10
176.833389
 20
119.556379
 10
176.833389
 20
118.836712
 10
176.410056
 20
118.836712
 10
176.410056
 20
119.556379
  0
LWPOLYLINE
  5
64D
100
AcDbEntity
  8
0
100
AcDbPolyline
 62
40
420
16760576
  6
BYLAYER
 38
0
 90
2
 70
0
 10
176.410056
 20
120.022045
 10
176.410056
 20
119.556379
  0
LWPOLYLINE
  5
64E
100
AcDbEntity
  8
0
100
AcDbPolyline
 62
40
420
16760576
  6
BYLAYER
 38
0
 90
5
 70
0
 10
176.410056
 20
120.022045
 10
176.410056
 20
120.508879
 10
176.621722
 20
120.508879
 10
176.833389
 20
120.508879
 10
176.833389
 20
120.022045
  0
LWPOLYLINE
  5
64F
100
AcDbEntity
  8
0
100
AcDbPolyline
 62
40
420
16760576
  6
BYLAYER
 38
0
 90
2
 70
0
 10
176.833389
 20
119.556379
 10
176.833389
 20
120.022045
  0
LWPOLYLINE
  5
650
100
AcDbEntity
  8
0
100
AcDbPolyline
 62
40
420
16760576
  6
BYLAYER
 38
0
 90
2
 70
0
 10
176.833389
 20
119.556379
 10
176.833389
 20
120.022045
  0
LWPOLYLINE
  5
651
100
AcDbEntity
  8
0
100
AcDbPolyline
 62
40
420
16760576
  6
BYLAYER
 38
0
 90
4
 70
1
 10
178.336222
 20
120.022045
 10
178.336222
 20
120.276045
 10
178.124552
 20
120.276045
 10
178.124552
 20
120.022045
  0
LWPOLYLINE
  5
652
100
AcDbEntity
  8
0
100
AcDbPolyline
 62
40
420
16760576
  6
BYLAYER
 38
0
 90
2
 70
1
 10
177.701222
 20
119.789212
 10
177.701222
 20
120.022045
  0
HATCH
  5
653
100
AcDbEntity
  8
0
100
AcDbHatch
370
-1
 62
40
420
16760576
 10
0
 20
0
 30
0
210
0
220
0
230
1
  2
SOLID
 70
1
 71
0
 91
1
 92
3
 72
0
 73
1
 93
4
 10
177.447222
 20
119.556379
 10
177.447222
 20
119.535213
 10
177.468388
 20
119.535213
 10
177.468388
 20
119.556379
 97
0
 75
0
 76
1
 98
0
  0
HATCH
  5
654
100
AcDbEntity
  8
0
100
AcDbHatch
370
-1
 62
40
420
16760576
 10
0
 20
0
 30
0
210
0
220
0
230
1
  2
SOLID
 70
1
 71
0
 91
1
 92
3
 72
0
 73
1
 93
4
 10
177.680056
 20
120.508879
 10
177.680056
 20
120.487713
 10
177.701222
 20
120.487713
 10
177.701222
 20
120.508879
 97
0
 75
0
 76
1
 98
0
  0
LWPOLYLINE
  5
655
100
AcDbEntity
  8
0
100
AcDbPolyline
 62
40
420
16760576
  6
BYLAYER
 38
0
 90
2
 70
0
 10
178.336222
 20
120.022045
 10
178.336222
 20
120.276045
  0
LWPOLYLINE
  5
656
100
AcDbEntity
  8
0
100
AcDbPolyline
 62
40
420
16760576
  6
BYLAYER
 38
0
 90
2
 70
0
 10
178.336222
 20
120.022045
 10
178.336222
 20
120.276045
  0
LWPOLYLINE
  5
657
100
AcDbEntity
  8
0
100
AcDbPolyline
 62
40
420
16760576
  6
BYLAYER
 38
0
 90
4
 70
0
 10
178.336222
 20
120.022045
 10
178.336222
 20
118.836712
 10
178.124556
 20
118.836712
 10
178.124556
 20
120.022045
  0
LWPOLYLINE
  5
658
100
AcDbEntity
  8
0
100
AcDbPolyline
 62
40
420
16760576
  6
BYLAYER
 38
0
 90
2
 70
0
 10
178.124556
 20
120.276045
 10
178.124556
 20
120.022045
  0
LWPOLYLINE
  5
659
100
AcDbEntity
  8
0
100
AcDbPolyline
 62
40
420
16760576
  6
BYLAYER
 38
0
 90
4
 70
0
 10
178.124556
 20
120.276045
 10
178.124556
 20
120.508879
 10
178.336222
 20
120.508879
 10
178.336222
 20
120.276045
  0
LWPOLYLINE
  5
65A
100
AcDbEntity
  8
0
100
AcDbPolyline
 62
40
420
16760576
  6
BYLAYER
 38
0
 90
4
 70
0
 10
177.912889
 20
119.556379
 10
177.912889
 20
118.836712
 10
177.468389
 20
118.836712
 10
177.468389
 20
119.556379
  0
LWPOLYLINE
  5
65B
100
AcDbEntity
  8
0
100
AcDbPolyline
 62
40
420
16760576
  6
BYLAYER
 38
0
 90
2
 70
0
 10
177.468389
 20
120.022045
 10
177.468389
 20
119.556379
  0
LWPOLYLINE
  5
65C
100
AcDbEntity
  8
0
100
AcDbPolyline
 62
40
420
16760576
  6
BYLAYER
 38
0
 90
5
 70
0
 10
177.468389
 20
120.022045
 10
177.468389
 20
120.508879
 10
177.701222
 20
120.508879
 10
177.912889
 20
120.508879
 10
177.912889
 20
120.022045
  0
LWPOLYLINE
  5
65D
100
AcDbEntity
  8
0
100
AcDbPolyline
 62
40
420
16760576
  6
BYLAYER
 38
0
 90
2
 70
0
 10
177.912889
 20
119.556379
 10
177.912889
 20
120.022045
  0
LWPOLYLINE
  5
65E
100
AcDbEntity
  8
0
100
AcDbPolyline
 62
40
420
16760576
  6
BYLAYER
 38
0
 90
2
 70
0
 10
177.912889
 20
119.556379
 10
177.912889
 20
120.022045
  0
LWPOLYLINE
  5
65F
100
AcDbEntity
  8
0
100
AcDbPolyline
 62
40
420
16760576
  6
BYLAYER
 38
0
 90
4
 70
1
 10
179.415722
 20
120.022045
 10
179.415722
 20
120.276045
 10
179.204052
 20
120.276045
 10
179.204052
 20
120.022045
  0
LWPOLYLINE
  5
660
100
AcDbEntity
  8
0
100
AcDbPolyline
 62
40
420
16760576
  6
BYLAYER
 38
0
 90
2
 70
1
 10
178.759556
 20
119.789212
 10
178.759556
 20
120.022045
  0
HATCH
  5
661
100
AcDbEntity
  8
0
100
AcDbHatch
370
-1
 62
40
420
16760576
 10
0
 20
0
 30
0
210
0
220
0
230
1
  2
SOLID
 70
1
 71
0
 91
1
 92
3
 72
0
 73
1
 93
4
 10
178.526722
 20
119.556379
 10
178.526722
 20
119.535213
 10
178.547888
 20
119.535213
 10
178.547888
 20
119.556379
 97
0
 75
0
 76
1
 98
0
  0
HATCH
  5
662
100
AcDbEntity
  8
0
100
AcDbHatch
370
-1
 62
40
420
16760576
 10
0
 20
0
 30
0
210
0
220
0
230
1
  2
SOLID
 70
1
 71
0
 91
1
 92
3
 72
0
 73
1
 93
4
 10
178.738389
 20
120.508879
 10
178.738389
 20
120.487713
 10
178.759555
 20
120.487713
 10
178.759555
 20
120.508879
 97
0
 75
0
 76
1
 98
0
  0
LWPOLYLINE
  5
663
100
AcDbEntity
  8
0
100
AcDbPolyline
 62
40
420
16760576
  6
BYLAYER
 38
0
 90
2
 70
0
 10
179.415722
 20
120.022045
 10
179.415722
 20
120.276045
  0
LWPOLYLINE
  5
664
100
AcDbEntity
  8
0
100
AcDbPolyline
 62
40
420
16760576
  6
BYLAYER
 38
0
 90
2
 70
0
 10
179.415722
 20
120.022045
 10
179.415722
 20
120.276045
  0
LWPOLYLINE
  5
665
100
AcDbEntity
  8
0
100
AcDbPolyline
 62
40
420
16760576
  6
BYLAYER
 38
0
 90
4
 70
0
 10
179.415722
 20
120.022045
 10
179.415722
 20
118.836712
 10
179.204056
 20
118.836712
 10
179.204056
 20
120.022045
  0
LWPOLYLINE
  5
666
100
AcDbEntity
  8
0
100
AcDbPolyline
 62
40
420
16760576
  6
BYLAYER
 38
0
 90
2
 70
0
 10
179.204056
 20
120.276045
 10
179.204056
 20
120.022045
  0
LWPOLYLINE
  5
667
100
AcDbEntity
  8
0
100
AcDbPolyline
 62
40
420
16760576
  6
BYLAYER
 38
0
 90
4
 70
0
 10
179.204056
 20
120.276045
 10
179.204056
 20
120.508879
 10
179.415722
 20
120.508879
 10
179.415722
 20
120.276045
  0
LWPOLYLINE
  5
668
100
AcDbEntity
  8
0
100
AcDbPolyline
 62
40
420
16760576
  6
BYLAYER
 38
0
 90
4
 70
0
 10
178.992389
 20
119.556379
 10
178.992389
 20
118.836712
 10
178.547889
 20
118.836712
 10
178.547889
 20
119.556379
  0
LWPOLYLINE
  5
669
100
AcDbEntity
  8
0
100
AcDbPolyline
 62
40
420
16760576
  6
BYLAYER
 38
0
 90
2
 70
0
 10
178.547889
 20
120.022045
 10
178.547889
 20
119.556379
  0
LWPOLYLINE
  5
66A
100
AcDbEntity
  8
0
100
AcDbPolyline
 62
40
420
16760576
  6
BYLAYER
 38
0
 90
5
 70
0
 10
178.547889
 20
120.022045
 10
178.547889
 20
120.508879
 10
178.759556
 20
120.508879
 10
178.992389
 20
120.508879
 10
178.992389
 20
120.022045
  0
LWPOLYLINE
  5
66B
100
AcDbEntity
  8
0
100
AcDbPolyline
 62
40
420
16760576
  6
BYLAYER
 38
0
 90
2
 70
0
 10
178.992389
 20
119.556379
 10
178.992389
 20
120.022045
  0
LWPOLYLINE
  5
66C
100
AcDbEntity
  8
0
100
AcDbPolyline
 62
40
420
16760576
  6
BYLAYER
 38
0
 90
2
 70
0
 10
178.992389
 20
119.556379
 10
178.992389
 20
120.022045
  0
LWPOLYLINE
  5
66D
100
AcDbEntity
  8
0
100
AcDbPolyline
 62
40
420
16760576
  6
BYLAYER
 38
0
 90
4
 70
1
 10
180.495222
 20
120.022045
 10
180.495222
 20
120.276045
 10
180.262389
 20
120.276045
 10
180.262389
 20
120.022045
  0
HATCH
  5
66E
100
AcDbEntity
  8
0
100
AcDbHatch
370
-1
 62
40
420
16760576
 10
0
 20
0
 30
0
210
0
220
0
230
1
  2
SOLID
 70
1
 71
0
 91
1
 92
3
 72
0
 73
1
 93
4
 10
179.606222
 20
119.556379
 10
179.606222
 20
119.535213
 10
179.627388
 20
119.535213
 10
179.627388
 20
119.556379
 97
0
 75
0
 76
1
 98
0
  0
LWPOLYLINE
  5
66F
100
AcDbEntity
  8
0
100
AcDbPolyline
 62
40
420
16760576
  6
BYLAYER
 38
0
 90
2
 70
0
 10
180.495222
 20
120.022045
 10
180.495222
 20
120.276045
  0
LWPOLYLINE
  5
670
100
AcDbEntity
  8
0
100
AcDbPolyline
 62
40
420
16760576
  6
BYLAYER
 38
0
 90
2
 70
0
 10
180.495222
 20
120.022045
 10
180.495222
 20
120.276045
  0
LWPOLYLINE
  5
671
100
AcDbEntity
  8
0
100
AcDbPolyline
 62
40
420
16760576
  6
BYLAYER
 38
0
 90
4
 70
0
 10
180.495222
 20
120.022045
 10
180.495222
 20
118.836712
 10
180.283556
 20
118.836712
 10
180.283556
 20
120.022045
  0
LWPOLYLINE
  5
672
100
AcDbEntity
  8
0
100
AcDbPolyline
 62
40
420
16760576
  6
BYLAYER
 38
0
 90
2
 70
0
 10
180.283556
 20
120.276045
 10
180.283556
 20
120.022045
  0
LWPOLYLINE
  5
673
100
AcDbEntity
  8
0
100
AcDbPolyline
 62
40
420
16760576
  6
BYLAYER
 38
0
 90
4
 70
0
 10
180.283556
 20
120.276045
 10
180.283556
 20
120.508879
 10
180.495222
 20
120.508879
 10
180.495222
 20
120.276045
  0
LWPOLYLINE
  5
674
100
AcDbEntity
  8
0
100
AcDbPolyline
 62
40
420
16760576
  6
BYLAYER
 38
0
 90
4
 70
0
 10
180.050722
 20
119.556379
 10
180.050722
 20
118.836712
 10
179.627389
 20
118.836712
 10
179.627389
 20
119.556379
  0
LWPOLYLINE
  5
675
100
AcDbEntity
  8
0
100
AcDbPolyline
 62
40
420
16760576
  6
BYLAYER
 38
0
 90
2
 70
0
 10
179.627389
 20
120.022045
 10
179.627389
 20
119.556379
  0
LWPOLYLINE
  5
676
100
AcDbEntity
  8
0
100
AcDbPolyline
 62
40
420
16760576
  6
BYLAYER
 38
0
 90
5
 70
0
 10
179.627389
 20
120.022045
 10
179.627389
 20
120.508879
 10
179.839056
 20
120.508879
 10
180.050722
 20
120.508879
 10
180.050722
 20
120.022045
  0
LWPOLYLINE
  5
677
100
AcDbEntity
  8
0
100
AcDbPolyline
 62
40
420
16760576
  6
BYLAYER
 38
0
 90
2
 70
0
 10
180.050722
 20
119.556379
 10
180.050722
 20
120.022045
  0
LWPOLYLINE
  5
678
100
AcDbEntity
  8
0
100
AcDbPolyline
 62
40
420
16760576
  6
BYLAYER
 38
0
 90
2
 70
0
 10
180.050722
 20
119.556379
 10
180.050722
 20
120.022045
  0
LWPOLYLINE
  5
679
100
AcDbEntity
  8
0
100
AcDbPolyline
 62
40
420
16760576
  6
BYLAYER
 38
0
 90
4
 70
1
 10
181.553556
 20
120.022045
 10
181.553556
 20
120.276045
 10
181.341896
 20
120.276045
 10
181.341896
 20
120.022045
  0
HATCH
  5
67A
100
AcDbEntity
  8
0
100
AcDbHatch
370
-1
 62
40
420
16760576
 10
0
 20
0
 30
0
210
0
220
0
230
1
  2
SOLID
 70
1
 71
0
 91
1
 92
3
 72
0
 73
1
 93
4
 10
180.685722
 20
119.556379
 10
180.685722
 20
119.535213
 10
180.70691
 20
119.535213
 10
180.70691
 20
119.556379
 97
0
 75
0
 76
1
 98
0
  0
LWPOLYLINE
  5
67B
100
AcDbEntity
  8
0
100
AcDbPolyline
 62
40
420
16760576
  6
BYLAYER
 38
0
 90
2
 70
0
 10
181.553556
 20
120.022045
 10
181.553556
 20
120.276045
  0
LWPOLYLINE
  5
67C
100
AcDbEntity
  8
0
100
AcDbPolyline
 62
40
420
16760576
  6
BYLAYER
 38
0
 90
2
 70
0
 10
181.553556
 20
120.022045
 10
181.553556
 20
120.276045
  0
LWPOLYLINE
  5
67D
100
AcDbEntity
  8
0
100
AcDbPolyline
 62
40
420
16760576
  6
BYLAYER
 38
0
 90
4
 70
0
 10
181.553556
 20
120.022045
 10
181.553556
 20
118.836712
 10
181.341889
 20
118.836712
 10
181.341889
 20
120.022045
  0
LWPOLYLINE
  5
67E
100
AcDbEntity
  8
0
100
AcDbPolyline
 62
40
420
16760576
  6
BYLAYER
 38
0
 90
2
 70
0
 10
181.341889
 20
120.276045
 10
181.341889
 20
120.022045
  0
LWPOLYLINE
  5
67F
100
AcDbEntity
  8
0
100
AcDbPolyline
 62
40
420
16760576
  6
BYLAYER
 38
0
 90
4
 70
0
 10
181.341889
 20
120.276045
 10
181.341889
 20
120.508879
 10
181.553556
 20
120.508879
 10
181.553556
 20
120.276045
  0
LWPOLYLINE
  5
680
100
AcDbEntity
  8
0
100
AcDbPolyline
 62
40
420
16760576
  6
BYLAYER
 38
0
 90
4
 70
0
 10
181.130222
 20
119.556379
 10
181.130222
 20
118.836712
 10
180.706889
 20
118.836712
 10
180.706889
 20
119.556379
  0
LWPOLYLINE
  5
681
100
AcDbEntity
  8
0
100
AcDbPolyline
 62
40
420
16760576
  6
BYLAYER
 38
0
 90
2
 70
0
 10
180.706889
 20
120.022045
 10
180.706889
 20
119.556379
  0
LWPOLYLINE
  5
682
100
AcDbEntity
  8
0
100
AcDbPolyline
 62
40
420
16760576
  6
BYLAYER
 38
0
 90
5
 70
0
 10
180.706889
 20
120.022045
 10
180.706889
 20
120.508879
 10
180.918556
 20
120.508879
 10
181.130222
 20
120.508879
 10
181.130222
 20
120.022045
  0
LWPOLYLINE
  5
683
100
AcDbEntity
  8
0
100
AcDbPolyline
 62
40
420
16760576
  6
BYLAYER
 38
0
 90
2
 70
0
 10
181.130222
 20
119.556379
 10
181.130222
 20
120.022045
  0
LWPOLYLINE
  5
684
100
AcDbEntity
  8
0
100
AcDbPolyline
 62
40
420
16760576
  6
BYLAYER
 38
0
 90
2
 70
0
 10
181.130222
 20
119.556379
 10
181.130222
 20
120.022045
  0
LWPOLYLINE
  5
685
100
AcDbEntity
  8
0
100
AcDbPolyline
 62
40
420
16760576
  6
BYLAYER
 38
0
 90
4
 70
1
 10
182.633056
 20
120.022045
 10
182.633056
 20
120.276045
 10
182.421396
 20
120.276045
 10
182.421396
 20
120.022045
  0
HATCH
  5
686
100
AcDbEntity
  8
0
100
AcDbHatch
370
-1
 62
40
420
16760576
 10
0
 20
0
 30
0
210
0
220
0
230
1
  2
SOLID
 70
1
 71
0
 91
1
 92
3
 72
0
 73
1
 93
4
 10
181.765222
 20
119.556379
 10
181.765222
 20
119.535213
 10
181.786367
 20
119.535213
 10
181.786367
 20
119.556379
 97
0
 75
0
 76
1
 98
0
  0
LWPOLYLINE
  5
687
100
AcDbEntity
  8
0
100
AcDbPolyline
 62
40
420
16760576
  6
BYLAYER
 38
0
 90
2
 70
0
 10
182.633056
 20
120.022045
 10
182.633056
 20
120.276045
  0
LWPOLYLINE
  5
688
100
AcDbEntity
  8
0
100
AcDbPolyline
 62
40
420
16760576
  6
BYLAYER
 38
0
 90
2
 70
0
 10
182.633056
 20
120.022045
 10
182.633056
 20
120.276045
  0
LWPOLYLINE
  5
689
100
AcDbEntity
  8
0
100
AcDbPolyline
 62
40
420
16760576
  6
BYLAYER
 38
0
 90
4
 70
0
 10
182.633056
 20
120.022045
 10
182.633056
 20
118.836712
 10
182.421389
 20
118.836712
 10
182.421389
 20
120.022045
  0
LWPOLYLINE
  5
68A
100
AcDbEntity
  8
0
100
AcDbPolyline
 62
40
420
16760576
  6
BYLAYER
 38
0
 90
2
 70
0
 10
182.421389
 20
120.276045
 10
182.421389
 20
120.022045
  0
LWPOLYLINE
  5
68B
100
AcDbEntity
  8
0
100
AcDbPolyline
 62
40
420
16760576
  6
BYLAYER
 38
0
 90
4
 70
0
 10
182.421389
 20
120.276045
 10
182.421389
 20
120.508879
 10
182.633056
 20
120.508879
 10
182.633056
 20
120.276045
  0
LWPOLYLINE
  5
68C
100
AcDbEntity
  8
0
100
AcDbPolyline
 62
40
420
16760576
  6
BYLAYER
 38
0
 90
4
 70
0
 10
182.209722
 20
119.556379
 10
182.209722
 20
118.836712
 10
181.786389
 20
118.836712
 10
181.786389
 20
119.556379
  0
LWPOLYLINE
  5
68D
100
AcDbEntity
  8
0
100
AcDbPolyline
 62
40
420
16760576
  6
BYLAYER
 38
0
 90
2
 70
0
 10
181.786389
 20
120.022045
 10
181.786389
 20
119.556379
  0
LWPOLYLINE
  5
68E
100
AcDbEntity
  8
0
100
AcDbPolyline
 62
40
420
16760576
  6
BYLAYER
 38
0
 90
5
 70
0
 10
181.786389
 20
120.022045
 10
181.786389
 20
120.508879
 10
181.998056
 20
120.508879
 10
182.209722
 20
120.508879
 10
182.209722
 20
120.022045
  0
LWPOLYLINE
  5
68F
100
AcDbEntity
  8
0
100
AcDbPolyline
 62
40
420
16760576
  6
BYLAYER
 38
0
 90
2
 70
0
 10
182.209722
 20
119.556379
 10
182.209722
 20
120.022045
  0
LWPOLYLINE
  5
690
100
AcDbEntity
  8
0
100
AcDbPolyline
 62
40
420
16760576
  6
BYLAYER
 38
0
 90
2
 70
0
 10
182.209722
 20
119.556379
 10
182.209722
 20
120.022045
  0
LWPOLYLINE
  5
691
100
AcDbEntity
  8
0
100
AcDbPolyline
 62
40
420
16760576
  6
BYLAYER
 38
0
 90
4
 70
1
 10
182.633056
 20
120.022045
 10
182.633056
 20
120.276045
 10
182.421396
 20
120.276045
 10
182.421396
 20
120.022045
  0
LWPOLYLINE
  5
692
100
AcDbEntity
  8
0
100
AcDbPolyline
 62
40
420
16760576
  6
BYLAYER
 38
0
 90
2
 70
1
 10
182.633056
 20
118.836712
 10
182.421389
 20
118.836712
  0
LWPOLYLINE
  5
693
100
AcDbEntity
  8
0
100
AcDbPolyline
 62
40
420
16760576
  6
BYLAYER
 38
0
 90
2
 70
1
 10
182.209722
 20
118.836712
 10
181.786389
 20
118.836712
  0
LWPOLYLINE
  5
694
100
AcDbEntity
  8
0
100
AcDbPolyline
 62
2
420
16776960
  6
BYLAYER
 38
0
 90
4
 70
1
 10
182.633056
 20
120.022045
 10
182.633056
 20
120.276045
 10
182.421389
 20
120.276045
 10
182.421389
 20
120.022045
  0
LWPOLYLINE
  5
695
100
AcDbEntity
  8
0
100
AcDbPolyline
 62
2
420
16776960
  6
BYLAYER
 38
0
 90
4
 70
1
 10
182.209722
 20
119.789212
 10
181.998056
 20
119.789212
 10
181.998056
 20
120.022045
 10
181.998056
 20
119.789212
  0
HATCH
  5
696
100
AcDbEntity
  8
0
100
AcDbHatch
370
-1
 62
40
420
16760576
 10
0
 20
0
 30
0
210
0
220
0
230
1
  2
SOLID
 70
1
 71
0
 91
1
 92
3
 72
0
 73
1
 93
4
 10
138.542889
 20
109.036545
 10
138.542889
 20
109.015379
 10
138.564055
 20
109.015379
 10
138.564055
 20
109.036545
 97
0
 75
0
 76
1
 98
0
  0
LWPOLYLINE
  5
697
100
AcDbEntity
  8
0
100
AcDbPolyline
 62
40
420
16760576
  6
BYLAYER
 38
0
 90
2
 70
0
 10
175.965556
 20
120.508879
 10
175.542222
 20
120.276045
  0
LWPOLYLINE
  5
698
100
AcDbEntity
  8
0
100
AcDbPolyline
 62
40
420
16760576
  6
BYLAYER
 38
0
 90
2
 70
0
 10
182.209722
 20
120.508879
 10
182.421389
 20
120.508879
  0
LWPOLYLINE
  5
699
100
AcDbEntity
  8
0
100
AcDbPolyline
 62
40
420
16760576
  6
BYLAYER
 38
0
 90
2
 70
0
 10
181.553556
 20
120.508879
 10
181.998056
 20
120.508879
  0
LWPOLYLINE
  5
69A
100
AcDbEntity
  8
0
100
AcDbPolyline
 62
40
420
16760576
  6
BYLAYER
 38
0
 90
2
 70
0
 10
181.130222
 20
120.508879
 10
181.341889
 20
120.508879
  0
LWPOLYLINE
  5
69B
100
AcDbEntity
  8
0
100
AcDbPolyline
 62
40
420
16760576
  6
BYLAYER
 38
0
 90
2
 70
0
 10
180.495222
 20
120.508879
 10
180.918556
 20
120.508879
  0
LWPOLYLINE
  5
69C
100
AcDbEntity
  8
0
100
AcDbPolyline
 62
40
420
16760576
  6
BYLAYER
 38
0
 90
2
 70
0
 10
180.050722
 20
120.508879
 10
180.283556
 20
120.508879
  0
LWPOLYLINE
  5
69D
100
AcDbEntity
  8
0
100
AcDbPolyline
 62
40
420
16760576
  6
BYLAYER
 38
0
 90
2
 70
0
 10
179.415722
 20
120.508879
 10
179.839056
 20
120.508879
  0
LWPOLYLINE
  5
69E
100
AcDbEntity
  8
0
100
AcDbPolyline
 62
40
420
16760576
  6
BYLAYER
 38
0
 90
2
 70
0
 10
178.759556
 20
120.508879
 10
179.204056
 20
120.508879
  0
LWPOLYLINE
  5
69F
100
AcDbEntity
  8
0
100
AcDbPolyline
 62
40
420
16760576
  6
BYLAYER
 38
0
 90
2
 70
0
 10
178.336222
 20
120.508879
 10
178.759556
 20
120.508879
  0
LWPOLYLINE
  5
6A0
100
AcDbEntity
  8
0
100
AcDbPolyline
 62
40
420
16760576
  6
BYLAYER
 38
0
 90
2
 70
0
 10
177.701222
 20
120.508879
 10
178.124556
 20
120.508879
  0
LWPOLYLINE
  5
6A1
100
AcDbEntity
  8
0
100
AcDbPolyline
 62
40
420
16760576
  6
BYLAYER
 38
0
 90
2
 70
0
 10
177.256722
 20
120.508879
 10
177.701222
 20
120.508879
  0
LWPOLYLINE
  5
6A2
100
AcDbEntity
  8
0
100
AcDbPolyline
 62
40
420
16760576
  6
BYLAYER
 38
0
 90
2
 70
0
 10
176.621722
 20
120.508879
 10
177.045056
 20
120.508879
  0
LWPOLYLINE
  5
6A3
100
AcDbEntity
  8
0
100
AcDbPolyline
 62
40
420
16760576
  6
BYLAYER
 38
0
 90
2
 70
0
 10
175.965556
 20
120.508879
 10
176.410056
 20
120.508879
  0
LWPOLYLINE
  5
6A4
100
AcDbEntity
  8
0
100
AcDbPolyline
 62
40
420
16760576
  6
BYLAYER
 38
0
 90
3
 70
0
 10
170.610389
 20
111.894045
 10
170.610389
 20
111.428379
 10
171.033722
 20
110.941545
  0
LWPOLYLINE
  5
6A5
100
AcDbEntity
  8
0
100
AcDbPolyline
 62
40
420
16760576
  6
BYLAYER
 38
0
 90
2
 70
0
 10
173.827722
 20
111.661212
 10
173.404389
 20
110.941545
  0
LWPOLYLINE
  5
6A6
100
AcDbEntity
  8
0
100
AcDbPolyline
 62
40
420
16760576
  6
BYLAYER
 38
0
 90
2
 70
0
 10
139.220222
 20
110.454712
 10
139.220222
 20
111.661212
  0
LWPOLYLINE
  5
6A7
100
AcDbEntity
  8
0
100
AcDbPolyline
 62
40
420
16760576
  6
BYLAYER
 38
0
 90
2
 70
0
 10
138.564056
 20
109.036545
 10
139.008556
 20
110.221879
  0
HATCH
  5
6A8
100
AcDbEntity
  8
0
100
AcDbHatch
370
-1
 62
4
420
65535
 10
0
 20
0
 30
0
210
0
220
0
230
1
  2
SOLID
 70
1
 71
0
 91
1
 92
3
 72
0
 73
1
 93
4
 10
182.823556
 20
117.884212
 10
182.823556
 20
117.863046
 10
182.8447
 20
117.863046
 10
182.8447
 20
117.884212
 97
0
 75
0
 76
1
 98
0
  0
HATCH
  5
6A9
100
AcDbEntity
  8
0
100
AcDbHatch
370
-1
 62
4
420
65535
 10
0
 20
0
 30
0
210
0
220
0
230
1
  2
SOLID
 70
1
 71
0
 91
1
 92
3
 72
0
 73
1
 93
4
 10
183.056389
 20
117.884212
 10
183.056389
 20
117.863046
 10
183.077555
 20
117.863046
 10
183.077555
 20
117.884212
 97
0
 75
0
 76
1
 98
0
  0
HATCH
  5
6AA
100
AcDbEntity
  8
0
100
AcDbHatch
370
-1
 62
4
420
65535
 10
0
 20
0
 30
0
210
0
220
0
230
1
  2
SOLID
 70
1
 71
0
 91
1
 92
3
 72
0
 73
1
 93
4
 10
183.056389
 20
118.117045
 10
183.056389
 20
118.095879
 10
183.077555
 20
118.095879
 10
183.077555
 20
118.117045
 97
0
 75
0
 76
1
 98
0
  0
HATCH
  5
6AB
100
AcDbEntity
  8
0
100
AcDbHatch
370
-1
 62
4
420
65535
 10
0
 20
0
 30
0
210
0
220
0
230
1
  2
SOLID
 70
1
 71
0
 91
1
 92
3
 72
0
 73
1
 93
4
 10
182.823556
 20
118.117045
 10
182.823556
 20
118.095879
 10
182.8447
 20
118.095879
 10
182.8447
 20
118.117045
 97
0
 75
0
 76
1
 98
0
  0
HATCH
  5
6AC
100
AcDbEntity
  8
0
100
AcDbHatch
370
-1
 62
4
420
65535
 10
0
 20
0
 30
0
210
0
220
0
230
1
  2
SOLID
 70
1
 71
0
 91
1
 92
3
 72
0
 73
1
 93
4
 10
182.400222
 20
118.117045
 10
182.400222
 20
118.095879
 10
182.421388
 20
118.095879
 10
182.421388
 20
118.117045
 97
0
 75
0
 76
1
 98
0
  0
HATCH
  5
6AD
100
AcDbEntity
  8
0
100
AcDbHatch
370
-1
 62
4
420
65535
 10
0
 20
0
 30
0
210
0
220
0
230
1
  2
SOLID
 70
1
 71
0
 91
1
 92
3
 72
0
 73
1
 93
4
 10
182.400222
 20
118.117045
 10
182.400222
 20
118.095879
 10
182.421388
 20
118.095879
 10
182.421388
 20
118.117045
 97
0
 75
0
 76
1
 98
0
  0
HATCH
  5
6AE
100
AcDbEntity
  8
0
100
AcDbHatch
370
-1
 62
4
420
65535
 10
0
 20
0
 30
0
210
0
220
0
230
1
  2
SOLID
 70
1
 71
0
 91
1
 92
3
 72
0
 73
1
 93
4
 10
182.400222
 20
118.117045
 10
182.400222
 20
118.095879
 10
182.421388
 20
118.095879
 10
182.421388
 20
118.117045
 97
0
 75
0
 76
1
 98
0
  0
HATCH
  5
6AF
100
AcDbEntity
  8
0
100
AcDbHatch
370
-1
 62
4
420
65535
 10
0
 20
0
 30
0
210
0
220
0
230
1
  2
SOLID
 70
1
 71
0
 91
1
 92
3
 72
0
 73
1
 93
4
 10
182.400222
 20
118.117045
 10
182.400222
 20
118.095879
 10
182.421388
 20
118.095879
 10
182.421388
 20
118.117045
 97
0
 75
0
 76
1
 98
0
  0
HATCH
  5
6B0
100
AcDbEntity
  8
0
100
AcDbHatch
370
-1
 62
4
420
65535
 10
0
 20
0
 30
0
210
0
220
0
230
1
  2
SOLID
 70
1
 71
0
 91
1
 92
3
 72
0
 73
1
 93
4
 10
182.400222
 20
117.884212
 10
182.400222
 20
117.863046
 10
182.421388
 20
117.863046
 10
182.421388
 20
117.884212
 97
0
 75
0
 76
1
 98
0
  0
HATCH
  5
6B1
100
AcDbEntity
  8
0
100
AcDbHatch
370
-1
 62
4
420
65535
 10
0
 20
0
 30
0
210
0
220
0
230
1
  2
SOLID
 70
1
 71
0
 91
1
 92
3
 72
0
 73
1
 93
4
 10
182.611889
 20
117.884212
 10
182.611889
 20
117.863046
 10
182.633055
 20
117.863046
 10
182.633055
 20
117.884212
 97
0
 75
0
 76
1
 98
0
  0
HATCH
  5
6B2
100
AcDbEntity
  8
0
100
AcDbHatch
370
-1
 62
4
420
65535
 10
0
 20
0
 30
0
210
0
220
0
230
1
  2
SOLID
 70
1
 71
0
 91
1
 92
3
 72
0
 73
1
 93
4
 10
182.611889
 20
117.884212
 10
182.611889
 20
117.863046
 10
182.633055
 20
117.863046
 10
182.633055
 20
117.884212
 97
0
 75
0
 76
1
 98
0
  0
HATCH
  5
6B3
100
AcDbEntity
  8
0
100
AcDbHatch
370
-1
 62
4
420
65535
 10
0
 20
0
 30
0
210
0
220
0
230
1
  2
SOLID
 70
1
 71
0
 91
1
 92
3
 72
0
 73
1
 93
4
 10
176.177222
 20
118.349879
 10
176.177222
 20
118.328713
 10
176.198388
 20
118.328713
 10
176.198388
 20
118.349879
 97
0
 75
0
 76
1
 98
0
  0
HATCH
  5
6B4
100
AcDbEntity
  8
0
100
AcDbHatch
370
-1
 62
4
420
65535
 10
0
 20
0
 30
0
210
0
220
0
230
1
  2
SOLID
 70
1
 71
0
 91
1
 92
3
 72
0
 73
1
 93
4
 10
182.823556
 20
118.117045
 10
182.823556
 20
118.095879
 10
182.8447
 20
118.095879
 10
182.8447
 20
118.117045
 97
0
 75
0
 76
1
 98
0
  0
HATCH
  5
6B5
100
AcDbEntity
  8
0
100
AcDbHatch
370
-1
 62
4
420
65535
 10
0
 20
0
 30
0
210
0
220
0
230
1
  2
SOLID
 70
1
 71
0
 91
1
 92
3
 72
0
 73
1
 93
4
 10
182.611889
 20
117.884212
 10
182.611889
 20
117.863046
 10
182.633055
 20
117.863046
 10
182.633055
 20
117.884212
 97
0
 75
0
 76
1
 98
0
  0
HATCH
  5
6B6
100
AcDbEntity
  8
0
100
AcDbHatch
370
-1
 62
4
420
65535
 10
0
 20
0
 30
0
210
0
220
0
230
1
  2
SOLID
 70
1
 71
0
 91
1
 92
3
 72
0
 73
1
 93
4
 10
176.177222
 20
117.884212
 10
176.177222
 20
117.863046
 10
176.198388
 20
117.863046
 10
176.198388
 20
117.884212
 97
0
 75
0
 76
1
 98
0
  0
HATCH
  5
6B7
100
AcDbEntity
  8
0
100
AcDbHatch
370
-1
 62
4
420
65535
 10
0
 20
0
 30
0
210
0
220
0
230
1
  2
SOLID
 70
1
 71
0
 91
1
 92
3
 72
0
 73
1
 93
4
 10
182.611889
 20
117.884212
 10
182.611889
 20
117.863046
 10
182.633055
 20
117.863046
 10
182.633055
 20
117.884212
 97
0
 75
0
 76
1
 98
0
  0
HATCH
  5
6B8
100
AcDbEntity
  8
0
100
AcDbHatch
370
-1
 62
4
420
65535
 10
0
 20
0
 30
0
210
0
220
0
230
1
  2
SOLID
 70
1
 71
0
 91
1
 92
3
 72
0
 73
1
 93
4
 10
176.388889
 20
117.884212
 10
176.388889
 20
117.863046
 10
176.410055
 20
117.863046
 10
176.410055
 20
117.884212
 97
0
 75
0
 76
1
 98
0
  0
HATCH
  5
6B9
100
AcDbEntity
  8
0
100
AcDbHatch
370
-1
 62
4
420
65535
 10
0
 20
0
 30
0
210
0
220
0
230
1
  2
SOLID
 70
1
 71
0
 91
1
 92
3
 72
0
 73
1
 93
4
 10
182.611889
 20
117.884212
 10
182.611889
 20
117.863046
 10
182.633055
 20
117.863046
 10
182.633055
 20
117.884212
 97
0
 75
0
 76
1
 98
0
  0
HATCH
  5
6BA
100
AcDbEntity
  8
0
100
AcDbHatch
370
-1
 62
4
420
65535
 10
0
 20
0
 30
0
210
0
220
0
230
1
  2
SOLID
 70
1
 71
0
 91
1
 92
3
 72
0
 73
1
 93
4
 10
182.611889
 20
117.884212
 10
182.611889
 20
117.863046
 10
182.633055
 20
117.863046
 10
182.633055
 20
117.884212
 97
0
 75
0
 76
1
 98
0
  0
LWPOLYLINE
  5
6BB
100
AcDbEntity
  8
0
100
AcDbPolyline
 62
4
420
65535
  6
BYLAYER
 38
0
 90
3
 70
0
 10
182.844722
 20
117.884212
 10
182.633056
 20
117.884212
 10
182.844722
 20
118.117045
  0
LWPOLYLINE
  5
6BC
100
AcDbEntity
  8
0
100
AcDbPolyline
 62
4
420
65535
  6
BYLAYER
 38
0
 90
3
 70
1
 10
182.421389
 20
118.117045
 10
182.844722
 20
118.349879
 10
182.633056
 20
118.117045
  0
LWPOLYLINE
  5
6BD
100
AcDbEntity
  8
0
100
AcDbPolyline
 62
4
420
65535
  6
BYLAYER
 38
0
 90
2
 70
0
 10
182.844722
 20
118.117045
 10
182.844722
 20
117.884212
  0
LWPOLYLINE
  5
6BE
100
AcDbEntity
  8
0
100
AcDbPolyline
 62
4
420
65535
  6
BYLAYER
 38
0
 90
2
 70
0
 10
183.077556
 20
118.117045
 10
183.077556
 20
117.884212
  0
LWPOLYLINE
  5
6BF
100
AcDbEntity
  8
0
100
AcDbPolyline
 62
4
420
65535
  6
BYLAYER
 38
0
 90
2
 70
0
 10
183.077556
 20
118.603879
 10
183.077556
 20
118.117045
  0
LWPOLYLINE
  5
6C0
100
AcDbEntity
  8
0
100
AcDbPolyline
 62
4
420
65535
  6
BYLAYER
 38
0
 90
3
 70
0
 10
182.844722
 20
117.884212
 10
182.844722
 20
118.603879
 10
182.844722
 20
118.349879
  0
LWPOLYLINE
  5
6C1
100
AcDbEntity
  8
0
100
AcDbPolyline
 62
4
420
65535
  6
BYLAYER
 38
0
 90
2
 70
0
 10
182.421389
 20
118.349879
 10
182.421389
 20
118.603879
  0
LWPOLYLINE
  5
6C2
100
AcDbEntity
  8
0
100
AcDbPolyline
 62
4
420
65535
  6
BYLAYER
 38
0
 90
3
 70
0
 10
182.421389
 20
117.884212
 10
182.421389
 20
118.117045
 10
182.633056
 20
118.117045
  0
LWPOLYLINE
  5
6C3
100
AcDbEntity
  8
0
100
AcDbPolyline
 62
4
420
65535
  6
BYLAYER
 38
0
 90
2
 70
1
 10
176.410056
 20
117.884212
 10
176.198389
 20
117.884212
  0
LWPOLYLINE
  5
6C4
100
AcDbEntity
  8
0
100
AcDbPolyline
 62
4
420
65535
  6
BYLAYER
 38
0
 90
3
 70
0
 10
182.633056
 20
118.117045
 10
182.633056
 20
117.884212
 10
182.421389
 20
117.884212
  0
LWPOLYLINE
  5
6C5
100
AcDbEntity
  8
0
100
AcDbPolyline
 62
4
420
65535
  6
BYLAYER
 38
0
 90
2
 70
0
 10
182.844722
 20
118.603879
 10
183.077556
 20
118.603879
  0
LWPOLYLINE
  5
6C6
100
AcDbEntity
  8
0
100
AcDbPolyline
 62
4
420
65535
  6
BYLAYER
 38
0
 90
2
 70
0
 10
182.421389
 20
118.603879
 10
182.844722
 20
118.603879
  0
LWPOLYLINE
  5
6C7
100
AcDbEntity
  8
0
100
AcDbPolyline
 62
4
420
65535
  6
BYLAYER
 38
0
 90
2
 70
0
 10
182.844722
 20
118.349879
 10
182.421389
 20
118.349879
  0
LWPOLYLINE
  5
6C8
100
AcDbEntity
  8
0
100
AcDbPolyline
 62
4
420
65535
  6
BYLAYER
 38
0
 90
2
 70
0
 10
183.077556
 20
117.884212
 10
182.844722
 20
117.884212
  0
LWPOLYLINE
  5
6C9
100
AcDbEntity
  8
0
100
AcDbPolyline
 62
4
420
65535
  6
BYLAYER
 38
0
 90
2
 70
1
 10
176.198389
 20
118.349879
 10
176.198389
 20
117.884212
  0
LWPOLYLINE
  5
6CA
100
AcDbEntity
  8
0
100
AcDbPolyline
 62
40
420
16760576
  6
BYLAYER
 38
0
 90
2
 70
0
 10
183.712556
 20
117.630212
 10
183.712556
 20
118.349879
  0
LWPOLYLINE
  5
6CB
100
AcDbEntity
  8
0
100
AcDbPolyline
 62
40
420
16760576
  6
BYLAYER
 38
0
 90
3
 70
0
 10
183.712556
 20
120.276045
 10
183.500889
 20
120.508879
 10
183.289222
 20
120.508879
  0
LWPOLYLINE
  5
6CC
100
AcDbEntity
  8
0
100
AcDbPolyline
 62
40
420
16760576
  6
BYLAYER
 38
0
 90
2
 70
0
 10
182.633056
 20
120.508879
 10
183.289222
 20
120.508879
  0
LWPOLYLINE
  5
6CD
100
AcDbEntity
  8
0
100
AcDbPolyline
 62
7
  6
BYLAYER
 38
0
 90
2
 70
0
 10
182.633056
 20
120.508879
 10
183.289222
 20
120.508879
  0
HATCH
  5
6CE
100
AcDbEntity
  8
0
100
AcDbHatch
370
-1
 62
40
420
16760576
 10
0
 20
0
 30
0
210
0
220
0
230
1
  2
SOLID
 70
1
 71
0
 91
1
 92
3
 72
0
 73
1
 93
4
 10
140.913556
 20
110.454712
 10
140.913556
 20
110.433546
 10
140.934732
 20
110.433546
 10
140.934732
 20
110.454712
 97
0
 75
0
 76
1
 98
0
  0
LWPOLYLINE
  5
6CF
100
AcDbEntity
  8
0
100
AcDbPolyline
 62
40
420
16760576
  6
BYLAYER
 38
0
 90
3
 70
0
 10
139.008556
 20
109.989045
 10
139.008556
 20
110.221879
 10
139.220222
 20
110.454712
  0
LWPOLYLINE
  5
6D0
100
AcDbEntity
  8
0
100
AcDbPolyline
 62
40
420
16760576
  6
BYLAYER
 38
0
 90
2
 70
0
 10
140.934722
 20
110.454712
 10
141.146389
 20
110.221879
  0
LWPOLYLINE
  5
6D1
100
AcDbEntity
  8
0
100
AcDbPolyline
 62
40
420
16760576
  6
BYLAYER
 38
0
 90
2
 70
0
 10
140.934722
 20
110.454712
 10
140.934722
 20
111.661212
  0
LWPOLYLINE
  5
6D2
100
AcDbEntity
  8
0
100
AcDbPolyline
 62
3
420
65280
  6
BYLAYER
 38
0
 90
2
 70
0
 10
143.728722
 20
101.141379
 10
141.358056
 20
101.141379
  0
LWPOLYLINE
  5
6D3
100
AcDbEntity
  8
0
100
AcDbPolyline
 62
3
420
65280
  6
BYLAYER
 38
0
 90
2
 70
0
 10
143.940389
 20
99.934879
 10
141.358056
 20
99.934879
  0
LWPOLYLINE
  5
6D4
100
AcDbEntity
  8
0
100
AcDbPolyline
 62
2
420
16776960
  6
BYLAYER
 38
0
 90
2
 70
0
 10
141.590889
 20
101.861045
 10
141.590889
 20
102.559545
  0
LWPOLYLINE
  5
6D5
100
AcDbEntity
  8
0
100
AcDbPolyline
 62
2
420
16776960
  6
BYLAYER
 38
0
 90
2
 70
0
 10
141.590889
 20
99.215212
 10
141.590889
 20
98.495545
  0
HATCH
  5
6D6
100
AcDbEntity
  8
0
100
AcDbHatch
370
-1
 62
2
420
16776960
 10
0
 20
0
 30
0
210
0
220
0
230
1
  2
SOLID
 70
1
 71
0
 91
1
 92
3
 72
0
 73
1
 93
3
 10
141.802556
 20
101.861045
 10
141.590889
 20
101.861045
 10
141.590889
 20
101.141379
 97
0
 75
0
 76
1
 98
0
  0
LWPOLYLINE
  5
6D7
100
AcDbEntity
  8
0
100
AcDbPolyline
 62
2
420
16776960
  6
BYLAYER
 38
0
 90
3
 70
1
 10
141.802556
 20
101.858223
 10
141.590904
 20
101.858223
 10
141.590904
 20
101.138358
  0
HATCH
  5
6D8
100
AcDbEntity
  8
0
100
AcDbHatch
370
-1
 62
2
420
16776960
 10
0
 20
0
 30
0
210
0
220
0
230
1
  2
SOLID
 70
1
 71
0
 91
1
 92
3
 72
0
 73
1
 93
3
 10
141.802556
 20
99.215212
 10
141.590889
 20
99.215212
 10
141.590889
 20
99.934879
 97
0
 75
0
 76
1
 98
0
  0
LWPOLYLINE
  5
6D9
100
AcDbEntity
  8
0
100
AcDbPolyline
 62
2
420
16776960
  6
BYLAYER
 38
0
 90
3
 70
1
 10
141.802556
 20
99.21239
 10
141.590904
 20
99.21239
 10
141.590904
 20
99.932255
  0
HATCH
  5
6DA
100
AcDbEntity
  8
0
100
AcDbHatch
370
-1
 62
3
420
65280
 10
0
 20
0
 30
0
210
0
220
0
230
1
  2
SOLID
 70
1
 71
0
 91
1
 92
3
 72
0
 73
1
 93
4
 10
141.146389
 20
98.262712
 10
141.146389
 20
91.320045
 10
142.014219
 20
91.320045
 10
142.014219
 20
98.262712
 97
0
 75
0
 76
1
 98
0
  0
HATCH
  5
6DB
100
AcDbEntity
  8
0
100
AcDbHatch
370
-1
 62
7
 10
0
 20
0
 30
0
210
0
220
0
230
1
  2
SOLID
 70
1
 71
0
 91
1
 92
3
 72
0
 73
1
 93
4
 10
143.919222
 20
101.141379
 10
143.919222
 20
101.120213
 10
143.940388
 20
101.120213
 10
143.940388
 20
101.141379
 97
0
 75
0
 76
1
 98
0
  0
HATCH
  5
6DC
100
AcDbEntity
  8
0
100
AcDbHatch
370
-1
 62
7
 10
0
 20
0
 30
0
210
0
220
0
230
1
  2
SOLID
 70
1
 71
0
 91
1
 92
3
 72
0
 73
1
 93
4
 10
144.130889
 20
99.934879
 10
144.130889
 20
99.913713
 10
144.152055
 20
99.913713
 10
144.152055
 20
99.934879
 97
0
 75
0
 76
1
 98
0
  0
HATCH
  5
6DD
100
AcDbEntity
  8
0
100
AcDbHatch
370
-1
 62
7
 10
0
 20
0
 30
0
210
0
220
0
230
1
  2
SOLID
 70
1
 71
0
 91
1
 92
3
 72
0
 73
1
 93
4
 10
141.569722
 20
99.934879
 10
141.569722
 20
99.913713
 10
141.590888
 20
99.913713
 10
141.590888
 20
99.934879
 97
0
 75
0
 76
1
 98
0
  0
LWPOLYLINE
  5
6DE
100
AcDbEntity
  8
0
100
AcDbPolyline
 62
3
420
65280
  6
BYLAYER
 38
0
 90
2
 70
0
 10
97.733556
 20
101.374212
 10
100.950889
 20
101.374212
  0
LWPOLYLINE
  5
6DF
100
AcDbEntity
  8
0
100
AcDbPolyline
 62
3
420
65280
  6
BYLAYER
 38
0
 90
2
 70
0
 10
96.865722
 20
99.934879
 10
100.950889
 20
99.934879
  0
LWPOLYLINE
  5
6E0
100
AcDbEntity
  8
0
100
AcDbPolyline
 62
2
420
16776960
  6
BYLAYER
 38
0
 90
2
 70
0
 10
100.739222
 20
102.093879
 10
100.739222
 20
102.813545
  0
LWPOLYLINE
  5
6E1
100
AcDbEntity
  8
0
100
AcDbPolyline
 62
2
420
16776960
  6
BYLAYER
 38
0
 90
2
 70
0
 10
100.739222
 20
99.215212
 10
100.739222
 20
98.495545
  0
HATCH
  5
6E2
100
AcDbEntity
  8
0
100
AcDbHatch
370
-1
 62
2
420
16776960
 10
0
 20
0
 30
0
210
0
220
0
230
1
  2
SOLID
 70
1
 71
0
 91
1
 92
3
 72
0
 73
1
 93
3
 10
100.739222
 20
102.093879
 10
100.527556
 20
102.093879
 10
100.739222
 20
101.374212
 97
0
 75
0
 76
1
 98
0
  0
LWPOLYLINE
  5
6E3
100
AcDbEntity
  8
0
100
AcDbPolyline
 62
2
420
16776960
  6
BYLAYER
 38
0
 90
3
 70
1
 10
100.739222
 20
102.091056
 10
100.527571
 20
102.091056
 10
100.739222
 20
101.371191
  0
HATCH
  5
6E4
100
AcDbEntity
  8
0
100
AcDbHatch
370
-1
 62
2
420
16776960
 10
0
 20
0
 30
0
210
0
220
0
230
1
  2
SOLID
 70
1
 71
0
 91
1
 92
3
 72
0
 73
1
 93
3
 10
100.739222
 20
99.215212
 10
100.527556
 20
99.215212
 10
100.739222
 20
99.934879
 97
0
 75
0
 76
1
 98
0
  0
LWPOLYLINE
  5
6E5
100
AcDbEntity
  8
0
100
AcDbPolyline
 62
2
420
16776960
  6
BYLAYER
 38
0
 90
3
 70
1
 10
100.739222
 20
99.21239
 10
100.527571
 20
99.21239
 10
100.739222
 20
99.932255
  0
HATCH
  5
6E6
100
AcDbEntity
  8
0
100
AcDbHatch
370
-1
 62
3
420
65280
 10
0
 20
0
 30
0
210
0
220
0
230
1
  2
SOLID
 70
1
 71
0
 91
1
 92
3
 72
0
 73
1
 93
4
 10
100.104222
 20
98.262712
 10
100.104222
 20
94.918375
 10
101.162556
 20
94.918375
 10
101.162556
 20
98.262712
 97
0
 75
0
 76
1
 98
0
  0
HATCH
  5
6E7
100
AcDbEntity
  8
0
100
AcDbHatch
370
-1
 62
7
 10
0
 20
0
 30
0
210
0
220
0
230
1
  2
SOLID
 70
1
 71
0
 91
1
 92
3
 72
0
 73
1
 93
4
 10
97.289056
 20
101.374212
 10
97.289056
 20
101.353046
 10
97.310222
 20
101.353046
 10
97.310222
 20
101.374212
 97
0
 75
0
 76
1
 98
0
  0
HATCH
  5
6E8
100
AcDbEntity
  8
0
100
AcDbHatch
370
-1
 62
7
 10
0
 20
0
 30
0
210
0
220
0
230
1
  2
SOLID
 70
1
 71
0
 91
1
 92
3
 72
0
 73
1
 93
4
 10
96.632889
 20
99.934879
 10
96.632889
 20
99.913713
 10
96.654055
 20
99.913713
 10
96.654055
 20
99.934879
 97
0
 75
0
 76
1
 98
0
  0
HATCH
  5
6E9
100
AcDbEntity
  8
0
100
AcDbHatch
370
-1
 62
7
 10
0
 20
0
 30
0
210
0
220
0
230
1
  2
SOLID
 70
1
 71
0
 91
1
 92
3
 72
0
 73
1
 93
4
 10
100.718056
 20
99.934879
 10
100.718056
 20
99.913713
 10
100.739222
 20
99.913713
 10
100.739222
 20
99.934879
 97
0
 75
0
 76
1
 98
0
  0
LWPOLYLINE
  5
6EA
100
AcDbEntity
  8
0
100
AcDbPolyline
 62
40
420
16760576
  6
BYLAYER
 38
0
 90
2
 70
0
 10
143.517056
 20
101.141379
 10
151.475722
 20
101.141379
  0
LWPOLYLINE
  5
6EB
100
AcDbEntity
  8
0
100
AcDbPolyline
 62
40
420
16760576
  6
BYLAYER
 38
0
 90
2
 70
0
 10
97.310222
 20
101.374212
 10
89.351556
 20
101.374212
  0
LWPOLYLINE
  5
6EC
100
AcDbEntity
  8
0
100
AcDbPolyline
 62
40
420
16760576
  6
BYLAYER
 38
0
 90
3
 70
1
 10
145.019889
 20
100.421712
 10
145.231556
 20
100.421712
 10
145.019889
 20
100.654545
  0
LWPOLYLINE
  5
6ED
100
AcDbEntity
  8
0
100
AcDbPolyline
 62
40
420
16760576
  6
BYLAYER
 38
0
 90
4
 70
1
 10
144.596556
 20
100.654545
 10
144.596556
 20
100.887368
 10
144.384896
 20
100.887368
 10
144.384896
 20
100.654545
  0
HATCH
  5
6EE
100
AcDbEntity
  8
0
100
AcDbHatch
370
-1
 62
40
420
16760576
 10
0
 20
0
 30
0
210
0
220
0
230
1
  2
SOLID
 70
1
 71
0
 91
1
 92
3
 72
0
 73
1
 93
4
 10
144.363722
 20
100.887379
 10
144.363722
 20
100.866213
 10
144.384888
 20
100.866213
 10
144.384888
 20
100.887379
 97
0
 75
0
 76
1
 98
0
  0
LWPOLYLINE
  5
6EF
100
AcDbEntity
  8
0
100
AcDbPolyline
 62
40
420
16760576
  6
BYLAYER
 38
0
 90
2
 70
0
 10
145.231556
 20
100.167712
 10
145.231556
 20
100.654545
  0
LWPOLYLINE
  5
6F0
100
AcDbEntity
  8
0
100
AcDbPolyline
 62
40
420
16760576
  6
BYLAYER
 38
0
 90
10
 70
0
 10
145.231556
 20
100.167712
 10
145.231556
 20
100.654545
 10
145.231556
 20
101.141379
 10
145.019889
 20
101.141379
 10
145.019889
 20
100.654545
 10
144.808222
 20
100.421712
 10
145.019889
 20
100.167712
 10
145.019889
 20
99.934879
 10
144.808222
 20
99.934879
 10
145.019889
 20
99.934879
  0
LWPOLYLINE
  5
6F1
100
AcDbEntity
  8
0
100
AcDbPolyline
 62
40
420
16760576
  6
BYLAYER
 38
0
 90
2
 70
0
 10
145.231556
 20
99.934879
 10
145.019889
 20
99.934879
  0
LWPOLYLINE
  5
6F2
100
AcDbEntity
  8
0
100
AcDbPolyline
 62
40
420
16760576
  6
BYLAYER
 38
0
 90
2
 70
0
 10
145.231556
 20
99.934879
 10
145.231556
 20
100.167712
  0
LWPOLYLINE
  5
6F3
100
AcDbEntity
  8
0
100
AcDbPolyline
 62
40
420
16760576
  6
BYLAYER
 38
0
 90
6
 70
0
 10
144.596556
 20
100.887379
 10
144.596556
 20
101.141379
 10
144.384889
 20
101.141379
 10
144.384889
 20
100.887379
 10
144.384889
 20
100.654545
 10
144.384889
 20
99.934879
  0
LWPOLYLINE
  5
6F4
100
AcDbEntity
  8
0
100
AcDbPolyline
 62
40
420
16760576
  6
BYLAYER
 38
0
 90
2
 70
0
 10
144.596556
 20
99.934879
 10
144.384889
 20
99.934879
  0
LWPOLYLINE
  5
6F5
100
AcDbEntity
  8
0
100
AcDbPolyline
 62
40
420
16760576
  6
BYLAYER
 38
0
 90
6
 70
0
 10
144.596556
 20
99.934879
 10
144.808222
 20
99.934879
 10
144.596556
 20
99.934879
 10
144.596556
 20
100.654545
 10
144.808222
 20
100.654545
 10
144.596556
 20
100.887379
  0
LWPOLYLINE
  5
6F6
100
AcDbEntity
  8
0
100
AcDbPolyline
 62
40
420
16760576
  6
BYLAYER
 38
0
 90
3
 70
0
 10
144.596556
 20
100.654545
 10
144.808222
 20
100.654545
 10
144.596556
 20
100.887379
  0
LWPOLYLINE
  5
6F7
100
AcDbEntity
  8
0
100
AcDbPolyline
 62
40
420
16760576
  6
BYLAYER
 38
0
 90
3
 70
1
 10
146.099389
 20
100.421712
 10
146.311056
 20
100.421712
 10
146.099389
 20
100.654545
  0
LWPOLYLINE
  5
6F8
100
AcDbEntity
  8
0
100
AcDbPolyline
 62
40
420
16760576
  6
BYLAYER
 38
0
 90
3
 70
1
 10
145.676056
 20
100.654545
 10
145.676056
 20
100.887379
 10
145.443222
 20
100.654545
  0
HATCH
  5
6F9
100
AcDbEntity
  8
0
100
AcDbHatch
370
-1
 62
40
420
16760576
 10
0
 20
0
 30
0
210
0
220
0
230
1
  2
SOLID
 70
1
 71
0
 91
1
 92
3
 72
0
 73
1
 93
4
 10
145.422056
 20
100.887379
 10
145.422056
 20
100.866213
 10
145.443222
 20
100.866213
 10
145.443222
 20
100.887379
 97
0
 75
0
 76
1
 98
0
  0
LWPOLYLINE
  5
6FA
100
AcDbEntity
  8
0
100
AcDbPolyline
 62
40
420
16760576
  6
BYLAYER
 38
0
 90
2
 70
0
 10
146.311056
 20
100.167712
 10
146.311056
 20
100.654545
  0
LWPOLYLINE
  5
6FB
100
AcDbEntity
  8
0
100
AcDbPolyline
 62
40
420
16760576
  6
BYLAYER
 38
0
 90
10
 70
0
 10
146.311056
 20
100.167712
 10
146.311056
 20
100.654545
 10
146.311056
 20
101.141379
 10
146.099389
 20
101.141379
 10
146.099389
 20
100.654545
 10
145.887722
 20
100.421712
 10
146.099389
 20
100.167712
 10
146.099389
 20
99.934879
 10
145.887722
 20
99.934879
 10
146.099389
 20
99.934879
  0
LWPOLYLINE
  5
6FC
100
AcDbEntity
  8
0
100
AcDbPolyline
 62
40
420
16760576
  6
BYLAYER
 38
0
 90
2
 70
0
 10
146.311056
 20
99.934879
 10
146.099389
 20
99.934879
  0
LWPOLYLINE
  5
6FD
100
AcDbEntity
  8
0
100
AcDbPolyline
 62
40
420
16760576
  6
BYLAYER
 38
0
 90
2
 70
0
 10
146.311056
 20
99.934879
 10
146.311056
 20
100.167712
  0
LWPOLYLINE
  5
6FE
100
AcDbEntity
  8
0
100
AcDbPolyline
 62
40
420
16760576
  6
BYLAYER
 38
0
 90
6
 70
0
 10
145.676056
 20
100.887379
 10
145.676056
 20
101.141379
 10
145.443222
 20
101.141379
 10
145.443222
 20
100.887379
 10
145.443222
 20
100.654545
 10
145.443222
 20
99.934879
  0
LWPOLYLINE
  5
6FF
100
AcDbEntity
  8
0
100
AcDbPolyline
 62
40
420
16760576
  6
BYLAYER
 38
0
 90
2
 70
0
 10
145.676056
 20
99.934879
 10
145.443222
 20
99.934879
  0
LWPOLYLINE
  5
700
100
AcDbEntity
  8
0
100
AcDbPolyline
 62
40
420
16760576
  6
BYLAYER
 38
0
 90
6
 70
0
 10
145.676056
 20
99.934879
 10
145.887722
 20
99.934879
 10
145.676056
 20
99.934879
 10
145.676056
 20
100.654545
 10
145.887722
 20
100.654545
 10
145.676056
 20
100.887379
  0
LWPOLYLINE
  5
701
100
AcDbEntity
  8
0
100
AcDbPolyline
 62
40
420
16760576
  6
BYLAYER
 38
0
 90
3
 70
0
 10
145.676056
 20
100.654545
 10
145.887722
 20
100.654545
 10
145.676056
 20
100.887379
  0
LWPOLYLINE
  5
702
100
AcDbEntity
  8
0
100
AcDbPolyline
 62
40
420
16760576
  6
BYLAYER
 38
0
 90
3
 70
1
 10
147.178889
 20
100.421712
 10
147.390556
 20
100.421712
 10
147.178889
 20
100.654545
  0
LWPOLYLINE
  5
703
100
AcDbEntity
  8
0
100
AcDbPolyline
 62
40
420
16760576
  6
BYLAYER
 38
0
 90
3
 70
1
 10
146.734389
 20
100.654545
 10
146.734389
 20
100.887379
 10
146.522722
 20
100.654545
  0
HATCH
  5
704
100
AcDbEntity
  8
0
100
AcDbHatch
370
-1
 62
40
420
16760576
 10
0
 20
0
 30
0
210
0
220
0
230
1
  2
SOLID
 70
1
 71
0
 91
1
 92
3
 72
0
 73
1
 93
4
 10
146.501556
 20
100.887379
 10
146.501556
 20
100.866213
 10
146.522722
 20
100.866213
 10
146.522722
 20
100.887379
 97
0
 75
0
 76
1
 98
0
  0
LWPOLYLINE
  5
705
100
AcDbEntity
  8
0
100
AcDbPolyline
 62
40
420
16760576
  6
BYLAYER
 38
0
 90
2
 70
0
 10
147.390556
 20
100.167712
 10
147.390556
 20
100.654545
  0
LWPOLYLINE
  5
706
100
AcDbEntity
  8
0
100
AcDbPolyline
 62
40
420
16760576
  6
BYLAYER
 38
0
 90
7
 70
0
 10
147.390556
 20
100.167712
 10
147.390556
 20
100.654545
 10
147.390556
 20
101.141379
 10
147.178889
 20
101.141379
 10
147.178889
 20
100.654545
 10
147.178889
 20
100.167712
 10
147.178889
 20
99.934879
  0
LWPOLYLINE
  5
707
100
AcDbEntity
  8
0
100
AcDbPolyline
 62
40
420
16760576
  6
BYLAYER
 38
0
 90
2
 70
0
 10
147.390556
 20
99.934879
 10
147.178889
 20
99.934879
  0
LWPOLYLINE
  5
708
100
AcDbEntity
  8
0
100
AcDbPolyline
 62
40
420
16760576
  6
BYLAYER
 38
0
 90
2
 70
0
 10
147.390556
 20
99.934879
 10
147.390556
 20
100.167712
  0
LWPOLYLINE
  5
709
100
AcDbEntity
  8
0
100
AcDbPolyline
 62
40
420
16760576
  6
BYLAYER
 38
0
 90
6
 70
0
 10
146.734389
 20
100.887379
 10
146.734389
 20
101.141379
 10
146.522722
 20
101.141379
 10
146.522722
 20
100.887379
 10
146.522722
 20
100.654545
 10
146.522722
 20
99.934879
  0
LWPOLYLINE
  5
70A
100
AcDbEntity
  8
0
100
AcDbPolyline
 62
40
420
16760576
  6
BYLAYER
 38
0
 90
2
 70
0
 10
146.734389
 20
99.934879
 10
146.522722
 20
99.934879
  0
LWPOLYLINE
  5
70B
100
AcDbEntity
  8
0
100
AcDbPolyline
 62
40
420
16760576
  6
BYLAYER
 38
0
 90
6
 70
0
 10
146.734389
 20
99.934879
 10
146.946056
 20
99.934879
 10
146.734389
 20
99.934879
 10
146.734389
 20
100.654545
 10
146.946056
 20
100.654545
 10
146.734389
 20
100.887379
  0
LWPOLYLINE
  5
70C
100
AcDbEntity
  8
0
100
AcDbPolyline
 62
40
420
16760576
  6
BYLAYER
 38
0
 90
3
 70
0
 10
146.734389
 20
100.654545
 10
146.946056
 20
100.654545
 10
146.734389
 20
100.887379
  0
LWPOLYLINE
  5
70D
100
AcDbEntity
  8
0
100
AcDbPolyline
 62
40
420
16760576
  6
BYLAYER
 38
0
 90
3
 70
1
 10
148.237222
 20
100.421712
 10
148.470056
 20
100.421712
 10
148.237222
 20
100.654545
  0
LWPOLYLINE
  5
70E
100
AcDbEntity
  8
0
100
AcDbPolyline
 62
40
420
16760576
  6
BYLAYER
 38
0
 90
3
 70
1
 10
147.813889
 20
100.654545
 10
147.813889
 20
100.887379
 10
147.602222
 20
100.654545
  0
HATCH
  5
70F
100
AcDbEntity
  8
0
100
AcDbHatch
370
-1
 62
40
420
16760576
 10
0
 20
0
 30
0
210
0
220
0
230
1
  2
SOLID
 70
1
 71
0
 91
1
 92
3
 72
0
 73
1
 93
4
 10
147.581056
 20
100.887379
 10
147.581056
 20
100.866213
 10
147.602222
 20
100.866213
 10
147.602222
 20
100.887379
 97
0
 75
0
 76
1
 98
0
  0
LWPOLYLINE
  5
710
100
AcDbEntity
  8
0
100
AcDbPolyline
 62
40
420
16760576
  6
BYLAYER
 38
0
 90
2
 70
0
 10
148.470056
 20
100.167712
 10
148.470056
 20
100.654545
  0
LWPOLYLINE
  5
711
100
AcDbEntity
  8
0
100
AcDbPolyline
 62
40
420
16760576
  6
BYLAYER
 38
0
 90
7
 70
0
 10
148.470056
 20
100.167712
 10
148.470056
 20
100.654545
 10
148.470056
 20
101.141379
 10
148.237222
 20
101.141379
 10
148.237222
 20
100.654545
 10
148.237222
 20
100.167712
 10
148.237222
 20
99.934879
  0
LWPOLYLINE
  5
712
100
AcDbEntity
  8
0
100
AcDbPolyline
 62
40
420
16760576
  6
BYLAYER
 38
0
 90
2
 70
0
 10
148.470056
 20
99.934879
 10
148.237222
 20
99.934879
  0
LWPOLYLINE
  5
713
100
AcDbEntity
  8
0
100
AcDbPolyline
 62
40
420
16760576
  6
BYLAYER
 38
0
 90
2
 70
0
 10
148.470056
 20
99.934879
 10
148.470056
 20
100.167712
  0
LWPOLYLINE
  5
714
100
AcDbEntity
  8
0
100
AcDbPolyline
 62
40
420
16760576
  6
BYLAYER
 38
0
 90
6
 70
0
 10
148.025556
 20
100.887379
 10
148.025556
 20
101.141379
 10
147.602222
 20
101.141379
 10
147.602222
 20
100.887379
 10
147.602222
 20
100.654545
 10
147.602222
 20
99.934879
  0
LWPOLYLINE
  5
715
100
AcDbEntity
  8
0
100
AcDbPolyline
 62
40
420
16760576
  6
BYLAYER
 38
0
 90
2
 70
0
 10
147.813889
 20
99.934879
 10
147.602222
 20
99.934879
  0
LWPOLYLINE
  5
716
100
AcDbEntity
  8
0
100
AcDbPolyline
 62
40
420
16760576
  6
BYLAYER
 38
0
 90
4
 70
0
 10
147.813889
 20
99.934879
 10
148.025556
 20
99.934879
 10
148.025556
 20
100.654545
 10
148.025556
 20
100.887379
  0
LWPOLYLINE
  5
717
100
AcDbEntity
  8
0
100
AcDbPolyline
 62
40
420
16760576
  6
BYLAYER
 38
0
 90
2
 70
0
 10
148.025556
 20
100.654545
 10
148.025556
 20
100.887379
  0
LWPOLYLINE
  5
718
100
AcDbEntity
  8
0
100
AcDbPolyline
 62
40
420
16760576
  6
BYLAYER
 38
0
 90
3
 70
1
 10
149.316722
 20
100.421712
 10
149.528389
 20
100.421712
 10
149.316722
 20
100.654545
  0
LWPOLYLINE
  5
719
100
AcDbEntity
  8
0
100
AcDbPolyline
 62
40
420
16760576
  6
BYLAYER
 38
0
 90
3
 70
1
 10
148.893389
 20
100.654545
 10
148.893389
 20
100.887379
 10
148.681722
 20
100.654545
  0
HATCH
  5
71A
100
AcDbEntity
  8
0
100
AcDbHatch
370
-1
 62
40
420
16760576
 10
0
 20
0
 30
0
210
0
220
0
230
1
  2
SOLID
 70
1
 71
0
 91
1
 92
3
 72
0
 73
1
 93
4
 10
148.660556
 20
100.887379
 10
148.660556
 20
100.866213
 10
148.681722
 20
100.866213
 10
148.681722
 20
100.887379
 97
0
 75
0
 76
1
 98
0
  0
LWPOLYLINE
  5
71B
100
AcDbEntity
  8
0
100
AcDbPolyline
 62
40
420
16760576
  6
BYLAYER
 38
0
 90
2
 70
0
 10
149.528389
 20
100.167712
 10
149.528389
 20
100.654545
  0
LWPOLYLINE
  5
71C
100
AcDbEntity
  8
0
100
AcDbPolyline
 62
40
420
16760576
  6
BYLAYER
 38
0
 90
7
 70
0
 10
149.528389
 20
100.167712
 10
149.528389
 20
100.654545
 10
149.528389
 20
101.141379
 10
149.316722
 20
101.141379
 10
149.316722
 20
100.654545
 10
149.316722
 20
100.167712
 10
149.316722
 20
99.934879
  0
LWPOLYLINE
  5
71D
100
AcDbEntity
  8
0
100
AcDbPolyline
 62
40
420
16760576
  6
BYLAYER
 38
0
 90
2
 70
0
 10
149.528389
 20
99.934879
 10
149.316722
 20
99.934879
  0
LWPOLYLINE
  5
71E
100
AcDbEntity
  8
0
100
AcDbPolyline
 62
40
420
16760576
  6
BYLAYER
 38
0
 90
2
 70
0
 10
149.528389
 20
99.934879
 10
149.528389
 20
100.167712
  0
LWPOLYLINE
  5
71F
100
AcDbEntity
  8
0
100
AcDbPolyline
 62
40
420
16760576
  6
BYLAYER
 38
0
 90
6
 70
0
 10
149.105056
 20
100.887379
 10
149.105056
 20
101.141379
 10
148.681722
 20
101.141379
 10
148.681722
 20
100.887379
 10
148.681722
 20
100.654545
 10
148.681722
 20
99.934879
  0
LWPOLYLINE
  5
720
100
AcDbEntity
  8
0
100
AcDbPolyline
 62
40
420
16760576
  6
BYLAYER
 38
0
 90
2
 70
0
 10
148.893389
 20
99.934879
 10
148.681722
 20
99.934879
  0
LWPOLYLINE
  5
721
100
AcDbEntity
  8
0
100
AcDbPolyline
 62
40
420
16760576
  6
BYLAYER
 38
0
 90
4
 70
0
 10
148.893389
 20
99.934879
 10
149.105056
 20
99.934879
 10
149.105056
 20
100.654545
 10
149.105056
 20
100.887379
  0
LWPOLYLINE
  5
722
100
AcDbEntity
  8
0
100
AcDbPolyline
 62
40
420
16760576
  6
BYLAYER
 38
0
 90
2
 70
0
 10
149.105056
 20
100.654545
 10
149.105056
 20
100.887379
  0
LWPOLYLINE
  5
723
100
AcDbEntity
  8
0
100
AcDbPolyline
 62
40
420
16760576
  6
BYLAYER
 38
0
 90
3
 70
1
 10
150.396222
 20
100.421712
 10
150.607889
 20
100.421712
 10
150.396222
 20
100.654545
  0
LWPOLYLINE
  5
724
100
AcDbEntity
  8
0
100
AcDbPolyline
 62
40
420
16760576
  6
BYLAYER
 38
0
 90
3
 70
1
 10
149.972889
 20
100.654545
 10
149.972889
 20
100.887379
 10
149.740056
 20
100.654545
  0
HATCH
  5
725
100
AcDbEntity
  8
0
100
AcDbHatch
370
-1
 62
40
420
16760576
 10
0
 20
0
 30
0
210
0
220
0
230
1
  2
SOLID
 70
1
 71
0
 91
1
 92
3
 72
0
 73
1
 93
4
 10
149.740056
 20
100.887379
 10
149.740056
 20
100.866213
 10
149.761222
 20
100.866213
 10
149.761222
 20
100.887379
 97
0
 75
0
 76
1
 98
0
  0
LWPOLYLINE
  5
726
100
AcDbEntity
  8
0
100
AcDbPolyline
 62
40
420
16760576
  6
BYLAYER
 38
0
 90
2
 70
0
 10
150.607889
 20
100.167712
 10
150.607889
 20
100.654545
  0
LWPOLYLINE
  5
727
100
AcDbEntity
  8
0
100
AcDbPolyline
 62
40
420
16760576
  6
BYLAYER
 38
0
 90
7
 70
0
 10
150.607889
 20
100.167712
 10
150.607889
 20
100.654545
 10
150.607889
 20
101.141379
 10
150.396222
 20
101.141379
 10
150.396222
 20
100.654545
 10
150.396222
 20
100.167712
 10
150.396222
 20
99.934879
  0
LWPOLYLINE
  5
728
100
AcDbEntity
  8
0
100
AcDbPolyline
 62
40
420
16760576
  6
BYLAYER
 38
0
 90
2
 70
0
 10
150.607889
 20
99.934879
 10
150.396222
 20
99.934879
  0
LWPOLYLINE
  5
729
100
AcDbEntity
  8
0
100
AcDbPolyline
 62
40
420
16760576
  6
BYLAYER
 38
0
 90
2
 70
0
 10
150.607889
 20
99.934879
 10
150.607889
 20
100.167712
  0
LWPOLYLINE
  5
72A
100
AcDbEntity
  8
0
100
AcDbPolyline
 62
40
420
16760576
  6
BYLAYER
 38
0
 90
6
 70
0
 10
150.184556
 20
100.887379
 10
150.184556
 20
101.141379
 10
149.761222
 20
101.141379
 10
149.761222
 20
100.887379
 10
149.761222
 20
100.654545
 10
149.761222
 20
99.934879
  0
LWPOLYLINE
  5
72B
100
AcDbEntity
  8
0
100
AcDbPolyline
 62
40
420
16760576
  6
BYLAYER
 38
0
 90
2
 70
0
 10
149.972889
 20
99.934879
 10
149.761222
 20
99.934879
  0
LWPOLYLINE
  5
72C
100
AcDbEntity
  8
0
100
AcDbPolyline
 62
40
420
16760576
  6
BYLAYER
 38
0
 90
4
 70
0
 10
149.972889
 20
99.934879
 10
150.184556
 20
99.934879
 10
150.184556
 20
100.654545
 10
150.184556
 20
100.887379
  0
LWPOLYLINE
  5
72D
100
AcDbEntity
  8
0
100
AcDbPolyline
 62
40
420
16760576
  6
BYLAYER
 38
0
 90
2
 70
0
 10
150.184556
 20
100.654545
 10
150.184556
 20
100.887379
  0
LWPOLYLINE
  5
72E
100
AcDbEntity
  8
0
100
AcDbPolyline
 62
40
420
16760576
  6
BYLAYER
 38
0
 90
3
 70
1
 10
150.396222
 20
100.421712
 10
150.607889
 20
100.421712
 10
150.396222
 20
100.654545
  0
LWPOLYLINE
  5
72F
100
AcDbEntity
  8
0
100
AcDbPolyline
 62
40
420
16760576
  6
BYLAYER
 38
0
 90
3
 70
1
 10
149.972889
 20
100.654545
 10
149.972889
 20
100.887379
 10
149.740056
 20
100.654545
  0
LWPOLYLINE
  5
730
100
AcDbEntity
  8
0
100
AcDbPolyline
 62
2
420
16776960
  6
BYLAYER
 38
0
 90
3
 70
1
 10
150.396222
 20
100.421712
 10
150.607889
 20
100.421712
 10
150.396222
 20
100.654545
  0
LWPOLYLINE
  5
731
100
AcDbEntity
  8
0
100
AcDbPolyline
 62
2
420
16776960
  6
BYLAYER
 38
0
 90
3
 70
1
 10
149.761222
 20
100.654545
 10
149.972889
 20
100.654545
 10
149.972889
 20
100.887379
  0
LWPOLYLINE
  5
732
100
AcDbEntity
  8
0
100
AcDbPolyline
 62
40
420
16760576
  6
BYLAYER
 38
0
 90
2
 70
0
 10
151.475722
 20
102.813545
 10
151.475722
 20
102.093879
  0
LWPOLYLINE
  5
733
100
AcDbEntity
  8
0
100
AcDbPolyline
 62
40
420
16760576
  6
BYLAYER
 38
0
 90
2
 70
0
 10
151.475722
 20
100.421712
 10
151.264056
 20
99.934879
  0
LWPOLYLINE
  5
734
100
AcDbEntity
  8
0
100
AcDbPolyline
 62
40
420
16760576
  6
BYLAYER
 38
0
 90
2
 70
0
 10
143.940389
 20
99.934879
 10
143.517056
 20
100.421712
  0
LWPOLYLINE
  5
735
100
AcDbEntity
  8
0
100
AcDbPolyline
 62
40
420
16760576
  6
BYLAYER
 38
0
 90
2
 70
0
 10
151.475722
 20
100.421712
 10
151.475722
 20
102.093879
  0
LWPOLYLINE
  5
736
100
AcDbEntity
  8
0
100
AcDbPolyline
 62
40
420
16760576
  6
BYLAYER
 38
0
 90
2
 70
0
 10
150.607889
 20
99.934879
 10
151.264056
 20
99.934879
  0
LWPOLYLINE
  5
737
100
AcDbEntity
  8
0
100
AcDbPolyline
 62
40
420
16760576
  6
BYLAYER
 38
0
 90
2
 70
0
 10
149.972889
 20
99.934879
 10
150.396222
 20
99.934879
  0
LWPOLYLINE
  5
738
100
AcDbEntity
  8
0
100
AcDbPolyline
 62
40
420
16760576
  6
BYLAYER
 38
0
 90
2
 70
0
 10
149.528389
 20
99.934879
 10
149.761222
 20
99.934879
  0
LWPOLYLINE
  5
739
100
AcDbEntity
  8
0
100
AcDbPolyline
 62
40
420
16760576
  6
BYLAYER
 38
0
 90
2
 70
0
 10
148.893389
 20
99.934879
 10
149.316722
 20
99.934879
  0
LWPOLYLINE
  5
73A
100
AcDbEntity
  8
0
100
AcDbPolyline
 62
40
420
16760576
  6
BYLAYER
 38
0
 90
2
 70
0
 10
148.470056
 20
99.934879
 10
148.681722
 20
99.934879
  0
LWPOLYLINE
  5
73B
100
AcDbEntity
  8
0
100
AcDbPolyline
 62
40
420
16760576
  6
BYLAYER
 38
0
 90
2
 70
0
 10
147.813889
 20
99.934879
 10
148.237222
 20
99.934879
  0
LWPOLYLINE
  5
73C
100
AcDbEntity
  8
0
100
AcDbPolyline
 62
40
420
16760576
  6
BYLAYER
 38
0
 90
2
 70
0
 10
147.390556
 20
99.934879
 10
147.602222
 20
99.934879
  0
LWPOLYLINE
  5
73D
100
AcDbEntity
  8
0
100
AcDbPolyline
 62
40
420
16760576
  6
BYLAYER
 38
0
 90
2
 70
0
 10
146.734389
 20
99.934879
 10
147.178889
 20
99.934879
  0
LWPOLYLINE
  5
73E
100
AcDbEntity
  8
0
100
AcDbPolyline
 62
40
420
16760576
  6
BYLAYER
 38
0
 90
2
 70
0
 10
146.311056
 20
99.934879
 10
146.522722
 20
99.934879
  0
LWPOLYLINE
  5
73F
100
AcDbEntity
  8
0
100
AcDbPolyline
 62
40
420
16760576
  6
BYLAYER
 38
0
 90
2
 70
0
 10
145.676056
 20
99.934879
 10
146.099389
 20
99.934879
  0
LWPOLYLINE
  5
740
100
AcDbEntity
  8
0
100
AcDbPolyline
 62
40
420
16760576
  6
BYLAYER
 38
0
 90
2
 70
0
 10
145.231556
 20
99.934879
 10
145.443222
 20
99.934879
  0
LWPOLYLINE
  5
741
100
AcDbEntity
  8
0
100
AcDbPolyline
 62
40
420
16760576
  6
BYLAYER
 38
0
 90
2
 70
0
 10
144.596556
 20
99.934879
 10
145.019889
 20
99.934879
  0
LWPOLYLINE
  5
742
100
AcDbEntity
  8
0
100
AcDbPolyline
 62
40
420
16760576
  6
BYLAYER
 38
0
 90
2
 70
0
 10
143.940389
 20
99.934879
 10
144.384889
 20
99.934879
  0
LWPOLYLINE
  5
743
100
AcDbEntity
  8
0
100
AcDbPolyline
 62
40
420
16760576
  6
BYLAYER
 38
0
 90
2
 70
0
 10
155.560889
 20
111.661212
 10
155.560889
 20
107.830045
  0
LWPOLYLINE
  5
744
100
AcDbEntity
  8
0
100
AcDbPolyline
 62
40
420
16760576
  6
BYLAYER
 38
0
 90
3
 70
0
 10
154.904722
 20
106.877545
 10
155.349222
 20
107.343212
 10
155.560889
 20
107.830045
  0
LWPOLYLINE
  5
745
100
AcDbEntity
  8
0
100
AcDbPolyline
 62
40
420
16760576
  6
BYLAYER
 38
0
 90
5
 70
0
 10
154.904722
 20
106.877545
 10
152.322389
 20
105.925045
 10
151.687389
 20
105.438212
 10
151.475722
 20
104.718545
 10
151.475722
 20
102.813545
  0
LWPOLYLINE
  5
746
100
AcDbEntity
  8
0
100
AcDbPolyline
 62
1
420
16711680
  6
BYLAYER
 38
0
 90
2
 70
0
 10
187.797722
 20
110.941545
 10
199.608722
 20
110.941545
  0
LWPOLYLINE
  5
747
100
AcDbEntity
  8
0
100
AcDbPolyline
 62
1
420
16711680
  6
BYLAYER
 38
0
 90
2
 70
0
 10
187.797722
 20
111.661212
 10
199.608722
 20
111.661212
  0
LWPOLYLINE
  5
748
100
AcDbEntity
  8
0
100
AcDbPolyline
 62
1
420
16711680
  6
BYLAYER
 38
0
 90
2
 70
0
 10
199.397056
 20
112.380879
 10
199.397056
 20
113.100545
  0
LWPOLYLINE
  5
749
100
AcDbEntity
  8
0
100
AcDbPolyline
 62
1
420
16711680
  6
BYLAYER
 38
0
 90
2
 70
0
 10
199.397056
 20
110.221879
 10
199.397056
 20
107.343212
  0
HATCH
  5
74A
100
AcDbEntity
  8
0
100
AcDbHatch
370
-1
 62
1
420
16711680
 10
0
 20
0
 30
0
210
0
220
0
230
1
  2
SOLID
 70
1
 71
0
 91
1
 92
3
 72
0
 73
1
 93
3
 10
199.397056
 20
112.380879
 10
199.185389
 20
112.380879
 10
199.397056
 20
111.661212
 97
0
 75
0
 76
1
 98
0
  0
LWPOLYLINE
  5
74B
100
AcDbEntity
  8
0
100
AcDbPolyline
 62
1
420
16711680
  6
BYLAYER
 38
0
 90
3
 70
1
 10
199.397056
 20
112.378409
 10
199.185404
 20
112.378409
 10
199.397056
 20
111.658544
  0
HATCH
  5
74C
100
AcDbEntity
  8
0
100
AcDbHatch
370
-1
 62
1
420
16711680
 10
0
 20
0
 30
0
210
0
220
0
230
1
  2
SOLID
 70
1
 71
0
 91
1
 92
3
 72
0
 73
1
 93
3
 10
199.397056
 20
110.221879
 10
199.185389
 20
110.221879
 10
199.397056
 20
110.941545
 97
0
 75
0
 76
1
 98
0
  0
LWPOLYLINE
  5
74D
100
AcDbEntity
  8
0
100
AcDbPolyline
 62
1
420
16711680
  6
BYLAYER
 38
0
 90
3
 70
1
 10
199.397056
 20
110.219409
 10
199.185404
 20
110.219409
 10
199.397056
 20
110.939275
  0
HATCH
  5
74E
100
AcDbEntity
  8
0
100
AcDbHatch
370
-1
 62
1
420
16711680
 10
0
 20
0
 30
0
210
0
220
0
230
1
  2
SOLID
 70
1
 71
0
 91
1
 92
3
 72
0
 73
1
 93
4
 10
198.973722
 20
107.110379
 10
198.973722
 20
104.485712
 10
199.841563
 20
104.485712
 10
199.841563
 20
107.110379
 97
0
 75
0
 76
1
 98
0
  0
HATCH
  5
74F
100
AcDbEntity
  8
0
100
AcDbHatch
370
-1
 62
1
420
16711680
 10
0
 20
0
 30
0
210
0
220
0
230
1
  2
SOLID
 70
1
 71
0
 91
1
 92
3
 72
0
 73
1
 93
4
 10
187.564889
 20
110.941545
 10
187.564889
 20
110.920379
 10
187.586076
 20
110.920379
 10
187.586076
 20
110.941545
 97
0
 75
0
 76
1
 98
0
  0
HATCH
  5
750
100
AcDbEntity
  8
0
100
AcDbHatch
370
-1
 62
1
420
16711680
 10
0
 20
0
 30
0
210
0
220
0
230
1
  2
SOLID
 70
1
 71
0
 91
1
 92
3
 72
0
 73
1
 93
4
 10
187.564889
 20
111.661212
 10
187.564889
 20
111.640046
 10
187.586076
 20
111.640046
 10
187.586076
 20
111.661212
 97
0
 75
0
 76
1
 98
0
  0
HATCH
  5
751
100
AcDbEntity
  8
0
100
AcDbHatch
370
-1
 62
1
420
16711680
 10
0
 20
0
 30
0
210
0
220
0
230
1
  2
SOLID
 70
1
 71
0
 91
1
 92
3
 72
0
 73
1
 93
4
 10
199.375889
 20
111.661212
 10
199.375889
 20
111.640046
 10
199.397055
 20
111.640046
 10
199.397055
 20
111.661212
 97
0
 75
0
 76
1
 98
0
  0
HATCH
  5
752
100
AcDbEntity
  8
0
100
AcDbHatch
370
-1
 62
40
420
16760576
 10
0
 20
0
 30
0
210
0
220
0
230
1
  2
SOLID
 70
1
 71
0
 91
1
 92
3
 72
0
 73
1
 93
4
 10
121.143889
 20
99.934879
 10
121.143889
 20
99.913713
 10
121.165065
 20
99.913713
 10
121.165065
 20
99.934879
 97
0
 75
0
 76
1
 98
0
  0
LWPOLYLINE
  5
753
100
AcDbEntity
  8
0
100
AcDbPolyline
 62
40
420
16760576
  6
BYLAYER
 38
0
 90
4
 70
1
 10
96.230722
 20
100.887379
 10
96.230722
 20
100.654556
 10
96.442392
 20
100.654556
 10
96.442392
 20
100.887379
  0
LWPOLYLINE
  5
754
100
AcDbEntity
  8
0
100
AcDbPolyline
 62
40
420
16760576
  6
BYLAYER
 38
0
 90
4
 70
1
 10
95.151222
 20
100.887379
 10
95.151222
 20
100.654556
 10
95.362892
 20
100.654556
 10
95.362892
 20
100.887379
  0
LWPOLYLINE
  5
755
100
AcDbEntity
  8
0
100
AcDbPolyline
 62
40
420
16760576
  6
BYLAYER
 38
0
 90
3
 70
1
 10
93.648389
 20
100.421712
 10
93.648389
 20
100.654545
 10
93.436722
 20
100.421712
  0
LWPOLYLINE
  5
756
100
AcDbEntity
  8
0
100
AcDbPolyline
 62
40
420
16760576
  6
BYLAYER
 38
0
 90
4
 70
1
 10
94.071722
 20
100.887379
 10
94.071722
 20
100.654556
 10
94.304556
 20
100.654556
 10
94.304556
 20
100.887379
  0
LWPOLYLINE
  5
757
100
AcDbEntity
  8
0
100
AcDbPolyline
 62
40
420
16760576
  6
BYLAYER
 38
0
 90
3
 70
1
 10
92.568889
 20
100.421712
 10
92.568889
 20
100.654545
 10
92.357222
 20
100.421712
  0
LWPOLYLINE
  5
758
100
AcDbEntity
  8
0
100
AcDbPolyline
 62
40
420
16760576
  6
BYLAYER
 38
0
 90
4
 70
1
 10
93.013389
 20
100.887379
 10
93.013389
 20
100.654556
 10
93.225059
 20
100.654556
 10
93.225059
 20
100.887379
  0
LWPOLYLINE
  5
759
100
AcDbEntity
  8
0
100
AcDbPolyline
 62
40
420
16760576
  6
BYLAYER
 38
0
 90
3
 70
1
 10
91.510556
 20
100.421712
 10
91.510556
 20
100.654545
 10
91.277722
 20
100.421712
  0
LWPOLYLINE
  5
75A
100
AcDbEntity
  8
0
100
AcDbPolyline
 62
40
420
16760576
  6
BYLAYER
 38
0
 90
4
 70
1
 10
91.933889
 20
100.887379
 10
91.933889
 20
100.654556
 10
92.145559
 20
100.654556
 10
92.145559
 20
100.887379
  0
LWPOLYLINE
  5
75B
100
AcDbEntity
  8
0
100
AcDbPolyline
 62
40
420
16760576
  6
BYLAYER
 38
0
 90
3
 70
1
 10
90.431056
 20
100.421712
 10
90.431056
 20
100.654545
 10
90.219389
 20
100.421712
  0
LWPOLYLINE
  5
75C
100
AcDbEntity
  8
0
100
AcDbPolyline
 62
40
420
16760576
  6
BYLAYER
 38
0
 90
4
 70
1
 10
90.854389
 20
100.887379
 10
90.854389
 20
100.654556
 10
91.066059
 20
100.654556
 10
91.066059
 20
100.887379
  0
LWPOLYLINE
  5
75D
100
AcDbEntity
  8
0
100
AcDbPolyline
 62
40
420
16760576
  6
BYLAYER
 38
0
 90
3
 70
1
 10
90.431056
 20
100.421712
 10
90.431056
 20
100.654545
 10
90.219389
 20
100.421712
  0
LWPOLYLINE
  5
75E
100
AcDbEntity
  8
0
100
AcDbPolyline
 62
40
420
16760576
  6
BYLAYER
 38
0
 90
4
 70
1
 10
90.854389
 20
100.887379
 10
90.854389
 20
100.654556
 10
91.066059
 20
100.654556
 10
91.066059
 20
100.887379
  0
MTEXT
  5
75F
100
AcDbEntity
  8
0
100
AcDbMText
370
-1
 62
3
420
65280
 10
72.164372
 20
108.316851
 30
0
 40
0.925739
  1
{\fSimSun|b0|i0|c0;(15.6)}
 50
-90
 41
0
  7
Standard
 71
7
 73
1
 44
1
  0
LWPOLYLINE
  5
760
100
AcDbEntity
  8
0
100
AcDbPolyline
 62
2
420
16776960
  6
BYLAYER
 38
0
 90
3
 70
1
 10
90.219389
 20
100.421712
 10
90.431056
 20
100.421712
 10
90.431056
 20
100.654545
  0
LWPOLYLINE
  5
761
100
AcDbEntity
  8
0
100
AcDbPolyline
 62
2
420
16776960
  6
BYLAYER
 38
0
 90
4
 70
1
 10
90.854389
 20
100.654545
 10
90.854389
 20
100.887379
 10
91.066056
 20
100.887379
 10
91.066056
 20
100.654545
  0
LWPOLYLINE
  5
762
100
AcDbEntity
  8
0
100
AcDbPolyline
 62
2
420
16776960
  6
BYLAYER
 38
0
 90
2
 70
0
 10
109.989056
 20
101.374212
 10
98.813056
 20
102.326712
  0
HATCH
  5
763
100
AcDbEntity
  8
0
100
AcDbHatch
370
-1
 62
2
420
16776960
 10
0
 20
0
 30
0
210
0
220
0
230
1
  2
SOLID
 70
1
 71
0
 91
1
 92
3
 72
0
 73
1
 93
3
 10
98.813056
 20
102.813545
 10
98.813056
 20
102.093879
 10
97.098556
 20
102.559545
 97
0
 75
0
 76
1
 98
0
  0
HATCH
  5
764
100
AcDbEntity
  8
0
100
AcDbHatch
370
-1
 62
7
 10
0
 20
0
 30
0
210
0
220
0
230
1
  2
SOLID
 70
1
 71
0
 91
1
 92
3
 72
0
 73
1
 93
4
 10
97.077389
 20
102.559545
 10
97.077389
 20
102.538379
 10
97.098555
 20
102.538379
 10
97.098555
 20
102.559545
 97
0
 75
0
 76
1
 98
0
  0
HATCH
  5
765
100
AcDbEntity
  8
0
100
AcDbHatch
370
-1
 62
7
 10
0
 20
0
 30
0
210
0
220
0
230
1
  2
SOLID
 70
1
 71
0
 91
1
 92
3
 72
0
 73
1
 93
4
 10
97.289056
 20
102.559545
 10
97.289056
 20
102.538379
 10
97.310222
 20
102.538379
 10
97.310222
 20
102.559545
 97
0
 75
0
 76
1
 98
0
  0
LWPOLYLINE
  5
766
100
AcDbEntity
  8
0
100
AcDbPolyline
 62
2
420
16776960
  6
BYLAYER
 38
0
 90
3
 70
1
 10
98.813056
 20
102.810723
 10
98.813056
 20
102.090858
 10
97.098443
 20
102.556872
  0
LWPOLYLINE
  5
767
100
AcDbEntity
  8
0
100
AcDbPolyline
 62
3
420
65280
  6
BYLAYER
 38
0
 90
2
 70
0
 10
89.351556
 20
99.934879
 10
89.351556
 20
94.431545
  0
LWPOLYLINE
  5
768
100
AcDbEntity
  8
0
100
AcDbPolyline
 62
3
420
65280
  6
BYLAYER
 38
0
 90
2
 70
0
 10
97.310222
 20
99.934879
 10
97.310222
 20
94.431545
  0
LWPOLYLINE
  5
769
100
AcDbEntity
  8
0
100
AcDbPolyline
 62
2
420
16776960
  6
BYLAYER
 38
0
 90
2
 70
0
 10
89.986556
 20
94.685545
 10
91.510556
 20
94.685545
  0
LWPOLYLINE
  5
76A
100
AcDbEntity
  8
0
100
AcDbPolyline
 62
2
420
16776960
  6
BYLAYER
 38
0
 90
2
 70
0
 10
96.654056
 20
94.685545
 10
94.939556
 20
94.685545
  0
HATCH
  5
76B
100
AcDbEntity
  8
0
100
AcDbHatch
370
-1
 62
2
420
16776960
 10
0
 20
0
 30
0
210
0
220
0
230
1
  2
SOLID
 70
1
 71
0
 91
1
 92
3
 72
0
 73
1
 93
3
 10
89.986556
 20
94.918379
 10
89.986556
 20
94.431545
 10
89.351556
 20
94.664379
 97
0
 75
0
 76
1
 98
0
  0
LWPOLYLINE
  5
76C
100
AcDbEntity
  8
0
100
AcDbPolyline
 62
2
420
16776960
  6
BYLAYER
 38
0
 90
3
 70
1
 10
89.986556
 20
94.915556
 10
89.986556
 20
94.428698
 10
89.351601
 20
94.661705
  0
HATCH
  5
76D
100
AcDbEntity
  8
0
100
AcDbHatch
370
-1
 62
2
420
16776960
 10
0
 20
0
 30
0
210
0
220
0
230
1
  2
SOLID
 70
1
 71
0
 91
1
 92
3
 72
0
 73
1
 93
3
 10
96.654056
 20
94.918379
 10
96.654056
 20
94.431545
 10
97.310222
 20
94.664379
 97
0
 75
0
 76
1
 98
0
  0
LWPOLYLINE
  5
76E
100
AcDbEntity
  8
0
100
AcDbPolyline
 62
2
420
16776960
  6
BYLAYER
 38
0
 90
3
 70
1
 10
96.654056
 20
94.915556
 10
96.654056
 20
94.428698
 10
97.310075
 20
94.661705
  0
HATCH
  5
76F
100
AcDbEntity
  8
0
100
AcDbHatch
370
-1
 62
3
420
65280
 10
0
 20
0
 30
0
210
0
220
0
230
1
  2
SOLID
 70
1
 71
0
 91
1
 92
3
 72
0
 73
1
 93
4
 10
91.510556
 20
95.151212
 10
91.510556
 20
94.198708
 10
94.939556
 20
94.198708
 10
94.939556
 20
95.151212
 97
0
 75
0
 76
1
 98
0
  0
HATCH
  5
770
100
AcDbEntity
  8
0
100
AcDbHatch
370
-1
 62
7
 10
0
 20
0
 30
0
210
0
220
0
230
1
  2
SOLID
 70
1
 71
0
 91
1
 92
3
 72
0
 73
1
 93
4
 10
89.330389
 20
100.421712
 10
89.330389
 20
100.400546
 10
89.351555
 20
100.400546
 10
89.351555
 20
100.421712
 97
0
 75
0
 76
1
 98
0
  0
HATCH
  5
771
100
AcDbEntity
  8
0
100
AcDbHatch
370
-1
 62
7
 10
0
 20
0
 30
0
210
0
220
0
230
1
  2
SOLID
 70
1
 71
0
 91
1
 92
3
 72
0
 73
1
 93
4
 10
97.289056
 20
100.421712
 10
97.289056
 20
100.400546
 10
97.310222
 20
100.400546
 10
97.310222
 20
100.421712
 97
0
 75
0
 76
1
 98
0
  0
HATCH
  5
772
100
AcDbEntity
  8
0
100
AcDbHatch
370
-1
 62
7
 10
0
 20
0
 30
0
210
0
220
0
230
1
  2
SOLID
 70
1
 71
0
 91
1
 92
3
 72
0
 73
1
 93
4
 10
97.289056
 20
94.685545
 10
97.289056
 20
94.664379
 10
97.310222
 20
94.664379
 10
97.310222
 20
94.685545
 97
0
 75
0
 76
1
 98
0
  0
LWPOLYLINE
  5
773
100
AcDbEntity
  8
0
100
AcDbPolyline
 62
40
420
16760576
  6
BYLAYER
 38
0
 90
2
 70
0
 10
89.351556
 20
102.813545
 10
89.351556
 20
102.093879
  0
LWPOLYLINE
  5
774
100
AcDbEntity
  8
0
100
AcDbPolyline
 62
40
420
16760576
  6
BYLAYER
 38
0
 90
2
 70
0
 10
89.351556
 20
100.421712
 10
89.774889
 20
99.934879
  0
LWPOLYLINE
  5
775
100
AcDbEntity
  8
0
100
AcDbPolyline
 62
40
420
16760576
  6
BYLAYER
 38
0
 90
2
 70
0
 10
97.098556
 20
99.934879
 10
97.310222
 20
100.421712
  0
LWPOLYLINE
  5
776
100
AcDbEntity
  8
0
100
AcDbPolyline
 62
40
420
16760576
  6
BYLAYER
 38
0
 90
2
 70
0
 10
89.351556
 20
100.421712
 10
89.351556
 20
102.093879
  0
LWPOLYLINE
  5
777
100
AcDbEntity
  8
0
100
AcDbPolyline
 62
40
420
16760576
  6
BYLAYER
 38
0
 90
2
 70
0
 10
90.219389
 20
99.934879
 10
89.774889
 20
99.934879
  0
LWPOLYLINE
  5
778
100
AcDbEntity
  8
0
100
AcDbPolyline
 62
40
420
16760576
  6
BYLAYER
 38
0
 90
2
 70
0
 10
90.854389
 20
99.934879
 10
90.431056
 20
99.934879
  0
LWPOLYLINE
  5
779
100
AcDbEntity
  8
0
100
AcDbPolyline
 62
40
420
16760576
  6
BYLAYER
 38
0
 90
2
 70
0
 10
91.277722
 20
99.934879
 10
91.066056
 20
99.934879
  0
LWPOLYLINE
  5
77A
100
AcDbEntity
  8
0
100
AcDbPolyline
 62
40
420
16760576
  6
BYLAYER
 38
0
 90
2
 70
0
 10
91.933889
 20
99.934879
 10
91.510556
 20
99.934879
  0
LWPOLYLINE
  5
77B
100
AcDbEntity
  8
0
100
AcDbPolyline
 62
40
420
16760576
  6
BYLAYER
 38
0
 90
2
 70
0
 10
92.357222
 20
99.934879
 10
92.145556
 20
99.934879
  0
LWPOLYLINE
  5
77C
100
AcDbEntity
  8
0
100
AcDbPolyline
 62
40
420
16760576
  6
BYLAYER
 38
0
 90
2
 70
0
 10
93.013389
 20
99.934879
 10
92.568889
 20
99.934879
  0
LWPOLYLINE
  5
77D
100
AcDbEntity
  8
0
100
AcDbPolyline
 62
40
420
16760576
  6
BYLAYER
 38
0
 90
2
 70
0
 10
93.436722
 20
99.934879
 10
93.225056
 20
99.934879
  0
LWPOLYLINE
  5
77E
100
AcDbEntity
  8
0
100
AcDbPolyline
 62
40
420
16760576
  6
BYLAYER
 38
0
 90
2
 70
0
 10
94.071722
 20
99.934879
 10
93.648389
 20
99.934879
  0
LWPOLYLINE
  5
77F
100
AcDbEntity
  8
0
100
AcDbPolyline
 62
40
420
16760576
  6
BYLAYER
 38
0
 90
2
 70
0
 10
94.516222
 20
99.934879
 10
94.304556
 20
99.934879
  0
LWPOLYLINE
  5
780
100
AcDbEntity
  8
0
100
AcDbPolyline
 62
40
420
16760576
  6
BYLAYER
 38
0
 90
2
 70
0
 10
95.151222
 20
99.934879
 10
94.727889
 20
99.934879
  0
LWPOLYLINE
  5
781
100
AcDbEntity
  8
0
100
AcDbPolyline
 62
40
420
16760576
  6
BYLAYER
 38
0
 90
2
 70
0
 10
95.574556
 20
99.934879
 10
95.362889
 20
99.934879
  0
LWPOLYLINE
  5
782
100
AcDbEntity
  8
0
100
AcDbPolyline
 62
40
420
16760576
  6
BYLAYER
 38
0
 90
2
 70
0
 10
96.230722
 20
99.934879
 10
95.807389
 20
99.934879
  0
LWPOLYLINE
  5
783
100
AcDbEntity
  8
0
100
AcDbPolyline
 62
40
420
16760576
  6
BYLAYER
 38
0
 90
2
 70
0
 10
97.098556
 20
99.934879
 10
96.442389
 20
99.934879
  0
HATCH
  5
784
100
AcDbEntity
  8
0
100
AcDbHatch
370
-1
 62
3
420
65280
 10
0
 20
0
 30
0
210
0
220
0
230
1
  2
SOLID
 70
1
 71
0
 91
1
 92
3
 72
0
 73
1
 93
4
 10
85.245222
 20
114.285879
 10
85.245222
 20
114.264713
 10
85.266388
 20
114.264713
 10
85.266388
 20
114.285879
 97
0
 75
0
 76
1
 98
0
  0
LWPOLYLINE
  5
785
100
AcDbEntity
  8
0
100
AcDbPolyline
 62
3
420
65280
  6
BYLAYER
 38
0
 90
2
 70
0
 10
98.813056
 20
114.518712
 10
98.601389
 20
114.518712
  0
LWPOLYLINE
  5
786
100
AcDbEntity
  8
0
100
AcDbPolyline
 62
3
420
65280
  6
BYLAYER
 38
0
 90
3
 70
0
 10
98.813056
 20
114.285879
 10
98.813056
 20
114.518712
 10
98.601389
 20
114.518712
  0
LWPOLYLINE
  5
787
100
AcDbEntity
  8
0
100
AcDbPolyline
 62
3
420
65280
  6
BYLAYER
 38
0
 90
2
 70
0
 10
98.813056
 20
114.285879
 10
98.813056
 20
114.518712
  0
LWPOLYLINE
  5
788
100
AcDbEntity
  8
0
100
AcDbPolyline
 62
3
420
65280
  6
BYLAYER
 38
0
 90
2
 70
0
 10
85.266389
 20
114.518712
 10
85.478056
 20
114.518712
  0
LWPOLYLINE
  5
789
100
AcDbEntity
  8
0
100
AcDbPolyline
 62
3
420
65280
  6
BYLAYER
 38
0
 90
2
 70
0
 10
85.266389
 20
114.518712
 10
85.478056
 20
114.518712
  0
LWPOLYLINE
  5
78A
100
AcDbEntity
  8
0
100
AcDbPolyline
 62
3
420
65280
  6
BYLAYER
 38
0
 90
2
 70
1
 10
85.266389
 20
114.285879
 10
85.266389
 20
114.518712
  0
LWPOLYLINE
  5
78B
100
AcDbEntity
  8
0
100
AcDbPolyline
 62
3
420
65280
  6
BYLAYER
 38
0
 90
2
 70
1
 10
98.601389
 20
114.772712
 10
98.601389
 20
114.053045
  0
LWPOLYLINE
  5
78C
100
AcDbEntity
  8
0
100
AcDbPolyline
 62
3
420
65280
  6
BYLAYER
 38
0
 90
2
 70
1
 10
98.601389
 20
114.772712
 10
98.601389
 20
114.053045
  0
LWPOLYLINE
  5
78D
100
AcDbEntity
  8
0
100
AcDbPolyline
 62
3
420
65280
  6
BYLAYER
 38
0
 90
2
 70
1
 10
98.368556
 20
114.772712
 10
98.368556
 20
114.053045
  0
LWPOLYLINE
  5
78E
100
AcDbEntity
  8
0
100
AcDbPolyline
 62
3
420
65280
  6
BYLAYER
 38
0
 90
2
 70
1
 10
98.368556
 20
114.772712
 10
98.368556
 20
114.053045
  0
LWPOLYLINE
  5
78F
100
AcDbEntity
  8
0
100
AcDbPolyline
 62
3
420
65280
  6
BYLAYER
 38
0
 90
4
 70
1
 10
98.156889
 20
114.053045
 10
98.156889
 20
114.772712
 10
98.368549
 20
114.772712
 10
98.368549
 20
114.053045
  0
LWPOLYLINE
  5
790
100
AcDbEntity
  8
0
100
AcDbPolyline
 62
3
420
65280
  6
BYLAYER
 38
0
 90
2
 70
1
 10
98.156889
 20
114.772712
 10
98.156889
 20
114.053045
  0
LWPOLYLINE
  5
791
100
AcDbEntity
  8
0
100
AcDbPolyline
 62
3
420
65280
  6
BYLAYER
 38
0
 90
4
 70
1
 10
97.945222
 20
114.053045
 10
97.945222
 20
114.772712
 10
98.156892
 20
114.772712
 10
98.156892
 20
114.053045
  0
LWPOLYLINE
  5
792
100
AcDbEntity
  8
0
100
AcDbPolyline
 62
3
420
65280
  6
BYLAYER
 38
0
 90
2
 70
1
 10
97.945222
 20
114.772712
 10
97.945222
 20
114.053045
  0
LWPOLYLINE
  5
793
100
AcDbEntity
  8
0
100
AcDbPolyline
 62
3
420
65280
  6
BYLAYER
 38
0
 90
4
 70
1
 10
97.733556
 20
114.053045
 10
97.733556
 20
114.772712
 10
97.945226
 20
114.772712
 10
97.945226
 20
114.053045
  0
LWPOLYLINE
  5
794
100
AcDbEntity
  8
0
100
AcDbPolyline
 62
3
420
65280
  6
BYLAYER
 38
0
 90
2
 70
1
 10
97.733556
 20
114.772712
 10
97.733556
 20
114.053045
  0
LWPOLYLINE
  5
795
100
AcDbEntity
  8
0
100
AcDbPolyline
 62
3
420
65280
  6
BYLAYER
 38
0
 90
2
 70
1
 10
97.733556
 20
114.772712
 10
97.733556
 20
114.053045
  0
LWPOLYLINE
  5
796
100
AcDbEntity
  8
0
100
AcDbPolyline
 62
3
420
65280
  6
BYLAYER
 38
0
 90
2
 70
1
 10
97.521889
 20
114.772712
 10
97.521889
 20
114.053045
  0
LWPOLYLINE
  5
797
100
AcDbEntity
  8
0
100
AcDbPolyline
 62
3
420
65280
  6
BYLAYER
 38
0
 90
2
 70
1
 10
97.521889
 20
114.772712
 10
97.521889
 20
114.053045
  0
LWPOLYLINE
  5
798
100
AcDbEntity
  8
0
100
AcDbPolyline
 62
3
420
65280
  6
BYLAYER
 38
0
 90
2
 70
1
 10
97.310222
 20
114.772712
 10
97.310222
 20
114.053045
  0
LWPOLYLINE
  5
799
100
AcDbEntity
  8
0
100
AcDbPolyline
 62
3
420
65280
  6
BYLAYER
 38
0
 90
2
 70
1
 10
97.310222
 20
114.772712
 10
97.310222
 20
114.053045
  0
LWPOLYLINE
  5
79A
100
AcDbEntity
  8
0
100
AcDbPolyline
 62
3
420
65280
  6
BYLAYER
 38
0
 90
2
 70
1
 10
97.098556
 20
114.772712
 10
97.098556
 20
114.053045
  0
LWPOLYLINE
  5
79B
100
AcDbEntity
  8
0
100
AcDbPolyline
 62
3
420
65280
  6
BYLAYER
 38
0
 90
2
 70
1
 10
97.098556
 20
114.772712
 10
97.098556
 20
114.053045
  0
LWPOLYLINE
  5
79C
100
AcDbEntity
  8
0
100
AcDbPolyline
 62
3
420
65280
  6
BYLAYER
 38
0
 90
4
 70
1
 10
96.865722
 20
114.053045
 10
96.865722
 20
114.772712
 10
97.098556
 20
114.772712
 10
97.098556
 20
114.053045
  0
LWPOLYLINE
  5
79D
100
AcDbEntity
  8
0
100
AcDbPolyline
 62
3
420
65280
  6
BYLAYER
 38
0
 90
2
 70
1
 10
96.865722
 20
114.772712
 10
96.865722
 20
114.053045
  0
LWPOLYLINE
  5
79E
100
AcDbEntity
  8
0
100
AcDbPolyline
 62
3
420
65280
  6
BYLAYER
 38
0
 90
4
 70
1
 10
96.654056
 20
114.053045
 10
96.654056
 20
114.772712
 10
96.865726
 20
114.772712
 10
96.865726
 20
114.053045
  0
LWPOLYLINE
  5
79F
100
AcDbEntity
  8
0
100
AcDbPolyline
 62
3
420
65280
  6
BYLAYER
 38
0
 90
2
 70
1
 10
96.654056
 20
114.772712
 10
96.654056
 20
114.053045
  0
LWPOLYLINE
  5
7A0
100
AcDbEntity
  8
0
100
AcDbPolyline
 62
3
420
65280
  6
BYLAYER
 38
0
 90
2
 70
1
 10
96.654056
 20
114.772712
 10
96.654056
 20
114.053045
  0
LWPOLYLINE
  5
7A1
100
AcDbEntity
  8
0
100
AcDbPolyline
 62
3
420
65280
  6
BYLAYER
 38
0
 90
2
 70
1
 10
96.442389
 20
114.772712
 10
96.442389
 20
114.053045
  0
LWPOLYLINE
  5
7A2
100
AcDbEntity
  8
0
100
AcDbPolyline
 62
3
420
65280
  6
BYLAYER
 38
0
 90
2
 70
1
 10
96.442389
 20
114.772712
 10
96.442389
 20
114.053045
  0
LWPOLYLINE
  5
7A3
100
AcDbEntity
  8
0
100
AcDbPolyline
 62
3
420
65280
  6
BYLAYER
 38
0
 90
2
 70
1
 10
96.230722
 20
114.772712
 10
96.230722
 20
114.053045
  0
LWPOLYLINE
  5
7A4
100
AcDbEntity
  8
0
100
AcDbPolyline
 62
3
420
65280
  6
BYLAYER
 38
0
 90
2
 70
1
 10
96.230722
 20
114.772712
 10
96.230722
 20
114.053045
  0
LWPOLYLINE
  5
7A5
100
AcDbEntity
  8
0
100
AcDbPolyline
 62
3
420
65280
  6
BYLAYER
 38
0
 90
2
 70
1
 10
96.019056
 20
114.772712
 10
96.019056
 20
114.053045
  0
LWPOLYLINE
  5
7A6
100
AcDbEntity
  8
0
100
AcDbPolyline
 62
3
420
65280
  6
BYLAYER
 38
0
 90
2
 70
1
 10
96.019056
 20
114.772712
 10
96.019056
 20
114.053045
  0
LWPOLYLINE
  5
7A7
100
AcDbEntity
  8
0
100
AcDbPolyline
 62
3
420
65280
  6
BYLAYER
 38
0
 90
4
 70
1
 10
95.807389
 20
114.053045
 10
95.807389
 20
114.772712
 10
96.019059
 20
114.772712
 10
96.019059
 20
114.053045
  0
LWPOLYLINE
  5
7A8
100
AcDbEntity
  8
0
100
AcDbPolyline
 62
3
420
65280
  6
BYLAYER
 38
0
 90
2
 70
1
 10
95.807389
 20
114.772712
 10
95.807389
 20
114.053045
  0
LWPOLYLINE
  5
7A9
100
AcDbEntity
  8
0
100
AcDbPolyline
 62
3
420
65280
  6
BYLAYER
 38
0
 90
4
 70
1
 10
95.574556
 20
114.053045
 10
95.574556
 20
114.772712
 10
95.807389
 20
114.772712
 10
95.807389
 20
114.053045
  0
LWPOLYLINE
  5
7AA
100
AcDbEntity
  8
0
100
AcDbPolyline
 62
3
420
65280
  6
BYLAYER
 38
0
 90
2
 70
1
 10
95.574556
 20
114.772712
 10
95.574556
 20
114.053045
  0
LWPOLYLINE
  5
7AB
100
AcDbEntity
  8
0
100
AcDbPolyline
 62
3
420
65280
  6
BYLAYER
 38
0
 90
4
 70
1
 10
95.362889
 20
114.053045
 10
95.362889
 20
114.772712
 10
95.574559
 20
114.772712
 10
95.574559
 20
114.053045
  0
LWPOLYLINE
  5
7AC
100
AcDbEntity
  8
0
100
AcDbPolyline
 62
3
420
65280
  6
BYLAYER
 38
0
 90
2
 70
1
 10
95.362889
 20
114.772712
 10
95.362889
 20
114.053045
  0
LWPOLYLINE
  5
7AD
100
AcDbEntity
  8
0
100
AcDbPolyline
 62
3
420
65280
  6
BYLAYER
 38
0
 90
2
 70
1
 10
95.362889
 20
114.772712
 10
95.362889
 20
114.053045
  0
LWPOLYLINE
  5
7AE
100
AcDbEntity
  8
0
100
AcDbPolyline
 62
3
420
65280
  6
BYLAYER
 38
0
 90
2
 70
1
 10
95.151222
 20
114.772712
 10
95.151222
 20
114.053045
  0
LWPOLYLINE
  5
7AF
100
AcDbEntity
  8
0
100
AcDbPolyline
 62
3
420
65280
  6
BYLAYER
 38
0
 90
2
 70
1
 10
95.151222
 20
114.772712
 10
95.151222
 20
114.053045
  0
LWPOLYLINE
  5
7B0
100
AcDbEntity
  8
0
100
AcDbPolyline
 62
3
420
65280
  6
BYLAYER
 38
0
 90
2
 70
1
 10
94.939556
 20
114.772712
 10
94.939556
 20
114.053045
  0
LWPOLYLINE
  5
7B1
100
AcDbEntity
  8
0
100
AcDbPolyline
 62
3
420
65280
  6
BYLAYER
 38
0
 90
2
 70
1
 10
94.939556
 20
114.772712
 10
94.939556
 20
114.053045
  0
LWPOLYLINE
  5
7B2
100
AcDbEntity
  8
0
100
AcDbPolyline
 62
3
420
65280
  6
BYLAYER
 38
0
 90
2
 70
1
 10
94.727889
 20
114.772712
 10
94.727889
 20
114.053045
  0
LWPOLYLINE
  5
7B3
100
AcDbEntity
  8
0
100
AcDbPolyline
 62
3
420
65280
  6
BYLAYER
 38
0
 90
2
 70
1
 10
94.727889
 20
114.772712
 10
94.727889
 20
114.053045
  0
LWPOLYLINE
  5
7B4
100
AcDbEntity
  8
0
100
AcDbPolyline
 62
3
420
65280
  6
BYLAYER
 38
0
 90
4
 70
1
 10
94.516222
 20
114.053045
 10
94.516222
 20
114.772712
 10
94.727882
 20
114.772712
 10
94.727882
 20
114.053045
  0
LWPOLYLINE
  5
7B5
100
AcDbEntity
  8
0
100
AcDbPolyline
 62
3
420
65280
  6
BYLAYER
 38
0
 90
2
 70
1
 10
94.516222
 20
114.772712
 10
94.516222
 20
114.053045
  0
LWPOLYLINE
  5
7B6
100
AcDbEntity
  8
0
100
AcDbPolyline
 62
3
420
65280
  6
BYLAYER
 38
0
 90
4
 70
1
 10
94.304556
 20
114.053045
 10
94.304556
 20
114.772712
 10
94.516226
 20
114.772712
 10
94.516226
 20
114.053045
  0
LWPOLYLINE
  5
7B7
100
AcDbEntity
  8
0
100
AcDbPolyline
 62
3
420
65280
  6
BYLAYER
 38
0
 90
2
 70
1
 10
94.304556
 20
114.772712
 10
94.304556
 20
114.053045
  0
LWPOLYLINE
  5
7B8
100
AcDbEntity
  8
0
100
AcDbPolyline
 62
3
420
65280
  6
BYLAYER
 38
0
 90
4
 70
1
 10
94.071722
 20
114.053045
 10
94.071722
 20
114.772712
 10
94.304556
 20
114.772712
 10
94.304556
 20
114.053045
  0
LWPOLYLINE
  5
7B9
100
AcDbEntity
  8
0
100
AcDbPolyline
 62
3
420
65280
  6
BYLAYER
 38
0
 90
2
 70
1
 10
94.071722
 20
114.772712
 10
94.071722
 20
114.053045
  0
LWPOLYLINE
  5
7BA
100
AcDbEntity
  8
0
100
AcDbPolyline
 62
3
420
65280
  6
BYLAYER
 38
0
 90
2
 70
1
 10
94.071722
 20
114.772712
 10
94.071722
 20
114.053045
  0
LWPOLYLINE
  5
7BB
100
AcDbEntity
  8
0
100
AcDbPolyline
 62
3
420
65280
  6
BYLAYER
 38
0
 90
2
 70
1
 10
93.860056
 20
114.772712
 10
93.860056
 20
114.053045
  0
LWPOLYLINE
  5
7BC
100
AcDbEntity
  8
0
100
AcDbPolyline
 62
3
420
65280
  6
BYLAYER
 38
0
 90
2
 70
1
 10
93.860056
 20
114.772712
 10
93.860056
 20
114.053045
  0
LWPOLYLINE
  5
7BD
100
AcDbEntity
  8
0
100
AcDbPolyline
 62
3
420
65280
  6
BYLAYER
 38
0
 90
2
 70
1
 10
93.648389
 20
114.772712
 10
93.648389
 20
114.053045
  0
LWPOLYLINE
  5
7BE
100
AcDbEntity
  8
0
100
AcDbPolyline
 62
3
420
65280
  6
BYLAYER
 38
0
 90
2
 70
1
 10
93.648389
 20
114.772712
 10
93.648389
 20
114.053045
  0
LWPOLYLINE
  5
7BF
100
AcDbEntity
  8
0
100
AcDbPolyline
 62
3
420
65280
  6
BYLAYER
 38
0
 90
4
 70
1
 10
93.436722
 20
114.053045
 10
93.436722
 20
114.772712
 10
93.648382
 20
114.772712
 10
93.648382
 20
114.053045
  0
LWPOLYLINE
  5
7C0
100
AcDbEntity
  8
0
100
AcDbPolyline
 62
3
420
65280
  6
BYLAYER
 38
0
 90
2
 70
1
 10
93.436722
 20
114.772712
 10
93.436722
 20
114.053045
  0
LWPOLYLINE
  5
7C1
100
AcDbEntity
  8
0
100
AcDbPolyline
 62
3
420
65280
  6
BYLAYER
 38
0
 90
4
 70
1
 10
93.225056
 20
114.053045
 10
93.225056
 20
114.772712
 10
93.436726
 20
114.772712
 10
93.436726
 20
114.053045
  0
LWPOLYLINE
  5
7C2
100
AcDbEntity
  8
0
100
AcDbPolyline
 62
3
420
65280
  6
BYLAYER
 38
0
 90
2
 70
1
 10
93.225056
 20
114.772712
 10
93.225056
 20
114.053045
  0
LWPOLYLINE
  5
7C3
100
AcDbEntity
  8
0
100
AcDbPolyline
 62
3
420
65280
  6
BYLAYER
 38
0
 90
4
 70
1
 10
93.013389
 20
114.053045
 10
93.013389
 20
114.772712
 10
93.225059
 20
114.772712
 10
93.225059
 20
114.053045
  0
LWPOLYLINE
  5
7C4
100
AcDbEntity
  8
0
100
AcDbPolyline
 62
3
420
65280
  6
BYLAYER
 38
0
 90
2
 70
1
 10
93.013389
 20
114.772712
 10
93.013389
 20
114.053045
  0
LWPOLYLINE
  5
7C5
100
AcDbEntity
  8
0
100
AcDbPolyline
 62
3
420
65280
  6
BYLAYER
 38
0
 90
2
 70
1
 10
93.013389
 20
114.772712
 10
93.013389
 20
114.053045
  0
LWPOLYLINE
  5
7C6
100
AcDbEntity
  8
0
100
AcDbPolyline
 62
3
420
65280
  6
BYLAYER
 38
0
 90
2
 70
1
 10
92.780556
 20
114.772712
 10
92.780556
 20
114.053045
  0
LWPOLYLINE
  5
7C7
100
AcDbEntity
  8
0
100
AcDbPolyline
 62
3
420
65280
  6
BYLAYER
 38
0
 90
2
 70
1
 10
92.780556
 20
114.772712
 10
92.780556
 20
114.053045
  0
LWPOLYLINE
  5
7C8
100
AcDbEntity
  8
0
100
AcDbPolyline
 62
3
420
65280
  6
BYLAYER
 38
0
 90
2
 70
1
 10
92.568889
 20
114.772712
 10
92.568889
 20
114.053045
  0
LWPOLYLINE
  5
7C9
100
AcDbEntity
  8
0
100
AcDbPolyline
 62
3
420
65280
  6
BYLAYER
 38
0
 90
2
 70
1
 10
92.568889
 20
114.772712
 10
92.568889
 20
114.053045
  0
LWPOLYLINE
  5
7CA
100
AcDbEntity
  8
0
100
AcDbPolyline
 62
3
420
65280
  6
BYLAYER
 38
0
 90
2
 70
1
 10
92.357222
 20
114.772712
 10
92.357222
 20
114.053045
  0
LWPOLYLINE
  5
7CB
100
AcDbEntity
  8
0
100
AcDbPolyline
 62
3
420
65280
  6
BYLAYER
 38
0
 90
2
 70
1
 10
92.357222
 20
114.772712
 10
92.357222
 20
114.053045
  0
LWPOLYLINE
  5
7CC
100
AcDbEntity
  8
0
100
AcDbPolyline
 62
3
420
65280
  6
BYLAYER
 38
0
 90
4
 70
1
 10
92.145556
 20
114.053045
 10
92.145556
 20
114.772712
 10
92.357226
 20
114.772712
 10
92.357226
 20
114.053045
  0
LWPOLYLINE
  5
7CD
100
AcDbEntity
  8
0
100
AcDbPolyline
 62
3
420
65280
  6
BYLAYER
 38
0
 90
2
 70
1
 10
92.145556
 20
114.772712
 10
92.145556
 20
114.053045
  0
LWPOLYLINE
  5
7CE
100
AcDbEntity
  8
0
100
AcDbPolyline
 62
3
420
65280
  6
BYLAYER
 38
0
 90
4
 70
1
 10
91.933889
 20
114.053045
 10
91.933889
 20
114.772712
 10
92.145559
 20
114.772712
 10
92.145559
 20
114.053045
  0
LWPOLYLINE
  5
7CF
100
AcDbEntity
  8
0
100
AcDbPolyline
 62
3
420
65280
  6
BYLAYER
 38
0
 90
2
 70
1
 10
91.933889
 20
114.772712
 10
91.933889
 20
114.053045
  0
LWPOLYLINE
  5
7D0
100
AcDbEntity
  8
0
100
AcDbPolyline
 62
3
420
65280
  6
BYLAYER
 38
0
 90
4
 70
1
 10
91.722222
 20
114.053045
 10
91.722222
 20
114.772712
 10
91.933882
 20
114.772712
 10
91.933882
 20
114.053045
  0
LWPOLYLINE
  5
7D1
100
AcDbEntity
  8
0
100
AcDbPolyline
 62
3
420
65280
  6
BYLAYER
 38
0
 90
2
 70
1
 10
91.722222
 20
114.772712
 10
91.722222
 20
114.053045
  0
LWPOLYLINE
  5
7D2
100
AcDbEntity
  8
0
100
AcDbPolyline
 62
3
420
65280
  6
BYLAYER
 38
0
 90
2
 70
1
 10
91.722222
 20
114.772712
 10
91.722222
 20
114.053045
  0
LWPOLYLINE
  5
7D3
100
AcDbEntity
  8
0
100
AcDbPolyline
 62
3
420
65280
  6
BYLAYER
 38
0
 90
2
 70
1
 10
91.510556
 20
114.772712
 10
91.510556
 20
114.053045
  0
LWPOLYLINE
  5
7D4
100
AcDbEntity
  8
0
100
AcDbPolyline
 62
3
420
65280
  6
BYLAYER
 38
0
 90
2
 70
1
 10
91.510556
 20
114.772712
 10
91.510556
 20
114.053045
  0
LWPOLYLINE
  5
7D5
100
AcDbEntity
  8
0
100
AcDbPolyline
 62
3
420
65280
  6
BYLAYER
 38
0
 90
2
 70
1
 10
91.277722
 20
114.772712
 10
91.277722
 20
114.053045
  0
LWPOLYLINE
  5
7D6
100
AcDbEntity
  8
0
100
AcDbPolyline
 62
3
420
65280
  6
BYLAYER
 38
0
 90
2
 70
1
 10
91.277722
 20
114.772712
 10
91.277722
 20
114.053045
  0
LWPOLYLINE
  5
7D7
100
AcDbEntity
  8
0
100
AcDbPolyline
 62
3
420
65280
  6
BYLAYER
 38
0
 90
4
 70
1
 10
91.066056
 20
114.053045
 10
91.066056
 20
114.772712
 10
91.277726
 20
114.772712
 10
91.277726
 20
114.053045
  0
LWPOLYLINE
  5
7D8
100
AcDbEntity
  8
0
100
AcDbPolyline
 62
3
420
65280
  6
BYLAYER
 38
0
 90
2
 70
1
 10
91.066056
 20
114.772712
 10
91.066056
 20
114.053045
  0
LWPOLYLINE
  5
7D9
100
AcDbEntity
  8
0
100
AcDbPolyline
 62
3
420
65280
  6
BYLAYER
 38
0
 90
4
 70
1
 10
90.854389
 20
114.053045
 10
90.854389
 20
114.772712
 10
91.066059
 20
114.772712
 10
91.066059
 20
114.053045
  0
LWPOLYLINE
  5
7DA
100
AcDbEntity
  8
0
100
AcDbPolyline
 62
3
420
65280
  6
BYLAYER
 38
0
 90
2
 70
1
 10
90.854389
 20
114.772712
 10
90.854389
 20
114.053045
  0
LWPOLYLINE
  5
7DB
100
AcDbEntity
  8
0
100
AcDbPolyline
 62
3
420
65280
  6
BYLAYER
 38
0
 90
4
 70
1
 10
90.642722
 20
114.053045
 10
90.642722
 20
114.772712
 10
90.854392
 20
114.772712
 10
90.854392
 20
114.053045
  0
LWPOLYLINE
  5
7DC
100
AcDbEntity
  8
0
100
AcDbPolyline
 62
3
420
65280
  6
BYLAYER
 38
0
 90
2
 70
1
 10
90.642722
 20
114.772712
 10
90.642722
 20
114.053045
  0
LWPOLYLINE
  5
7DD
100
AcDbEntity
  8
0
100
AcDbPolyline
 62
3
420
65280
  6
BYLAYER
 38
0
 90
2
 70
1
 10
90.642722
 20
114.772712
 10
90.642722
 20
114.053045
  0
LWPOLYLINE
  5
7DE
100
AcDbEntity
  8
0
100
AcDbPolyline
 62
3
420
65280
  6
BYLAYER
 38
0
 90
2
 70
1
 10
90.431056
 20
114.772712
 10
90.431056
 20
114.053045
  0
LWPOLYLINE
  5
7DF
100
AcDbEntity
  8
0
100
AcDbPolyline
 62
3
420
65280
  6
BYLAYER
 38
0
 90
2
 70
1
 10
90.431056
 20
114.772712
 10
90.431056
 20
114.053045
  0
LWPOLYLINE
  5
7E0
100
AcDbEntity
  8
0
100
AcDbPolyline
 62
3
420
65280
  6
BYLAYER
 38
0
 90
2
 70
1
 10
90.219389
 20
114.772712
 10
90.219389
 20
114.053045
  0
LWPOLYLINE
  5
7E1
100
AcDbEntity
  8
0
100
AcDbPolyline
 62
3
420
65280
  6
BYLAYER
 38
0
 90
2
 70
1
 10
90.219389
 20
114.772712
 10
90.219389
 20
114.053045
  0
LWPOLYLINE
  5
7E2
100
AcDbEntity
  8
0
100
AcDbPolyline
 62
3
420
65280
  6
BYLAYER
 38
0
 90
2
 70
1
 10
89.986556
 20
114.772712
 10
89.986556
 20
114.053045
  0
LWPOLYLINE
  5
7E3
100
AcDbEntity
  8
0
100
AcDbPolyline
 62
3
420
65280
  6
BYLAYER
 38
0
 90
2
 70
1
 10
89.986556
 20
114.772712
 10
89.986556
 20
114.053045
  0
LWPOLYLINE
  5
7E4
100
AcDbEntity
  8
0
100
AcDbPolyline
 62
3
420
65280
  6
BYLAYER
 38
0
 90
4
 70
1
 10
89.774889
 20
114.053045
 10
89.774889
 20
114.772712
 10
89.986552
 20
114.772712
 10
89.986552
 20
114.053045
  0
LWPOLYLINE
  5
7E5
100
AcDbEntity
  8
0
100
AcDbPolyline
 62
3
420
65280
  6
BYLAYER
 38
0
 90
2
 70
1
 10
89.774889
 20
114.772712
 10
89.774889
 20
114.053045
  0
LWPOLYLINE
  5
7E6
100
AcDbEntity
  8
0
100
AcDbPolyline
 62
3
420
65280
  6
BYLAYER
 38
0
 90
4
 70
1
 10
89.563222
 20
114.053045
 10
89.563222
 20
114.772712
 10
89.774892
 20
114.772712
 10
89.774892
 20
114.053045
  0
LWPOLYLINE
  5
7E7
100
AcDbEntity
  8
0
100
AcDbPolyline
 62
3
420
65280
  6
BYLAYER
 38
0
 90
2
 70
1
 10
89.563222
 20
114.772712
 10
89.563222
 20
114.053045
  0
LWPOLYLINE
  5
7E8
100
AcDbEntity
  8
0
100
AcDbPolyline
 62
3
420
65280
  6
BYLAYER
 38
0
 90
4
 70
1
 10
89.351556
 20
114.053045
 10
89.351556
 20
114.772712
 10
89.563219
 20
114.772712
 10
89.563219
 20
114.053045
  0
LWPOLYLINE
  5
7E9
100
AcDbEntity
  8
0
100
AcDbPolyline
 62
3
420
65280
  6
BYLAYER
 38
0
 90
2
 70
1
 10
89.351556
 20
114.772712
 10
89.351556
 20
114.053045
  0
LWPOLYLINE
  5
7EA
100
AcDbEntity
  8
0
100
AcDbPolyline
 62
3
420
65280
  6
BYLAYER
 38
0
 90
2
 70
1
 10
89.351556
 20
114.772712
 10
89.351556
 20
114.053045
  0
LWPOLYLINE
  5
7EB
100
AcDbEntity
  8
0
100
AcDbPolyline
 62
3
420
65280
  6
BYLAYER
 38
0
 90
2
 70
1
 10
89.139889
 20
114.772712
 10
89.139889
 20
114.053045
  0
LWPOLYLINE
  5
7EC
100
AcDbEntity
  8
0
100
AcDbPolyline
 62
3
420
65280
  6
BYLAYER
 38
0
 90
2
 70
1
 10
89.139889
 20
114.772712
 10
89.139889
 20
114.053045
  0
LWPOLYLINE
  5
7ED
100
AcDbEntity
  8
0
100
AcDbPolyline
 62
3
420
65280
  6
BYLAYER
 38
0
 90
2
 70
1
 10
88.928222
 20
114.772712
 10
88.928222
 20
114.053045
  0
LWPOLYLINE
  5
7EE
100
AcDbEntity
  8
0
100
AcDbPolyline
 62
3
420
65280
  6
BYLAYER
 38
0
 90
2
 70
1
 10
88.928222
 20
114.772712
 10
88.928222
 20
114.053045
  0
LWPOLYLINE
  5
7EF
100
AcDbEntity
  8
0
100
AcDbPolyline
 62
3
420
65280
  6
BYLAYER
 38
0
 90
4
 70
1
 10
88.716556
 20
114.053045
 10
88.716556
 20
114.772712
 10
88.928219
 20
114.772712
 10
88.928219
 20
114.053045
  0
LWPOLYLINE
  5
7F0
100
AcDbEntity
  8
0
100
AcDbPolyline
 62
3
420
65280
  6
BYLAYER
 38
0
 90
2
 70
1
 10
88.716556
 20
114.772712
 10
88.716556
 20
114.053045
  0
LWPOLYLINE
  5
7F1
100
AcDbEntity
  8
0
100
AcDbPolyline
 62
3
420
65280
  6
BYLAYER
 38
0
 90
4
 70
1
 10
88.483722
 20
114.053045
 10
88.483722
 20
114.772712
 10
88.716556
 20
114.772712
 10
88.716556
 20
114.053045
  0
LWPOLYLINE
  5
7F2
100
AcDbEntity
  8
0
100
AcDbPolyline
 62
3
420
65280
  6
BYLAYER
 38
0
 90
2
 70
1
 10
88.483722
 20
114.772712
 10
88.483722
 20
114.053045
  0
LWPOLYLINE
  5
7F3
100
AcDbEntity
  8
0
100
AcDbPolyline
 62
3
420
65280
  6
BYLAYER
 38
0
 90
4
 70
1
 10
88.272056
 20
114.053045
 10
88.272056
 20
114.772712
 10
88.483719
 20
114.772712
 10
88.483719
 20
114.053045
  0
LWPOLYLINE
  5
7F4
100
AcDbEntity
  8
0
100
AcDbPolyline
 62
3
420
65280
  6
BYLAYER
 38
0
 90
2
 70
1
 10
88.272056
 20
114.772712
 10
88.272056
 20
114.053045
  0
LWPOLYLINE
  5
7F5
100
AcDbEntity
  8
0
100
AcDbPolyline
 62
3
420
65280
  6
BYLAYER
 38
0
 90
2
 70
1
 10
88.272056
 20
114.772712
 10
88.272056
 20
114.053045
  0
LWPOLYLINE
  5
7F6
100
AcDbEntity
  8
0
100
AcDbPolyline
 62
3
420
65280
  6
BYLAYER
 38
0
 90
2
 70
1
 10
88.060389
 20
114.772712
 10
88.060389
 20
114.053045
  0
LWPOLYLINE
  5
7F7
100
AcDbEntity
  8
0
100
AcDbPolyline
 62
3
420
65280
  6
BYLAYER
 38
0
 90
2
 70
1
 10
88.060389
 20
114.772712
 10
88.060389
 20
114.053045
  0
LWPOLYLINE
  5
7F8
100
AcDbEntity
  8
0
100
AcDbPolyline
 62
3
420
65280
  6
BYLAYER
 38
0
 90
2
 70
1
 10
87.848722
 20
114.772712
 10
87.848722
 20
114.053045
  0
LWPOLYLINE
  5
7F9
100
AcDbEntity
  8
0
100
AcDbPolyline
 62
3
420
65280
  6
BYLAYER
 38
0
 90
2
 70
1
 10
87.848722
 20
114.772712
 10
87.848722
 20
114.053045
  0
LWPOLYLINE
  5
7FA
100
AcDbEntity
  8
0
100
AcDbPolyline
 62
3
420
65280
  6
BYLAYER
 38
0
 90
2
 70
1
 10
87.637056
 20
114.772712
 10
87.637056
 20
114.053045
  0
LWPOLYLINE
  5
7FB
100
AcDbEntity
  8
0
100
AcDbPolyline
 62
3
420
65280
  6
BYLAYER
 38
0
 90
2
 70
1
 10
87.637056
 20
114.772712
 10
87.637056
 20
114.053045
  0
LWPOLYLINE
  5
7FC
100
AcDbEntity
  8
0
100
AcDbPolyline
 62
3
420
65280
  6
BYLAYER
 38
0
 90
4
 70
1
 10
87.425389
 20
114.053045
 10
87.425389
 20
114.772712
 10
87.637059
 20
114.772712
 10
87.637059
 20
114.053045
  0
LWPOLYLINE
  5
7FD
100
AcDbEntity
  8
0
100
AcDbPolyline
 62
3
420
65280
  6
BYLAYER
 38
0
 90
2
 70
1
 10
87.425389
 20
114.772712
 10
87.425389
 20
114.053045
  0
LWPOLYLINE
  5
7FE
100
AcDbEntity
  8
0
100
AcDbPolyline
 62
3
420
65280
  6
BYLAYER
 38
0
 90
4
 70
1
 10
87.192556
 20
114.053045
 10
87.192556
 20
114.772712
 10
87.425389
 20
114.772712
 10
87.425389
 20
114.053045
  0
LWPOLYLINE
  5
7FF
100
AcDbEntity
  8
0
100
AcDbPolyline
 62
3
420
65280
  6
BYLAYER
 38
0
 90
2
 70
1
 10
87.192556
 20
114.772712
 10
87.192556
 20
114.053045
  0
LWPOLYLINE
  5
800
100
AcDbEntity
  8
0
100
AcDbPolyline
 62
3
420
65280
  6
BYLAYER
 38
0
 90
4
 70
1
 10
86.980889
 20
114.053045
 10
86.980889
 20
114.772712
 10
87.192552
 20
114.772712
 10
87.192552
 20
114.053045
  0
LWPOLYLINE
  5
801
100
AcDbEntity
  8
0
100
AcDbPolyline
 62
3
420
65280
  6
BYLAYER
 38
0
 90
2
 70
1
 10
86.980889
 20
114.772712
 10
86.980889
 20
114.053045
  0
LWPOLYLINE
  5
802
100
AcDbEntity
  8
0
100
AcDbPolyline
 62
3
420
65280
  6
BYLAYER
 38
0
 90
2
 70
1
 10
86.980889
 20
114.772712
 10
86.980889
 20
114.053045
  0
LWPOLYLINE
  5
803
100
AcDbEntity
  8
0
100
AcDbPolyline
 62
3
420
65280
  6
BYLAYER
 38
0
 90
2
 70
1
 10
86.769222
 20
114.772712
 10
86.769222
 20
114.053045
  0
LWPOLYLINE
  5
804
100
AcDbEntity
  8
0
100
AcDbPolyline
 62
3
420
65280
  6
BYLAYER
 38
0
 90
2
 70
1
 10
86.769222
 20
114.772712
 10
86.769222
 20
114.053045
  0
LWPOLYLINE
  5
805
100
AcDbEntity
  8
0
100
AcDbPolyline
 62
3
420
65280
  6
BYLAYER
 38
0
 90
2
 70
1
 10
86.557556
 20
114.772712
 10
86.557556
 20
114.053045
  0
LWPOLYLINE
  5
806
100
AcDbEntity
  8
0
100
AcDbPolyline
 62
3
420
65280
  6
BYLAYER
 38
0
 90
2
 70
1
 10
86.557556
 20
114.772712
 10
86.557556
 20
114.053045
  0
LWPOLYLINE
  5
807
100
AcDbEntity
  8
0
100
AcDbPolyline
 62
3
420
65280
  6
BYLAYER
 38
0
 90
4
 70
1
 10
86.345889
 20
114.053045
 10
86.345889
 20
114.772712
 10
86.557559
 20
114.772712
 10
86.557559
 20
114.053045
  0
LWPOLYLINE
  5
808
100
AcDbEntity
  8
0
100
AcDbPolyline
 62
3
420
65280
  6
BYLAYER
 38
0
 90
2
 70
1
 10
86.345889
 20
114.772712
 10
86.345889
 20
114.053045
  0
LWPOLYLINE
  5
809
100
AcDbEntity
  8
0
100
AcDbPolyline
 62
3
420
65280
  6
BYLAYER
 38
0
 90
4
 70
1
 10
86.134222
 20
114.053045
 10
86.134222
 20
114.772712
 10
86.345892
 20
114.772712
 10
86.345892
 20
114.053045
  0
LWPOLYLINE
  5
80A
100
AcDbEntity
  8
0
100
AcDbPolyline
 62
3
420
65280
  6
BYLAYER
 38
0
 90
2
 70
1
 10
86.134222
 20
114.772712
 10
86.134222
 20
114.053045
  0
LWPOLYLINE
  5
80B
100
AcDbEntity
  8
0
100
AcDbPolyline
 62
3
420
65280
  6
BYLAYER
 38
0
 90
4
 70
1
 10
85.901389
 20
114.053045
 10
85.901389
 20
114.772712
 10
86.134219
 20
114.772712
 10
86.134219
 20
114.053045
  0
LWPOLYLINE
  5
80C
100
AcDbEntity
  8
0
100
AcDbPolyline
 62
3
420
65280
  6
BYLAYER
 38
0
 90
2
 70
1
 10
85.901389
 20
114.772712
 10
85.901389
 20
114.053045
  0
LWPOLYLINE
  5
80D
100
AcDbEntity
  8
0
100
AcDbPolyline
 62
3
420
65280
  6
BYLAYER
 38
0
 90
2
 70
1
 10
85.901389
 20
114.772712
 10
85.901389
 20
114.053045
  0
LWPOLYLINE
  5
80E
100
AcDbEntity
  8
0
100
AcDbPolyline
 62
3
420
65280
  6
BYLAYER
 38
0
 90
2
 70
1
 10
85.689722
 20
114.772712
 10
85.689722
 20
114.053045
  0
LWPOLYLINE
  5
80F
100
AcDbEntity
  8
0
100
AcDbPolyline
 62
3
420
65280
  6
BYLAYER
 38
0
 90
2
 70
1
 10
85.689722
 20
114.772712
 10
85.689722
 20
114.053045
  0
LWPOLYLINE
  5
810
100
AcDbEntity
  8
0
100
AcDbPolyline
 62
3
420
65280
  6
BYLAYER
 38
0
 90
2
 70
1
 10
85.478056
 20
114.772712
 10
85.478056
 20
114.053045
  0
HATCH
  5
811
100
AcDbEntity
  8
0
100
AcDbHatch
370
-1
 62
3
420
65280
 10
0
 20
0
 30
0
210
0
220
0
230
1
  2
SOLID
 70
1
 71
0
 91
1
 92
3
 72
0
 73
1
 93
4
 10
97.945222
 20
115.958045
 10
97.945222
 20
115.005542
 10
99.448059
 20
115.005542
 10
99.448059
 20
115.958045
 97
0
 75
0
 76
1
 98
0
  0
HATCH
  5
812
100
AcDbEntity
  8
0
100
AcDbHatch
370
-1
 62
3
420
65280
 10
0
 20
0
 30
0
210
0
220
0
230
1
  2
SOLID
 70
1
 71
0
 91
1
 92
3
 72
0
 73
1
 93
4
 10
85.054722
 20
115.958045
 10
85.054722
 20
114.772715
 10
85.478056
 20
114.772715
 10
85.478056
 20
115.958045
 97
0
 75
0
 76
1
 98
0
  0
MTEXT
  5
813
100
AcDbEntity
  8
0
100
AcDbMText
370
-1
 62
2
420
16776960
 10
105.545193
 20
103.249973
 30
0
 40
0.925502
  1
{\fSimSun|b0|i0|c0;2-R0,5}
 50
-4
 41
0
  7
Standard
 71
1
 73
1
 44
1
  0
HATCH
  5
814
100
AcDbEntity
  8
0
100
AcDbHatch
370
-1
 62
4
420
65535
 10
0
 20
0
 30
0
210
0
220
0
230
1
  2
SOLID
 70
1
 71
0
 91
4
 92
3
 72
0
 73
1
 93
4
 10
178.343418
 20
99.10286
 10
178.343418
 20
98.765516
 10
179.878552
 20
98.765516
 10
179.878552
 20
99.10286
 97
0
 92
3
 72
0
 73
1
 93
4
 10
178.975111
 20
98.220915
 10
178.975111
 20
97.862074
 10
179.432068
 20
97.862074
 10
179.432068
 20
98.220915
 97
0
 92
3
 72
0
 73
1
 93
30
 10
177.83189
 20
96.827443
 10
177.989813
 20
97.132265
 10
178.093166
 20
97.437087
 10
178.152835
 20
97.749902
 10
178.180258
 20
98.079253
 10
178.191283
 20
98.72197
 10
178.188458
 20
99.007568
 10
178.180258
 20
99.255546
 10
178.343418
 20
99.168454
 10
179.857055
 20
99.168454
 10
179.944147
 20
99.277044
 10
180.118331
 20
99.146406
 10
180.031239
 20
99.070338
 10
180.031868
 20
98.924628
 10
180.033788
 20
98.803412
 10
180.037053
 20
98.706794
 10
180.041712
 20
98.634878
 10
179.878552
 20
98.580308
 10
179.878552
 20
98.699921
 10
178.343418
 20
98.699921
 10
178.341988
 20
98.473157
 10
178.337768
 20
98.272385
 10
178.330861
 20
98.097555
 10
178.321369
 20
97.948615
 10
178.283404
 20
97.673765
 10
178.21278
 20
97.393541
 10
178.158192
 20
97.250802
 10
178.082004
 20
97.105324
 10
177.984112
 20
96.957056
 10
177.864412
 20
96.805946
 97
0
 92
3
 72
0
 73
1
 93
68
 10
178.670289
 20
97.796479
 10
178.299872
 20
97.796479
 10
178.310896
 20
97.862074
 10
178.833448
 20
97.862074
 10
178.833448
 20
98.220915
 10
178.70281
 20
98.220915
 10
178.332945
 20
98.220915
 10
178.332945
 20
98.28651
 10
178.833448
 20
98.28651
 10
178.832733
 20
98.428732
 10
178.830623
 20
98.539587
 10
178.82717
 20
98.619125
 10
178.822424
 20
98.6674
 10
179.073227
 20
98.55881
 10
178.975111
 20
98.482191
 10
178.975111
 20
98.28651
 10
179.432068
 20
98.28651
 10
179.429312
 20
98.498521
 10
179.421595
 20
98.656375
 10
179.671847
 20
98.547786
 10
179.57373
 20
98.482191
 10
179.57373
 20
98.28651
 10
179.780436
 20
98.28651
 10
179.911074
 20
98.417148
 10
180.107307
 20
98.220915
 10
179.57373
 20
98.220915
 10
179.57373
 20
97.862074
 10
179.922098
 20
97.862074
 10
180.074785
 20
98.01421
 10
180.292515
 20
97.796479
 10
179.160319
 20
97.796479
 10
179.282344
 20
97.573237
 10
179.432068
 20
97.383068
 10
179.663303
 20
97.567794
 10
179.835006
 20
97.752933
 10
179.987693
 20
97.578749
 10
179.914735
 20
97.563772
 10
179.805034
 20
97.518874
 10
179.658643
 20
97.444107
 10
179.475614
 20
97.339522
 10
179.653932
 20
97.21667
 10
179.862016
 20
97.132265
 10
180.092011
 20
97.083414
 10
180.336061
 20
97.067222
 10
180.336061
 20
97.023676
 10
180.247996
 20
96.997321
 10
180.18055
 20
96.961251
 10
180.13367
 20
96.915465
 10
180.107307
 20
96.859965
 10
179.960537
 20
96.897792
 10
179.814543
 20
96.956703
 10
179.669272
 20
97.036698
 10
179.524672
 20
97.137777
 10
179.390305
 20
97.262636
 10
179.27573
 20
97.414005
 10
179.180895
 20
97.591936
 10
179.105749
 20
97.796479
 10
178.811951
 20
97.796479
 10
178.811951
 20
97.067222
 10
179.257884
 20
97.25243
 10
179.279933
 20
97.219357
 10
179.095965
 20
97.104308
 10
178.94755
 20
96.998871
 10
178.834689
 20
96.902942
 10
178.757381
 20
96.816419
 10
178.626743
 20
96.98013
 10
178.664845
 20
97.045242
 10
178.670289
 20
97.132265
 97
0
 75
0
 76
1
 98
0
  0
HATCH
  5
815
100
AcDbEntity
  8
0
100
AcDbHatch
370
-1
 62
4
420
65535
 10
0
 20
0
 30
0
210
0
220
0
230
1
  2
SOLID
 70
1
 71
0
 91
2
 92
3
 72
0
 73
1
 93
4
 10
181.562372
 20
99.015768
 10
181.562372
 20
98.199418
 10
182.23706
 20
98.199418
 10
182.23706
 20
99.015768
 97
0
 92
3
 72
0
 73
1
 93
43
 10
182.40022
 20
98.133823
 10
182.40022
 20
97.284952
 10
182.411244
 20
96.882013
 10
182.226036
 20
96.816419
 10
182.234235
 20
97.118829
 10
182.23706
 20
97.372044
 10
182.23706
 20
98.133823
 10
181.562372
 20
98.133823
 10
181.545104
 20
97.909659
 10
181.504839
 20
97.705184
 10
181.441527
 20
97.52045
 10
181.355115
 20
97.355507
 10
181.240178
 20
97.203966
 10
181.09129
 20
97.060125
 10
180.908399
 20
96.923828
 10
180.691452
 20
96.794921
 10
180.658379
 20
96.827443
 10
180.827034
 20
96.945911
 10
180.974088
 20
97.072389
 10
181.099438
 20
97.207032
 10
181.20298
 20
97.349995
 10
181.284637
 20
97.509365
 10
181.344436
 20
97.693127
 10
181.382426
 20
97.901279
 10
181.398661
 20
98.133823
 10
180.974226
 20
98.133823
 10
180.8378
 20
98.125624
 10
180.71295
 20
98.101302
 10
180.614833
 20
98.199418
 10
181.398661
 20
98.199418
 10
181.398661
 20
99.015768
 10
181.126912
 20
99.015768
 10
180.990487
 20
99.007568
 10
180.865636
 20
98.983246
 10
180.76752
 20
99.081362
 10
182.628974
 20
99.081362
 10
182.792134
 20
99.244522
 10
183.020888
 20
99.015768
 10
182.40022
 20
99.015768
 10
182.40022
 20
98.199418
 10
182.748588
 20
98.199418
 10
182.922772
 20
98.373602
 10
183.16255
 20
98.133823
 97
0
 75
0
 76
1
 98
0
  0
HATCH
  5
816
100
AcDbEntity
  8
0
100
AcDbHatch
370
-1
 62
4
420
65535
 10
0
 20
0
 30
0
210
0
220
0
230
1
  2
SOLID
 70
1
 71
0
 91
1
 92
3
 72
0
 73
1
 93
48
 10
185.542555
 20
98.787013
 10
185.542555
 20
98.362578
 10
185.547998
 20
98.231871
 10
185.564604
 20
98.057756
 10
185.39042
 20
97.992712
 10
185.39042
 20
98.12335
 10
184.748254
 20
98.12335
 10
184.748254
 20
97.067222
 10
185.499009
 20
97.067222
 10
185.499009
 20
97.546228
 10
185.488536
 20
97.883571
 10
185.738788
 20
97.741909
 10
185.651696
 20
97.676866
 10
185.651696
 20
97.273927
 10
185.66272
 20
96.882013
 10
185.499009
 20
96.827443
 10
185.499009
 20
97.001627
 10
183.86631
 20
97.001627
 10
183.790242
 20
96.925559
 10
183.637555
 20
97.045173
 10
183.713623
 20
97.121792
 10
183.713623
 20
97.546228
 10
183.70315
 20
97.90562
 10
183.953402
 20
97.774982
 10
183.86631
 20
97.698363
 10
183.86631
 20
97.067222
 10
184.595567
 20
97.067222
 10
184.595567
 20
98.12335
 10
183.964426
 20
98.12335
 10
183.877334
 20
98.046731
 10
183.724647
 20
98.166896
 10
183.800715
 20
98.23194
 10
183.800715
 20
98.678424
 10
183.790242
 20
98.961197
 10
184.051518
 20
98.830559
 10
183.953402
 20
98.765516
 10
183.953402
 20
98.188394
 10
184.595567
 20
98.188394
 10
184.595567
 20
98.907178
 10
184.584543
 20
99.288068
 10
184.835346
 20
99.168454
 10
184.748254
 20
99.070338
 10
184.748254
 20
98.188394
 10
185.39042
 20
98.188394
 10
185.39042
 20
98.678424
 10
185.387595
 20
98.81988
 10
185.379396
 20
98.983246
 10
185.629647
 20
98.863632
 97
0
 75
0
 76
1
 98
0
  0
HATCH
  5
817
100
AcDbEntity
  8
0
100
AcDbHatch
370
-1
 62
4
420
65535
 10
0
 20
0
 30
0
210
0
220
0
230
1
  2
SOLID
 70
1
 71
0
 91
5
 92
3
 72
0
 73
1
 93
22
 10
186.72532
 20
97.230381
 10
186.730066
 20
97.317077
 10
186.73352
 20
97.42496
 10
186.73563
 20
97.553928
 10
186.736345
 20
97.703875
 10
186.73563
 20
97.853117
 10
186.73352
 20
97.980034
 10
186.730066
 20
98.084627
 10
186.72532
 20
98.166896
 10
186.889031
 20
98.090277
 10
188.021228
 20
98.090277
 10
188.097295
 20
98.199418
 10
188.282504
 20
98.057756
 10
188.195412
 20
97.992712
 10
188.19604
 20
97.747559
 10
188.197961
 20
97.556976
 10
188.201225
 20
97.420964
 10
188.205885
 20
97.339522
 10
188.042725
 20
97.284952
 10
188.042725
 20
98.025234
 10
186.889031
 20
98.025234
 10
186.889031
 20
97.306449
 97
0
 92
3
 72
0
 73
1
 93
25
 10
187.378511
 20
97.927118
 10
187.618289
 20
97.807504
 10
187.531197
 20
97.731436
 10
187.508959
 20
97.564211
 10
187.475249
 20
97.422204
 10
187.429963
 20
97.305416
 10
187.372998
 20
97.213845
 10
187.300341
 20
97.137028
 10
187.208047
 20
97.064397
 10
187.096116
 20
96.995796
 10
186.964548
 20
96.931071
 10
186.814281
 20
96.873711
 10
186.64629
 20
96.826478
 10
186.460625
 20
96.789375
 10
186.257339
 20
96.7624
 10
186.257339
 20
96.805946
 10
186.478729
 20
96.859172
 10
186.674953
 20
96.921287
 10
186.846062
 20
96.992291
 10
186.992109
 20
97.072183
 10
187.112394
 20
97.157948
 10
187.206945
 20
97.246504
 10
187.275657
 20
97.337748
 10
187.318428
 20
97.431575
 10
187.363352
 20
97.650614
 97
0
 92
3
 72
0
 73
1
 93
15
 10
187.542222
 20
97.241406
 10
187.552695
 20
97.295976
 10
187.872331
 20
97.221975
 10
188.135329
 20
97.153762
 10
188.335351
 20
97.087203
 10
188.467161
 20
97.018164
 10
188.536476
 20
96.939133
 10
188.548741
 20
96.843979
 10
188.532712
 20
96.805541
 10
188.501129
 20
96.793612
 10
188.45394
 20
96.808245
 10
188.391093
 20
96.849492
 10
188.226073
 20
96.958288
 10
188.015164
 20
97.06667
 10
187.779933
 20
97.164787
 97
0
 92
3
 72
0
 73
1
 93
22
 10
186.834461
 20
98.166896
 10
186.839207
 20
98.378244
 10
186.84266
 20
98.566596
 10
186.844771
 20
98.7319
 10
186.845485
 20
98.874105
 10
186.578353
 20
98.694616
 10
186.279387
 20
98.547786
 10
186.268363
 20
98.591332
 10
186.538872
 20
98.769443
 10
186.785403
 20
98.977734
 10
186.892571
 20
99.083567
 10
186.980051
 20
99.177825
 10
187.04779
 20
99.260507
 10
187.095737
 20
99.331614
 10
187.247873
 20
99.189952
 10
187.197436
 20
99.166387
 10
187.133771
 20
99.118845
 10
186.986597
 20
98.983246
 10
186.987234
 20
98.738937
 10
186.989215
 20
98.528631
 10
186.992643
 20
98.352432
 10
186.997621
 20
98.210442
 97
0
 92
3
 72
0
 73
1
 93
43
 10
187.563719
 20
98.754492
 10
187.560894
 20
99.078193
 10
187.552695
 20
99.331614
 10
187.792473
 20
99.233498
 10
187.705381
 20
99.146406
 10
187.705381
 20
98.809062
 10
187.850902
 20
98.876999
 10
188.026189
 20
98.972222
 10
188.188108
 20
99.075712
 10
188.292977
 20
99.168454
 10
188.445663
 20
98.99427
 10
188.396683
 20
98.977725
 10
188.325843
 20
98.95038
 10
188.233196
 20
98.912182
 10
188.118793
 20
98.863081
 10
187.890176
 20
98.767859
 10
187.705381
 20
98.699921
 10
187.705381
 20
98.493216
 10
187.713546
 20
98.436061
 10
187.738041
 20
98.395237
 10
187.778865
 20
98.370742
 10
187.836019
 20
98.362578
 10
188.380069
 20
98.362578
 10
188.427103
 20
98.376952
 10
188.459099
 20
98.441608
 10
188.476109
 20
98.556597
 10
188.478185
 20
98.72197
 10
188.532755
 20
98.72197
 10
188.540748
 20
98.585544
 10
188.565277
 20
98.482191
 10
188.603242
 20
98.40571
 10
188.652369
 20
98.351553
 10
188.565208
 20
98.264392
 10
188.434639
 20
98.242964
 10
187.770425
 20
98.242964
 10
187.679991
 20
98.255168
 10
187.615395
 20
98.291815
 10
187.576638
 20
98.352957
 10
187.563719
 20
98.438645
 10
187.563719
 20
98.656375
 10
187.128259
 20
98.547786
 10
187.117235
 20
98.591332
 10
187.370242
 20
98.675599
 97
0
 75
0
 76
1
 98
0
  0
LWPOLYLINE
  5
818
100
AcDbEntity
  8
0
100
AcDbPolyline
 62
3
420
65280
  6
BYLAYER
 38
0
 90
2
 70
0
 10
171.245389
 20
100.654545
 10
192.094556
 20
100.654545
  0
LWPOLYLINE
  5
819
100
AcDbEntity
  8
0
100
AcDbPolyline
 62
3
420
65280
  6
BYLAYER
 38
0
 90
2
 70
0
 10
171.245389
 20
101.374212
 10
192.094556
 20
101.374212
  0
LWPOLYLINE
  5
81A
100
AcDbEntity
  8
0
100
AcDbPolyline
 62
7
  6
BYLAYER
 38
0
 90
3
 70
0
 10
121.165056
 20
111.661212
 10
121.376722
 20
111.174379
 10
121.800056
 20
110.941545
  0
HATCH
  5
81B
100
AcDbEntity
  8
0
100
AcDbHatch
370
-1
 62
40
420
16760576
 10
0
 20
0
 30
0
210
0
220
0
230
1
  2
SOLID
 70
1
 71
0
 91
1
 92
3
 72
0
 73
1
 93
4
 10
121.143889
 20
114.772712
 10
121.143889
 20
114.751546
 10
121.165065
 20
114.751546
 10
121.165065
 20
114.772712
 97
0
 75
0
 76
1
 98
0
  0
HATCH
  5
81C
100
AcDbEntity
  8
0
100
AcDbHatch
370
-1
 62
5
420
255
 10
0
 20
0
 30
0
210
0
220
0
230
1
  2
SOLID
 70
1
 71
0
 91
1
 92
3
 72
0
 73
1
 93
4
 10
121.567222
 20
115.958045
 10
121.567222
 20
115.936879
 10
121.588388
 20
115.936879
 10
121.588388
 20
115.958045
 97
0
 75
0
 76
1
 98
0
  0
LWPOLYLINE
  5
81D
100
AcDbEntity
  8
0
100
AcDbPolyline
 62
3
420
65280
  6
BYLAYER
 38
0
 90
2
 70
0
 10
121.165056
 20
114.772712
 10
121.165056
 20
111.661212
  0
LWPOLYLINE
  5
81E
100
AcDbEntity
  8
0
100
AcDbPolyline
 62
5
420
255
  6
BYLAYER
 38
0
 90
2
 70
0
 10
121.588389
 20
115.958045
 10
121.588389
 20
115.238379
  0
LWPOLYLINE
  5
81F
100
AcDbEntity
  8
0
100
AcDbPolyline
 62
2
420
16776960
  6
BYLAYER
 38
0
 90
2
 70
0
 10
121.588389
 20
115.958045
 10
121.588389
 20
115.238379
  0
LWPOLYLINE
  5
820
100
AcDbEntity
  8
0
100
AcDbPolyline
 62
5
420
255
  6
BYLAYER
 38
0
 90
2
 70
0
 10
121.588389
 20
114.285879
 10
121.588389
 20
115.238379
  0
LWPOLYLINE
  5
821
100
AcDbEntity
  8
0
100
AcDbPolyline
 62
2
420
16776960
  6
BYLAYER
 38
0
 90
2
 70
0
 10
121.588389
 20
114.285879
 10
121.588389
 20
115.238379
  0
LWPOLYLINE
  5
822
100
AcDbEntity
  8
0
100
AcDbPolyline
 62
3
420
65280
  6
BYLAYER
 38
0
 90
2
 70
0
 10
80.969556
 20
149.210879
 10
80.969556
 20
156.153545
  0
LWPOLYLINE
  5
823
100
AcDbEntity
  8
0
100
AcDbPolyline
 62
3
420
65280
  6
BYLAYER
 38
0
 90
2
 70
0
 10
103.321556
 20
149.210879
 10
103.321556
 20
156.153545
  0
LWPOLYLINE
  5
824
100
AcDbEntity
  8
0
100
AcDbPolyline
 62
2
420
16776960
  6
BYLAYER
 38
0
 90
2
 70
0
 10
81.837389
 20
155.920712
 10
102.242056
 20
155.920712
  0
HATCH
  5
825
100
AcDbEntity
  8
0
100
AcDbHatch
370
-1
 62
2
420
16776960
 10
0
 20
0
 30
0
210
0
220
0
230
1
  2
SOLID
 70
1
 71
0
 91
1
 92
3
 72
0
 73
1
 93
3
 10
81.837389
 20
155.920712
 10
81.837389
 20
155.666712
 10
80.969556
 20
155.920712
 97
0
 75
0
 76
1
 98
0
  0
LWPOLYLINE
  5
826
100
AcDbEntity
  8
0
100
AcDbPolyline
 62
2
420
16776960
  6
BYLAYER
 38
0
 90
3
 70
1
 10
81.837389
 20
155.919301
 10
81.837389
 20
155.66545
 10
80.969717
 20
155.919301
  0
HATCH
  5
827
100
AcDbEntity
  8
0
100
AcDbHatch
370
-1
 62
2
420
16776960
 10
0
 20
0
 30
0
210
0
220
0
230
1
  2
SOLID
 70
1
 71
0
 91
1
 92
3
 72
0
 73
1
 93
3
 10
102.242056
 20
155.920712
 10
102.242056
 20
155.666712
 10
103.321556
 20
155.920712
 97
0
 75
0
 76
1
 98
0
  0
MTEXT
  5
828
100
AcDbEntity
  8
0
100
AcDbMText
370
-1
 62
4
420
65535
 10
173.616069
 20
99.062022
 30
0
 40
2.005827
  1
{\fSimSun|b0|i0|c0;FPC}
 50
0
 41
0
  7
Standard
 71
1
 73
1
 44
1
  0
HATCH
  5
829
100
AcDbEntity
  8
0
100
AcDbHatch
370
-1
 62
7
 10
0
 20
0
 30
0
210
0
220
0
230
1
  2
SOLID
 70
1
 71
0
 91
1
 92
3
 72
0
 73
1
 93
4
 10
80.948389
 20
148.978045
 10
80.948389
 20
148.956879
 10
80.969555
 20
148.956879
 10
80.969555
 20
148.978045
 97
0
 75
0
 76
1
 98
0
  0
HATCH
  5
82A
100
AcDbEntity
  8
0
100
AcDbHatch
370
-1
 62
7
 10
0
 20
0
 30
0
210
0
220
0
230
1
  2
SOLID
 70
1
 71
0
 91
1
 92
3
 72
0
 73
1
 93
4
 10
103.300389
 20
148.978045
 10
103.300389
 20
148.956879
 10
103.321555
 20
148.956879
 10
103.321555
 20
148.978045
 97
0
 75
0
 76
1
 98
0
  0
HATCH
  5
82B
100
AcDbEntity
  8
0
100
AcDbHatch
370
-1
 62
7
 10
0
 20
0
 30
0
210
0
220
0
230
1
  2
SOLID
 70
1
 71
0
 91
1
 92
3
 72
0
 73
1
 93
4
 10
103.300389
 20
155.920712
 10
103.300389
 20
155.899546
 10
103.321555
 20
155.899546
 10
103.321555
 20
155.920712
 97
0
 75
0
 76
1
 98
0
  0
LWPOLYLINE
  5
82C
100
AcDbEntity
  8
0
100
AcDbPolyline
 62
2
420
16776960
  6
BYLAYER
 38
0
 90
3
 70
1
 10
102.242056
 20
155.919301
 10
102.242056
 20
155.66545
 10
103.321713
 20
155.919301
  0
LWPOLYLINE
  5
82D
100
AcDbEntity
  8
0
100
AcDbPolyline
 62
3
420
65280
  6
BYLAYER
 38
0
 90
2
 70
0
 10
80.757889
 20
148.978045
 10
71.931389
 20
148.978045
  0
LWPOLYLINE
  5
82E
100
AcDbEntity
  8
0
100
AcDbPolyline
 62
3
420
65280
  6
BYLAYER
 38
0
 90
2
 70
0
 10
80.757889
 20
116.910545
 10
71.931389
 20
116.910545
  0
LWPOLYLINE
  5
82F
100
AcDbEntity
  8
0
100
AcDbPolyline
 62
2
420
16776960
  6
BYLAYER
 38
0
 90
2
 70
0
 10
72.164222
 20
148.025545
 10
72.164222
 20
117.884212
  0
HATCH
  5
830
100
AcDbEntity
  8
0
100
AcDbHatch
370
-1
 62
2
420
16776960
 10
0
 20
0
 30
0
210
0
220
0
230
1
  2
SOLID
 70
1
 71
0
 91
1
 92
3
 72
0
 73
1
 93
3
 10
72.375889
 20
148.025545
 10
71.931389
 20
148.025545
 10
72.164222
 20
148.978045
 97
0
 75
0
 76
1
 98
0
  0
LWPOLYLINE
  5
831
100
AcDbEntity
  8
0
100
AcDbPolyline
 62
2
420
16776960
  6
BYLAYER
 38
0
 90
3
 70
1
 10
72.375889
 20
148.023781
 10
71.931521
 20
148.023781
 10
72.164237
 20
148.976282
  0
HATCH
  5
832
100
AcDbEntity
  8
0
100
AcDbHatch
370
-1
 62
2
420
16776960
 10
0
 20
0
 30
0
210
0
220
0
230
1
  2
SOLID
 70
1
 71
0
 91
1
 92
3
 72
0
 73
1
 93
3
 10
72.375889
 20
117.884212
 10
71.931389
 20
117.884212
 10
72.164222
 20
116.910545
 97
0
 75
0
 76
1
 98
0
  0
MTEXT
  5
833
100
AcDbEntity
  8
0
100
AcDbMText
370
-1
 62
3
420
65280
 10
87.848789
 20
157.620655
 30
0
 40
1.234361
  1
{\fSimSun|b0|i0|c0;33.2(POL)}
 50
0
 41
0
  7
Standard
 71
1
 73
1
 44
1
  0
HATCH
  5
834
100
AcDbEntity
  8
0
100
AcDbHatch
370
-1
 62
7
 10
0
 20
0
 30
0
210
0
220
0
230
1
  2
SOLID
 70
1
 71
0
 91
1
 92
3
 72
0
 73
1
 93
4
 10
80.948389
 20
148.978045
 10
80.948389
 20
148.956879
 10
80.969555
 20
148.956879
 10
80.969555
 20
148.978045
 97
0
 75
0
 76
1
 98
0
  0
HATCH
  5
835
100
AcDbEntity
  8
0
100
AcDbHatch
370
-1
 62
7
 10
0
 20
0
 30
0
210
0
220
0
230
1
  2
SOLID
 70
1
 71
0
 91
1
 92
3
 72
0
 73
1
 93
4
 10
80.948389
 20
116.910545
 10
80.948389
 20
116.889379
 10
80.969555
 20
116.889379
 10
80.969555
 20
116.910545
 97
0
 75
0
 76
1
 98
0
  0
HATCH
  5
836
100
AcDbEntity
  8
0
100
AcDbHatch
370
-1
 62
7
 10
0
 20
0
 30
0
210
0
220
0
230
1
  2
SOLID
 70
1
 71
0
 91
1
 92
3
 72
0
 73
1
 93
4
 10
72.143056
 20
116.910545
 10
72.143056
 20
116.889379
 10
72.164227
 20
116.889379
 10
72.164227
 20
116.910545
 97
0
 75
0
 76
1
 98
0
  0
LWPOLYLINE
  5
837
100
AcDbEntity
  8
0
100
AcDbPolyline
 62
2
420
16776960
  6
BYLAYER
 38
0
 90
3
 70
1
 10
72.375889
 20
117.881742
 10
71.931521
 20
117.881742
 10
72.164237
 20
116.908026
  0
LWPOLYLINE
  5
838
100
AcDbEntity
  8
0
100
AcDbPolyline
 62
3
420
65280
  6
BYLAYER
 38
0
 90
2
 70
0
 10
80.546222
 20
149.210879
 10
68.290722
 20
149.210879
  0
LWPOLYLINE
  5
839
100
AcDbEntity
  8
0
100
AcDbPolyline
 62
3
420
65280
  6
BYLAYER
 38
0
 90
2
 70
0
 10
80.546222
 20
114.285879
 10
68.290722
 20
114.285879
  0
LWPOLYLINE
  5
83A
100
AcDbEntity
  8
0
100
AcDbPolyline
 62
2
420
16776960
  6
BYLAYER
 38
0
 90
2
 70
0
 10
68.502389
 20
148.025545
 10
68.502389
 20
115.238379
  0
HATCH
  5
83B
100
AcDbEntity
  8
0
100
AcDbHatch
370
-1
 62
2
420
16776960
 10
0
 20
0
 30
0
210
0
220
0
230
1
  2
SOLID
 70
1
 71
0
 91
1
 92
3
 72
0
 73
1
 93
3
 10
68.714056
 20
148.025545
 10
68.502389
 20
148.025545
 10
68.502389
 20
149.210879
 97
0
 75
0
 76
1
 98
0
  0
LWPOLYLINE
  5
83C
100
AcDbEntity
  8
0
100
AcDbPolyline
 62
2
420
16776960
  6
BYLAYER
 38
0
 90
3
 70
1
 10
68.714056
 20
148.023781
 10
68.502404
 20
148.023781
 10
68.502404
 20
149.209289
  0
HATCH
  5
83D
100
AcDbEntity
  8
0
100
AcDbHatch
370
-1
 62
2
420
16776960
 10
0
 20
0
 30
0
210
0
220
0
230
1
  2
SOLID
 70
1
 71
0
 91
1
 92
3
 72
0
 73
1
 93
3
 10
68.714056
 20
115.238379
 10
68.502389
 20
115.238379
 10
68.502389
 20
114.285879
 97
0
 75
0
 76
1
 98
0
  0
MTEXT
  5
83E
100
AcDbEntity
  8
0
100
AcDbMText
370
-1
 62
3
420
65280
 10
72.587654
 20
138.204174
 30
0
 40
1.234361
  1
{\fSimSun|b0|i0|c0;42.9 (POL)}
 50
-90
 41
0
  7
Standard
 71
7
 73
1
 44
1
  0
HATCH
  5
83F
100
AcDbEntity
  8
0
100
AcDbHatch
370
-1
 62
7
 10
0
 20
0
 30
0
210
0
220
0
230
1
  2
SOLID
 70
1
 71
0
 91
1
 92
3
 72
0
 73
1
 93
4
 10
80.736722
 20
149.210879
 10
80.736722
 20
149.189713
 10
80.757893
 20
149.189713
 10
80.757893
 20
149.210879
 97
0
 75
0
 76
1
 98
0
  0
HATCH
  5
840
100
AcDbEntity
  8
0
100
AcDbHatch
370
-1
 62
7
 10
0
 20
0
 30
0
210
0
220
0
230
1
  2
SOLID
 70
1
 71
0
 91
1
 92
3
 72
0
 73
1
 93
4
 10
80.736722
 20
114.285879
 10
80.736722
 20
114.264713
 10
80.757893
 20
114.264713
 10
80.757893
 20
114.285879
 97
0
 75
0
 76
1
 98
0
  0
HATCH
  5
841
100
AcDbEntity
  8
0
100
AcDbHatch
370
-1
 62
7
 10
0
 20
0
 30
0
210
0
220
0
230
1
  2
SOLID
 70
1
 71
0
 91
1
 92
3
 72
0
 73
1
 93
4
 10
68.481222
 20
114.285879
 10
68.481222
 20
114.264713
 10
68.502388
 20
114.264713
 10
68.502388
 20
114.285879
 97
0
 75
0
 76
1
 98
0
  0
LWPOLYLINE
  5
842
100
AcDbEntity
  8
0
100
AcDbPolyline
 62
2
420
16776960
  6
BYLAYER
 38
0
 90
3
 70
1
 10
68.714056
 20
115.235909
 10
68.502404
 20
115.235909
 10
68.502404
 20
114.283409
  0
LWPOLYLINE
  5
843
100
AcDbEntity
  8
0
100
AcDbPolyline
 62
3
420
65280
  6
BYLAYER
 38
0
 90
2
 70
0
 10
80.757889
 20
149.443712
 10
80.757889
 20
159.984712
  0
LWPOLYLINE
  5
844
100
AcDbEntity
  8
0
100
AcDbPolyline
 62
3
420
65280
  6
BYLAYER
 38
0
 90
2
 70
0
 10
103.533222
 20
149.443712
 10
103.533222
 20
159.984712
  0
LWPOLYLINE
  5
845
100
AcDbEntity
  8
0
100
AcDbPolyline
 62
2
420
16776960
  6
BYLAYER
 38
0
 90
2
 70
0
 10
81.837389
 20
159.730712
 10
102.453722
 20
159.730712
  0
HATCH
  5
846
100
AcDbEntity
  8
0
100
AcDbHatch
370
-1
 62
2
420
16776960
 10
0
 20
0
 30
0
210
0
220
0
230
1
  2
SOLID
 70
1
 71
0
 91
1
 92
3
 72
0
 73
1
 93
3
 10
81.837389
 20
159.730712
 10
81.837389
 20
159.497879
 10
80.757889
 20
159.730712
 97
0
 75
0
 76
1
 98
0
  0
LWPOLYLINE
  5
847
100
AcDbEntity
  8
0
100
AcDbPolyline
 62
2
420
16776960
  6
BYLAYER
 38
0
 90
3
 70
1
 10
81.837389
 20
159.729301
 10
81.837389
 20
159.496294
 10
80.757731
 20
159.729301
  0
HATCH
  5
848
100
AcDbEntity
  8
0
100
AcDbHatch
370
-1
 62
2
420
16776960
 10
0
 20
0
 30
0
210
0
220
0
230
1
  2
SOLID
 70
1
 71
0
 91
1
 92
3
 72
0
 73
1
 93
3
 10
102.453722
 20
159.730712
 10
102.453722
 20
159.497879
 10
103.533222
 20
159.730712
 97
0
 75
0
 76
1
 98
0
  0
MTEXT
  5
849
100
AcDbEntity
  8
0
100
AcDbMText
370
-1
 62
3
420
65280
 10
68.925888
 20
136.532088
 30
0
 40
1.234361
  1
{\fSimSun|b0|i0|c0;46.6(LCD)}
 50
-90
 41
0
  7
Standard
 71
7
 73
1
 44
1
  0
HATCH
  5
84A
100
AcDbEntity
  8
0
100
AcDbHatch
370
-1
 62
7
 10
0
 20
0
 30
0
210
0
220
0
230
1
  2
SOLID
 70
1
 71
0
 91
1
 92
3
 72
0
 73
1
 93
4
 10
80.736722
 20
149.210879
 10
80.736722
 20
149.189713
 10
80.757893
 20
149.189713
 10
80.757893
 20
149.210879
 97
0
 75
0
 76
1
 98
0
  0
HATCH
  5
84B
100
AcDbEntity
  8
0
100
AcDbHatch
370
-1
 62
7
 10
0
 20
0
 30
0
210
0
220
0
230
1
  2
SOLID
 70
1
 71
0
 91
1
 92
3
 72
0
 73
1
 93
4
 10
103.512056
 20
149.210879
 10
103.512056
 20
149.189713
 10
103.533222
 20
149.189713
 10
103.533222
 20
149.210879
 97
0
 75
0
 76
1
 98
0
  0
HATCH
  5
84C
100
AcDbEntity
  8
0
100
AcDbHatch
370
-1
 62
7
 10
0
 20
0
 30
0
210
0
220
0
230
1
  2
SOLID
 70
1
 71
0
 91
1
 92
3
 72
0
 73
1
 93
4
 10
103.512056
 20
159.730712
 10
103.512056
 20
159.709546
 10
103.533222
 20
159.709546
 10
103.533222
 20
159.730712
 97
0
 75
0
 76
1
 98
0
  0
LWPOLYLINE
  5
84D
100
AcDbEntity
  8
0
100
AcDbPolyline
 62
2
420
16776960
  6
BYLAYER
 38
0
 90
3
 70
1
 10
102.453722
 20
159.729301
 10
102.453722
 20
159.496294
 10
103.53338
 20
159.729301
  0
HATCH
  5
84E
100
AcDbEntity
  8
0
100
AcDbHatch
370
-1
 62
40
420
16760576
 10
0
 20
0
 30
0
210
0
220
0
230
1
  2
SOLID
 70
1
 71
0
 91
1
 92
3
 72
0
 73
1
 93
4
 10
99.871389
 20
110.454712
 10
99.871389
 20
110.433546
 10
99.892555
 20
110.433546
 10
99.892555
 20
110.454712
 97
0
 75
0
 76
1
 98
0
  0
LWPOLYLINE
  5
84F
100
AcDbEntity
  8
0
100
AcDbPolyline
 62
40
420
16760576
  6
BYLAYER
 38
0
 90
2
 70
0
 10
101.607056
 20
110.454712
 10
101.607056
 20
111.661212
  0
LWPOLYLINE
  5
850
100
AcDbEntity
  8
0
100
AcDbPolyline
 62
40
420
16760576
  6
BYLAYER
 38
0
 90
3
 70
0
 10
102.453722
 20
108.782545
 10
102.242056
 20
109.036545
 10
101.818722
 20
110.221879
  0
LWPOLYLINE
  5
851
100
AcDbEntity
  8
0
100
AcDbPolyline
 62
40
420
16760576
  6
BYLAYER
 38
0
 90
2
 70
0
 10
101.607056
 20
110.454712
 10
101.818722
 20
110.221879
  0
LWPOLYLINE
  5
852
100
AcDbEntity
  8
0
100
AcDbPolyline
 62
40
420
16760576
  6
BYLAYER
 38
0
 90
4
 70
0
 10
99.236389
 20
109.036545
 10
99.659722
 20
110.221879
 10
99.892556
 20
110.454712
 10
99.892556
 20
111.661212
  0
HATCH
  5
853
100
AcDbEntity
  8
0
100
AcDbHatch
370
-1
 62
7
420
16777215
 10
0
 20
0
 30
0
210
0
220
0
230
1
  2
SOLID
 70
1
 71
0
 91
1
 92
3
 72
0
 73
1
 93
4
 10
83.107389
 20
113.820212
 10
83.107389
 20
113.799046
 10
83.12856
 20
113.799046
 10
83.12856
 20
113.820212
 97
0
 75
0
 76
1
 98
0
  0
LWPOLYLINE
  5
854
100
AcDbEntity
  8
0
100
AcDbPolyline
 62
7
420
16777215
  6
BYLAYER
 38
0
 90
20
 70
0
 10
103.744889
 20
113.820212
 10
102.898222
 20
113.820212
 10
103.744889
 20
113.820212
 10
103.744889
 20
116.677712
 10
103.533222
 20
116.910545
 10
103.533222
 20
146.819045
 10
103.744889
 20
147.051879
 10
103.744889
 20
149.443712
 10
101.607056
 20
149.443712
 10
101.183722
 20
149.210879
 10
82.895722
 20
149.210879
 10
82.684056
 20
149.443712
 10
80.546222
 20
149.443712
 10
80.546222
 20
147.051879
 10
80.757889
 20
146.819045
 10
80.757889
 20
116.910545
 10
80.546222
 20
116.677712
 10
80.546222
 20
113.820212
 10
83.128556
 20
113.820212
 10
83.975222
 20
113.820212
  0
LWPOLYLINE
  5
855
100
AcDbEntity
  8
0
100
AcDbPolyline
 62
7
420
16777215
  6
BYLAYER
 38
0
 90
2
 70
0
 10
84.186889
 20
113.566212
 10
83.975222
 20
113.820212
  0
LWPOLYLINE
  5
856
100
AcDbEntity
  8
0
100
AcDbPolyline
 62
7
420
16777215
  6
BYLAYER
 38
0
 90
2
 70
0
 10
84.186889
 20
113.566212
 10
84.186889
 20
111.661212
  0
LWPOLYLINE
  5
857
100
AcDbEntity
  8
0
100
AcDbPolyline
 62
7
420
16777215
  6
BYLAYER
 38
0
 90
2
 70
0
 10
102.898222
 20
113.820212
 10
102.686556
 20
113.820212
  0
LWPOLYLINE
  5
858
100
AcDbEntity
  8
0
100
AcDbPolyline
 62
7
420
16777215
  6
BYLAYER
 38
0
 90
2
 70
0
 10
102.030389
 20
111.661212
 10
102.030389
 20
113.566212
  0
LWPOLYLINE
  5
859
100
AcDbEntity
  8
0
100
AcDbPolyline
 62
7
420
16777215
  6
BYLAYER
 38
0
 90
3
 70
0
 10
102.242056
 20
113.820212
 10
102.030389
 20
113.820212
 10
102.030389
 20
113.566212
  0
LWPOLYLINE
  5
85A
100
AcDbEntity
  8
0
100
AcDbPolyline
 62
7
420
16777215
  6
BYLAYER
 38
0
 90
2
 70
0
 10
102.242056
 20
113.820212
 10
102.686556
 20
113.820212
  0
HATCH
  5
85B
100
AcDbEntity
  8
0
100
AcDbHatch
370
-1
 62
3
420
65280
 10
0
 20
0
 30
0
210
0
220
0
230
1
  2
SOLID
 70
1
 71
0
 91
1
 92
3
 72
0
 73
1
 93
4
 10
85.245222
 20
114.285879
 10
85.245222
 20
114.264713
 10
85.266388
 20
114.264713
 10
85.266388
 20
114.285879
 97
0
 75
0
 76
1
 98
0
  0
LWPOLYLINE
  5
85C
100
AcDbEntity
  8
0
100
AcDbPolyline
 62
3
420
65280
  6
BYLAYER
 38
0
 90
2
 70
0
 10
98.813056
 20
114.518712
 10
98.601389
 20
114.518712
  0
LWPOLYLINE
  5
85D
100
AcDbEntity
  8
0
100
AcDbPolyline
 62
3
420
65280
  6
BYLAYER
 38
0
 90
3
 70
0
 10
98.813056
 20
114.285879
 10
98.813056
 20
114.518712
 10
98.601389
 20
114.518712
  0
LWPOLYLINE
  5
85E
100
AcDbEntity
  8
0
100
AcDbPolyline
 62
3
420
65280
  6
BYLAYER
 38
0
 90
2
 70
0
 10
98.813056
 20
114.285879
 10
98.813056
 20
114.518712
  0
LWPOLYLINE
  5
85F
100
AcDbEntity
  8
0
100
AcDbPolyline
 62
3
420
65280
  6
BYLAYER
 38
0
 90
2
 70
0
 10
85.266389
 20
114.518712
 10
85.478056
 20
114.518712
  0
LWPOLYLINE
  5
860
100
AcDbEntity
  8
0
100
AcDbPolyline
 62
3
420
65280
  6
BYLAYER
 38
0
 90
2
 70
0
 10
85.266389
 20
114.518712
 10
85.478056
 20
114.518712
  0
LWPOLYLINE
  5
861
100
AcDbEntity
  8
0
100
AcDbPolyline
 62
3
420
65280
  6
BYLAYER
 38
0
 90
2
 70
1
 10
85.266389
 20
114.285879
 10
85.266389
 20
114.518712
  0
LWPOLYLINE
  5
862
100
AcDbEntity
  8
0
100
AcDbPolyline
 62
3
420
65280
  6
BYLAYER
 38
0
 90
2
 70
1
 10
98.601389
 20
114.772712
 10
98.601389
 20
114.053045
  0
LWPOLYLINE
  5
863
100
AcDbEntity
  8
0
100
AcDbPolyline
 62
3
420
65280
  6
BYLAYER
 38
0
 90
2
 70
1
 10
98.601389
 20
114.772712
 10
98.601389
 20
114.053045
  0
LWPOLYLINE
  5
864
100
AcDbEntity
  8
0
100
AcDbPolyline
 62
3
420
65280
  6
BYLAYER
 38
0
 90
2
 70
1
 10
98.368556
 20
114.772712
 10
98.368556
 20
114.053045
  0
LWPOLYLINE
  5
865
100
AcDbEntity
  8
0
100
AcDbPolyline
 62
3
420
65280
  6
BYLAYER
 38
0
 90
2
 70
1
 10
98.368556
 20
114.772712
 10
98.368556
 20
114.053045
  0
LWPOLYLINE
  5
866
100
AcDbEntity
  8
0
100
AcDbPolyline
 62
3
420
65280
  6
BYLAYER
 38
0
 90
4
 70
1
 10
98.156889
 20
114.053045
 10
98.156889
 20
114.772712
 10
98.368549
 20
114.772712
 10
98.368549
 20
114.053045
  0
LWPOLYLINE
  5
867
100
AcDbEntity
  8
0
100
AcDbPolyline
 62
3
420
65280
  6
BYLAYER
 38
0
 90
2
 70
1
 10
98.156889
 20
114.772712
 10
98.156889
 20
114.053045
  0
LWPOLYLINE
  5
868
100
AcDbEntity
  8
0
100
AcDbPolyline
 62
3
420
65280
  6
BYLAYER
 38
0
 90
4
 70
1
 10
97.945222
 20
114.053045
 10
97.945222
 20
114.772712
 10
98.156892
 20
114.772712
 10
98.156892
 20
114.053045
  0
LWPOLYLINE
  5
869
100
AcDbEntity
  8
0
100
AcDbPolyline
 62
3
420
65280
  6
BYLAYER
 38
0
 90
2
 70
1
 10
97.945222
 20
114.772712
 10
97.945222
 20
114.053045
  0
LWPOLYLINE
  5
86A
100
AcDbEntity
  8
0
100
AcDbPolyline
 62
3
420
65280
  6
BYLAYER
 38
0
 90
4
 70
1
 10
97.733556
 20
114.053045
 10
97.733556
 20
114.772712
 10
97.945226
 20
114.772712
 10
97.945226
 20
114.053045
  0
LWPOLYLINE
  5
86B
100
AcDbEntity
  8
0
100
AcDbPolyline
 62
3
420
65280
  6
BYLAYER
 38
0
 90
2
 70
1
 10
97.733556
 20
114.772712
 10
97.733556
 20
114.053045
  0
LWPOLYLINE
  5
86C
100
AcDbEntity
  8
0
100
AcDbPolyline
 62
3
420
65280
  6
BYLAYER
 38
0
 90
2
 70
1
 10
97.733556
 20
114.772712
 10
97.733556
 20
114.053045
  0
LWPOLYLINE
  5
86D
100
AcDbEntity
  8
0
100
AcDbPolyline
 62
3
420
65280
  6
BYLAYER
 38
0
 90
2
 70
1
 10
97.521889
 20
114.772712
 10
97.521889
 20
114.053045
  0
LWPOLYLINE
  5
86E
100
AcDbEntity
  8
0
100
AcDbPolyline
 62
3
420
65280
  6
BYLAYER
 38
0
 90
2
 70
1
 10
97.521889
 20
114.772712
 10
97.521889
 20
114.053045
  0
LWPOLYLINE
  5
86F
100
AcDbEntity
  8
0
100
AcDbPolyline
 62
3
420
65280
  6
BYLAYER
 38
0
 90
2
 70
1
 10
97.310222
 20
114.772712
 10
97.310222
 20
114.053045
  0
LWPOLYLINE
  5
870
100
AcDbEntity
  8
0
100
AcDbPolyline
 62
3
420
65280
  6
BYLAYER
 38
0
 90
2
 70
1
 10
97.310222
 20
114.772712
 10
97.310222
 20
114.053045
  0
LWPOLYLINE
  5
871
100
AcDbEntity
  8
0
100
AcDbPolyline
 62
3
420
65280
  6
BYLAYER
 38
0
 90
2
 70
1
 10
97.098556
 20
114.772712
 10
97.098556
 20
114.053045
  0
LWPOLYLINE
  5
872
100
AcDbEntity
  8
0
100
AcDbPolyline
 62
3
420
65280
  6
BYLAYER
 38
0
 90
2
 70
1
 10
97.098556
 20
114.772712
 10
97.098556
 20
114.053045
  0
LWPOLYLINE
  5
873
100
AcDbEntity
  8
0
100
AcDbPolyline
 62
3
420
65280
  6
BYLAYER
 38
0
 90
4
 70
1
 10
96.865722
 20
114.053045
 10
96.865722
 20
114.772712
 10
97.098556
 20
114.772712
 10
97.098556
 20
114.053045
  0
LWPOLYLINE
  5
874
100
AcDbEntity
  8
0
100
AcDbPolyline
 62
3
420
65280
  6
BYLAYER
 38
0
 90
2
 70
1
 10
96.865722
 20
114.772712
 10
96.865722
 20
114.053045
  0
LWPOLYLINE
  5
875
100
AcDbEntity
  8
0
100
AcDbPolyline
 62
3
420
65280
  6
BYLAYER
 38
0
 90
4
 70
1
 10
96.654056
 20
114.053045
 10
96.654056
 20
114.772712
 10
96.865726
 20
114.772712
 10
96.865726
 20
114.053045
  0
LWPOLYLINE
  5
876
100
AcDbEntity
  8
0
100
AcDbPolyline
 62
3
420
65280
  6
BYLAYER
 38
0
 90
2
 70
1
 10
96.654056
 20
114.772712
 10
96.654056
 20
114.053045
  0
LWPOLYLINE
  5
877
100
AcDbEntity
  8
0
100
AcDbPolyline
 62
3
420
65280
  6
BYLAYER
 38
0
 90
2
 70
1
 10
96.654056
 20
114.772712
 10
96.654056
 20
114.053045
  0
LWPOLYLINE
  5
878
100
AcDbEntity
  8
0
100
AcDbPolyline
 62
3
420
65280
  6
BYLAYER
 38
0
 90
2
 70
1
 10
96.442389
 20
114.772712
 10
96.442389
 20
114.053045
  0
LWPOLYLINE
  5
879
100
AcDbEntity
  8
0
100
AcDbPolyline
 62
3
420
65280
  6
BYLAYER
 38
0
 90
2
 70
1
 10
96.442389
 20
114.772712
 10
96.442389
 20
114.053045
  0
LWPOLYLINE
  5
87A
100
AcDbEntity
  8
0
100
AcDbPolyline
 62
3
420
65280
  6
BYLAYER
 38
0
 90
2
 70
1
 10
96.230722
 20
114.772712
 10
96.230722
 20
114.053045
  0
LWPOLYLINE
  5
87B
100
AcDbEntity
  8
0
100
AcDbPolyline
 62
3
420
65280
  6
BYLAYER
 38
0
 90
2
 70
1
 10
96.230722
 20
114.772712
 10
96.230722
 20
114.053045
  0
LWPOLYLINE
  5
87C
100
AcDbEntity
  8
0
100
AcDbPolyline
 62
3
420
65280
  6
BYLAYER
 38
0
 90
2
 70
1
 10
96.019056
 20
114.772712
 10
96.019056
 20
114.053045
  0
LWPOLYLINE
  5
87D
100
AcDbEntity
  8
0
100
AcDbPolyline
 62
3
420
65280
  6
BYLAYER
 38
0
 90
2
 70
1
 10
96.019056
 20
114.772712
 10
96.019056
 20
114.053045
  0
LWPOLYLINE
  5
87E
100
AcDbEntity
  8
0
100
AcDbPolyline
 62
3
420
65280
  6
BYLAYER
 38
0
 90
4
 70
1
 10
95.807389
 20
114.053045
 10
95.807389
 20
114.772712
 10
96.019059
 20
114.772712
 10
96.019059
 20
114.053045
  0
LWPOLYLINE
  5
87F
100
AcDbEntity
  8
0
100
AcDbPolyline
 62
3
420
65280
  6
BYLAYER
 38
0
 90
2
 70
1
 10
95.807389
 20
114.772712
 10
95.807389
 20
114.053045
  0
LWPOLYLINE
  5
880
100
AcDbEntity
  8
0
100
AcDbPolyline
 62
3
420
65280
  6
BYLAYER
 38
0
 90
4
 70
1
 10
95.574556
 20
114.053045
 10
95.574556
 20
114.772712
 10
95.807389
 20
114.772712
 10
95.807389
 20
114.053045
  0
LWPOLYLINE
  5
881
100
AcDbEntity
  8
0
100
AcDbPolyline
 62
3
420
65280
  6
BYLAYER
 38
0
 90
2
 70
1
 10
95.574556
 20
114.772712
 10
95.574556
 20
114.053045
  0
LWPOLYLINE
  5
882
100
AcDbEntity
  8
0
100
AcDbPolyline
 62
3
420
65280
  6
BYLAYER
 38
0
 90
4
 70
1
 10
95.362889
 20
114.053045
 10
95.362889
 20
114.772712
 10
95.574559
 20
114.772712
 10
95.574559
 20
114.053045
  0
LWPOLYLINE
  5
883
100
AcDbEntity
  8
0
100
AcDbPolyline
 62
3
420
65280
  6
BYLAYER
 38
0
 90
2
 70
1
 10
95.362889
 20
114.772712
 10
95.362889
 20
114.053045
  0
LWPOLYLINE
  5
884
100
AcDbEntity
  8
0
100
AcDbPolyline
 62
3
420
65280
  6
BYLAYER
 38
0
 90
2
 70
1
 10
95.362889
 20
114.772712
 10
95.362889
 20
114.053045
  0
LWPOLYLINE
  5
885
100
AcDbEntity
  8
0
100
AcDbPolyline
 62
3
420
65280
  6
BYLAYER
 38
0
 90
2
 70
1
 10
95.151222
 20
114.772712
 10
95.151222
 20
114.053045
  0
LWPOLYLINE
  5
886
100
AcDbEntity
  8
0
100
AcDbPolyline
 62
3
420
65280
  6
BYLAYER
 38
0
 90
2
 70
1
 10
95.151222
 20
114.772712
 10
95.151222
 20
114.053045
  0
LWPOLYLINE
  5
887
100
AcDbEntity
  8
0
100
AcDbPolyline
 62
3
420
65280
  6
BYLAYER
 38
0
 90
2
 70
1
 10
94.939556
 20
114.772712
 10
94.939556
 20
114.053045
  0
LWPOLYLINE
  5
888
100
AcDbEntity
  8
0
100
AcDbPolyline
 62
3
420
65280
  6
BYLAYER
 38
0
 90
2
 70
1
 10
94.939556
 20
114.772712
 10
94.939556
 20
114.053045
  0
LWPOLYLINE
  5
889
100
AcDbEntity
  8
0
100
AcDbPolyline
 62
3
420
65280
  6
BYLAYER
 38
0
 90
2
 70
1
 10
94.727889
 20
114.772712
 10
94.727889
 20
114.053045
  0
LWPOLYLINE
  5
88A
100
AcDbEntity
  8
0
100
AcDbPolyline
 62
3
420
65280
  6
BYLAYER
 38
0
 90
2
 70
1
 10
94.727889
 20
114.772712
 10
94.727889
 20
114.053045
  0
LWPOLYLINE
  5
88B
100
AcDbEntity
  8
0
100
AcDbPolyline
 62
3
420
65280
  6
BYLAYER
 38
0
 90
4
 70
1
 10
94.516222
 20
114.053045
 10
94.516222
 20
114.772712
 10
94.727882
 20
114.772712
 10
94.727882
 20
114.053045
  0
LWPOLYLINE
  5
88C
100
AcDbEntity
  8
0
100
AcDbPolyline
 62
3
420
65280
  6
BYLAYER
 38
0
 90
2
 70
1
 10
94.516222
 20
114.772712
 10
94.516222
 20
114.053045
  0
LWPOLYLINE
  5
88D
100
AcDbEntity
  8
0
100
AcDbPolyline
 62
3
420
65280
  6
BYLAYER
 38
0
 90
4
 70
1
 10
94.304556
 20
114.053045
 10
94.304556
 20
114.772712
 10
94.516226
 20
114.772712
 10
94.516226
 20
114.053045
  0
LWPOLYLINE
  5
88E
100
AcDbEntity
  8
0
100
AcDbPolyline
 62
3
420
65280
  6
BYLAYER
 38
0
 90
2
 70
1
 10
94.304556
 20
114.772712
 10
94.304556
 20
114.053045
  0
LWPOLYLINE
  5
88F
100
AcDbEntity
  8
0
100
AcDbPolyline
 62
3
420
65280
  6
BYLAYER
 38
0
 90
4
 70
1
 10
94.071722
 20
114.053045
 10
94.071722
 20
114.772712
 10
94.304556
 20
114.772712
 10
94.304556
 20
114.053045
  0
LWPOLYLINE
  5
890
100
AcDbEntity
  8
0
100
AcDbPolyline
 62
3
420
65280
  6
BYLAYER
 38
0
 90
2
 70
1
 10
94.071722
 20
114.772712
 10
94.071722
 20
114.053045
  0
LWPOLYLINE
  5
891
100
AcDbEntity
  8
0
100
AcDbPolyline
 62
3
420
65280
  6
BYLAYER
 38
0
 90
2
 70
1
 10
94.071722
 20
114.772712
 10
94.071722
 20
114.053045
  0
LWPOLYLINE
  5
892
100
AcDbEntity
  8
0
100
AcDbPolyline
 62
3
420
65280
  6
BYLAYER
 38
0
 90
2
 70
1
 10
93.860056
 20
114.772712
 10
93.860056
 20
114.053045
  0
LWPOLYLINE
  5
893
100
AcDbEntity
  8
0
100
AcDbPolyline
 62
3
420
65280
  6
BYLAYER
 38
0
 90
2
 70
1
 10
93.860056
 20
114.772712
 10
93.860056
 20
114.053045
  0
LWPOLYLINE
  5
894
100
AcDbEntity
  8
0
100
AcDbPolyline
 62
3
420
65280
  6
BYLAYER
 38
0
 90
2
 70
1
 10
93.648389
 20
114.772712
 10
93.648389
 20
114.053045
  0
LWPOLYLINE
  5
895
100
AcDbEntity
  8
0
100
AcDbPolyline
 62
3
420
65280
  6
BYLAYER
 38
0
 90
2
 70
1
 10
93.648389
 20
114.772712
 10
93.648389
 20
114.053045
  0
LWPOLYLINE
  5
896
100
AcDbEntity
  8
0
100
AcDbPolyline
 62
3
420
65280
  6
BYLAYER
 38
0
 90
4
 70
1
 10
93.436722
 20
114.053045
 10
93.436722
 20
114.772712
 10
93.648382
 20
114.772712
 10
93.648382
 20
114.053045
  0
LWPOLYLINE
  5
897
100
AcDbEntity
  8
0
100
AcDbPolyline
 62
3
420
65280
  6
BYLAYER
 38
0
 90
2
 70
1
 10
93.436722
 20
114.772712
 10
93.436722
 20
114.053045
  0
LWPOLYLINE
  5
898
100
AcDbEntity
  8
0
100
AcDbPolyline
 62
3
420
65280
  6
BYLAYER
 38
0
 90
4
 70
1
 10
93.225056
 20
114.053045
 10
93.225056
 20
114.772712
 10
93.436726
 20
114.772712
 10
93.436726
 20
114.053045
  0
LWPOLYLINE
  5
899
100
AcDbEntity
  8
0
100
AcDbPolyline
 62
3
420
65280
  6
BYLAYER
 38
0
 90
2
 70
1
 10
93.225056
 20
114.772712
 10
93.225056
 20
114.053045
  0
LWPOLYLINE
  5
89A
100
AcDbEntity
  8
0
100
AcDbPolyline
 62
3
420
65280
  6
BYLAYER
 38
0
 90
4
 70
1
 10
93.013389
 20
114.053045
 10
93.013389
 20
114.772712
 10
93.225059
 20
114.772712
 10
93.225059
 20
114.053045
  0
LWPOLYLINE
  5
89B
100
AcDbEntity
  8
0
100
AcDbPolyline
 62
3
420
65280
  6
BYLAYER
 38
0
 90
2
 70
1
 10
93.013389
 20
114.772712
 10
93.013389
 20
114.053045
  0
LWPOLYLINE
  5
89C
100
AcDbEntity
  8
0
100
AcDbPolyline
 62
3
420
65280
  6
BYLAYER
 38
0
 90
2
 70
1
 10
93.013389
 20
114.772712
 10
93.013389
 20
114.053045
  0
LWPOLYLINE
  5
89D
100
AcDbEntity
  8
0
100
AcDbPolyline
 62
3
420
65280
  6
BYLAYER
 38
0
 90
2
 70
1
 10
92.780556
 20
114.772712
 10
92.780556
 20
114.053045
  0
LWPOLYLINE
  5
89E
100
AcDbEntity
  8
0
100
AcDbPolyline
 62
3
420
65280
  6
BYLAYER
 38
0
 90
2
 70
1
 10
92.780556
 20
114.772712
 10
92.780556
 20
114.053045
  0
LWPOLYLINE
  5
89F
100
AcDbEntity
  8
0
100
AcDbPolyline
 62
3
420
65280
  6
BYLAYER
 38
0
 90
2
 70
1
 10
92.568889
 20
114.772712
 10
92.568889
 20
114.053045
  0
LWPOLYLINE
  5
8A0
100
AcDbEntity
  8
0
100
AcDbPolyline
 62
3
420
65280
  6
BYLAYER
 38
0
 90
2
 70
1
 10
92.568889
 20
114.772712
 10
92.568889
 20
114.053045
  0
LWPOLYLINE
  5
8A1
100
AcDbEntity
  8
0
100
AcDbPolyline
 62
3
420
65280
  6
BYLAYER
 38
0
 90
2
 70
1
 10
92.357222
 20
114.772712
 10
92.357222
 20
114.053045
  0
LWPOLYLINE
  5
8A2
100
AcDbEntity
  8
0
100
AcDbPolyline
 62
3
420
65280
  6
BYLAYER
 38
0
 90
2
 70
1
 10
92.357222
 20
114.772712
 10
92.357222
 20
114.053045
  0
LWPOLYLINE
  5
8A3
100
AcDbEntity
  8
0
100
AcDbPolyline
 62
3
420
65280
  6
BYLAYER
 38
0
 90
4
 70
1
 10
92.145556
 20
114.053045
 10
92.145556
 20
114.772712
 10
92.357226
 20
114.772712
 10
92.357226
 20
114.053045
  0
LWPOLYLINE
  5
8A4
100
AcDbEntity
  8
0
100
AcDbPolyline
 62
3
420
65280
  6
BYLAYER
 38
0
 90
2
 70
1
 10
92.145556
 20
114.772712
 10
92.145556
 20
114.053045
  0
LWPOLYLINE
  5
8A5
100
AcDbEntity
  8
0
100
AcDbPolyline
 62
3
420
65280
  6
BYLAYER
 38
0
 90
4
 70
1
 10
91.933889
 20
114.053045
 10
91.933889
 20
114.772712
 10
92.145559
 20
114.772712
 10
92.145559
 20
114.053045
  0
LWPOLYLINE
  5
8A6
100
AcDbEntity
  8
0
100
AcDbPolyline
 62
3
420
65280
  6
BYLAYER
 38
0
 90
2
 70
1
 10
91.933889
 20
114.772712
 10
91.933889
 20
114.053045
  0
LWPOLYLINE
  5
8A7
100
AcDbEntity
  8
0
100
AcDbPolyline
 62
3
420
65280
  6
BYLAYER
 38
0
 90
4
 70
1
 10
91.722222
 20
114.053045
 10
91.722222
 20
114.772712
 10
91.933882
 20
114.772712
 10
91.933882
 20
114.053045
  0
LWPOLYLINE
  5
8A8
100
AcDbEntity
  8
0
100
AcDbPolyline
 62
3
420
65280
  6
BYLAYER
 38
0
 90
2
 70
1
 10
91.722222
 20
114.772712
 10
91.722222
 20
114.053045
  0
LWPOLYLINE
  5
8A9
100
AcDbEntity
  8
0
100
AcDbPolyline
 62
3
420
65280
  6
BYLAYER
 38
0
 90
2
 70
1
 10
91.722222
 20
114.772712
 10
91.722222
 20
114.053045
  0
LWPOLYLINE
  5
8AA
100
AcDbEntity
  8
0
100
AcDbPolyline
 62
3
420
65280
  6
BYLAYER
 38
0
 90
2
 70
1
 10
91.510556
 20
114.772712
 10
91.510556
 20
114.053045
  0
LWPOLYLINE
  5
8AB
100
AcDbEntity
  8
0
100
AcDbPolyline
 62
3
420
65280
  6
BYLAYER
 38
0
 90
2
 70
1
 10
91.510556
 20
114.772712
 10
91.510556
 20
114.053045
  0
LWPOLYLINE
  5
8AC
100
AcDbEntity
  8
0
100
AcDbPolyline
 62
3
420
65280
  6
BYLAYER
 38
0
 90
2
 70
1
 10
91.277722
 20
114.772712
 10
91.277722
 20
114.053045
  0
LWPOLYLINE
  5
8AD
100
AcDbEntity
  8
0
100
AcDbPolyline
 62
3
420
65280
  6
BYLAYER
 38
0
 90
2
 70
1
 10
91.277722
 20
114.772712
 10
91.277722
 20
114.053045
  0
LWPOLYLINE
  5
8AE
100
AcDbEntity
  8
0
100
AcDbPolyline
 62
3
420
65280
  6
BYLAYER
 38
0
 90
4
 70
1
 10
91.066056
 20
114.053045
 10
91.066056
 20
114.772712
 10
91.277726
 20
114.772712
 10
91.277726
 20
114.053045
  0
LWPOLYLINE
  5
8AF
100
AcDbEntity
  8
0
100
AcDbPolyline
 62
3
420
65280
  6
BYLAYER
 38
0
 90
2
 70
1
 10
91.066056
 20
114.772712
 10
91.066056
 20
114.053045
  0
LWPOLYLINE
  5
8B0
100
AcDbEntity
  8
0
100
AcDbPolyline
 62
3
420
65280
  6
BYLAYER
 38
0
 90
4
 70
1
 10
90.854389
 20
114.053045
 10
90.854389
 20
114.772712
 10
91.066059
 20
114.772712
 10
91.066059
 20
114.053045
  0
LWPOLYLINE
  5
8B1
100
AcDbEntity
  8
0
100
AcDbPolyline
 62
3
420
65280
  6
BYLAYER
 38
0
 90
2
 70
1
 10
90.854389
 20
114.772712
 10
90.854389
 20
114.053045
  0
LWPOLYLINE
  5
8B2
100
AcDbEntity
  8
0
100
AcDbPolyline
 62
3
420
65280
  6
BYLAYER
 38
0
 90
4
 70
1
 10
90.642722
 20
114.053045
 10
90.642722
 20
114.772712
 10
90.854392
 20
114.772712
 10
90.854392
 20
114.053045
  0
LWPOLYLINE
  5
8B3
100
AcDbEntity
  8
0
100
AcDbPolyline
 62
3
420
65280
  6
BYLAYER
 38
0
 90
2
 70
1
 10
90.642722
 20
114.772712
 10
90.642722
 20
114.053045
  0
LWPOLYLINE
  5
8B4
100
AcDbEntity
  8
0
100
AcDbPolyline
 62
3
420
65280
  6
BYLAYER
 38
0
 90
2
 70
1
 10
90.642722
 20
114.772712
 10
90.642722
 20
114.053045
  0
LWPOLYLINE
  5
8B5
100
AcDbEntity
  8
0
100
AcDbPolyline
 62
3
420
65280
  6
BYLAYER
 38
0
 90
2
 70
1
 10
90.431056
 20
114.772712
 10
90.431056
 20
114.053045
  0
LWPOLYLINE
  5
8B6
100
AcDbEntity
  8
0
100
AcDbPolyline
 62
3
420
65280
  6
BYLAYER
 38
0
 90
2
 70
1
 10
90.431056
 20
114.772712
 10
90.431056
 20
114.053045
  0
LWPOLYLINE
  5
8B7
100
AcDbEntity
  8
0
100
AcDbPolyline
 62
3
420
65280
  6
BYLAYER
 38
0
 90
2
 70
1
 10
90.219389
 20
114.772712
 10
90.219389
 20
114.053045
  0
LWPOLYLINE
  5
8B8
100
AcDbEntity
  8
0
100
AcDbPolyline
 62
3
420
65280
  6
BYLAYER
 38
0
 90
2
 70
1
 10
90.219389
 20
114.772712
 10
90.219389
 20
114.053045
  0
LWPOLYLINE
  5
8B9
100
AcDbEntity
  8
0
100
AcDbPolyline
 62
3
420
65280
  6
BYLAYER
 38
0
 90
2
 70
1
 10
89.986556
 20
114.772712
 10
89.986556
 20
114.053045
  0
LWPOLYLINE
  5
8BA
100
AcDbEntity
  8
0
100
AcDbPolyline
 62
3
420
65280
  6
BYLAYER
 38
0
 90
2
 70
1
 10
89.986556
 20
114.772712
 10
89.986556
 20
114.053045
  0
LWPOLYLINE
  5
8BB
100
AcDbEntity
  8
0
100
AcDbPolyline
 62
3
420
65280
  6
BYLAYER
 38
0
 90
4
 70
1
 10
89.774889
 20
114.053045
 10
89.774889
 20
114.772712
 10
89.986552
 20
114.772712
 10
89.986552
 20
114.053045
  0
LWPOLYLINE
  5
8BC
100
AcDbEntity
  8
0
100
AcDbPolyline
 62
3
420
65280
  6
BYLAYER
 38
0
 90
2
 70
1
 10
89.774889
 20
114.772712
 10
89.774889
 20
114.053045
  0
LWPOLYLINE
  5
8BD
100
AcDbEntity
  8
0
100
AcDbPolyline
 62
3
420
65280
  6
BYLAYER
 38
0
 90
4
 70
1
 10
89.563222
 20
114.053045
 10
89.563222
 20
114.772712
 10
89.774892
 20
114.772712
 10
89.774892
 20
114.053045
  0
LWPOLYLINE
  5
8BE
100
AcDbEntity
  8
0
100
AcDbPolyline
 62
3
420
65280
  6
BYLAYER
 38
0
 90
2
 70
1
 10
89.563222
 20
114.772712
 10
89.563222
 20
114.053045
  0
LWPOLYLINE
  5
8BF
100
AcDbEntity
  8
0
100
AcDbPolyline
 62
3
420
65280
  6
BYLAYER
 38
0
 90
4
 70
1
 10
89.351556
 20
114.053045
 10
89.351556
 20
114.772712
 10
89.563219
 20
114.772712
 10
89.563219
 20
114.053045
  0
LWPOLYLINE
  5
8C0
100
AcDbEntity
  8
0
100
AcDbPolyline
 62
3
420
65280
  6
BYLAYER
 38
0
 90
2
 70
1
 10
89.351556
 20
114.772712
 10
89.351556
 20
114.053045
  0
LWPOLYLINE
  5
8C1
100
AcDbEntity
  8
0
100
AcDbPolyline
 62
3
420
65280
  6
BYLAYER
 38
0
 90
2
 70
1
 10
89.351556
 20
114.772712
 10
89.351556
 20
114.053045
  0
LWPOLYLINE
  5
8C2
100
AcDbEntity
  8
0
100
AcDbPolyline
 62
3
420
65280
  6
BYLAYER
 38
0
 90
2
 70
1
 10
89.139889
 20
114.772712
 10
89.139889
 20
114.053045
  0
LWPOLYLINE
  5
8C3
100
AcDbEntity
  8
0
100
AcDbPolyline
 62
3
420
65280
  6
BYLAYER
 38
0
 90
2
 70
1
 10
89.139889
 20
114.772712
 10
89.139889
 20
114.053045
  0
LWPOLYLINE
  5
8C4
100
AcDbEntity
  8
0
100
AcDbPolyline
 62
3
420
65280
  6
BYLAYER
 38
0
 90
2
 70
1
 10
88.928222
 20
114.772712
 10
88.928222
 20
114.053045
  0
LWPOLYLINE
  5
8C5
100
AcDbEntity
  8
0
100
AcDbPolyline
 62
3
420
65280
  6
BYLAYER
 38
0
 90
2
 70
1
 10
88.928222
 20
114.772712
 10
88.928222
 20
114.053045
  0
LWPOLYLINE
  5
8C6
100
AcDbEntity
  8
0
100
AcDbPolyline
 62
3
420
65280
  6
BYLAYER
 38
0
 90
4
 70
1
 10
88.716556
 20
114.053045
 10
88.716556
 20
114.772712
 10
88.928219
 20
114.772712
 10
88.928219
 20
114.053045
  0
LWPOLYLINE
  5
8C7
100
AcDbEntity
  8
0
100
AcDbPolyline
 62
3
420
65280
  6
BYLAYER
 38
0
 90
2
 70
1
 10
88.716556
 20
114.772712
 10
88.716556
 20
114.053045
  0
LWPOLYLINE
  5
8C8
100
AcDbEntity
  8
0
100
AcDbPolyline
 62
3
420
65280
  6
BYLAYER
 38
0
 90
4
 70
1
 10
88.483722
 20
114.053045
 10
88.483722
 20
114.772712
 10
88.716556
 20
114.772712
 10
88.716556
 20
114.053045
  0
LWPOLYLINE
  5
8C9
100
AcDbEntity
  8
0
100
AcDbPolyline
 62
3
420
65280
  6
BYLAYER
 38
0
 90
2
 70
1
 10
88.483722
 20
114.772712
 10
88.483722
 20
114.053045
  0
LWPOLYLINE
  5
8CA
100
AcDbEntity
  8
0
100
AcDbPolyline
 62
3
420
65280
  6
BYLAYER
 38
0
 90
4
 70
1
 10
88.272056
 20
114.053045
 10
88.272056
 20
114.772712
 10
88.483719
 20
114.772712
 10
88.483719
 20
114.053045
  0
LWPOLYLINE
  5
8CB
100
AcDbEntity
  8
0
100
AcDbPolyline
 62
3
420
65280
  6
BYLAYER
 38
0
 90
2
 70
1
 10
88.272056
 20
114.772712
 10
88.272056
 20
114.053045
  0
LWPOLYLINE
  5
8CC
100
AcDbEntity
  8
0
100
AcDbPolyline
 62
3
420
65280
  6
BYLAYER
 38
0
 90
2
 70
1
 10
88.272056
 20
114.772712
 10
88.272056
 20
114.053045
  0
LWPOLYLINE
  5
8CD
100
AcDbEntity
  8
0
100
AcDbPolyline
 62
3
420
65280
  6
BYLAYER
 38
0
 90
2
 70
1
 10
88.060389
 20
114.772712
 10
88.060389
 20
114.053045
  0
LWPOLYLINE
  5
8CE
100
AcDbEntity
  8
0
100
AcDbPolyline
 62
3
420
65280
  6
BYLAYER
 38
0
 90
2
 70
1
 10
88.060389
 20
114.772712
 10
88.060389
 20
114.053045
  0
LWPOLYLINE
  5
8CF
100
AcDbEntity
  8
0
100
AcDbPolyline
 62
3
420
65280
  6
BYLAYER
 38
0
 90
2
 70
1
 10
87.848722
 20
114.772712
 10
87.848722
 20
114.053045
  0
LWPOLYLINE
  5
8D0
100
AcDbEntity
  8
0
100
AcDbPolyline
 62
3
420
65280
  6
BYLAYER
 38
0
 90
2
 70
1
 10
87.848722
 20
114.772712
 10
87.848722
 20
114.053045
  0
LWPOLYLINE
  5
8D1
100
AcDbEntity
  8
0
100
AcDbPolyline
 62
3
420
65280
  6
BYLAYER
 38
0
 90
2
 70
1
 10
87.637056
 20
114.772712
 10
87.637056
 20
114.053045
  0
LWPOLYLINE
  5
8D2
100
AcDbEntity
  8
0
100
AcDbPolyline
 62
3
420
65280
  6
BYLAYER
 38
0
 90
2
 70
1
 10
87.637056
 20
114.772712
 10
87.637056
 20
114.053045
  0
LWPOLYLINE
  5
8D3
100
AcDbEntity
  8
0
100
AcDbPolyline
 62
3
420
65280
  6
BYLAYER
 38
0
 90
4
 70
1
 10
87.425389
 20
114.053045
 10
87.425389
 20
114.772712
 10
87.637059
 20
114.772712
 10
87.637059
 20
114.053045
  0
LWPOLYLINE
  5
8D4
100
AcDbEntity
  8
0
100
AcDbPolyline
 62
3
420
65280
  6
BYLAYER
 38
0
 90
2
 70
1
 10
87.425389
 20
114.772712
 10
87.425389
 20
114.053045
  0
LWPOLYLINE
  5
8D5
100
AcDbEntity
  8
0
100
AcDbPolyline
 62
3
420
65280
  6
BYLAYER
 38
0
 90
4
 70
1
 10
87.192556
 20
114.053045
 10
87.192556
 20
114.772712
 10
87.425389
 20
114.772712
 10
87.425389
 20
114.053045
  0
LWPOLYLINE
  5
8D6
100
AcDbEntity
  8
0
100
AcDbPolyline
 62
3
420
65280
  6
BYLAYER
 38
0
 90
2
 70
1
 10
87.192556
 20
114.772712
 10
87.192556
 20
114.053045
  0
LWPOLYLINE
  5
8D7
100
AcDbEntity
  8
0
100
AcDbPolyline
 62
3
420
65280
  6
BYLAYER
 38
0
 90
4
 70
1
 10
86.980889
 20
114.053045
 10
86.980889
 20
114.772712
 10
87.192552
 20
114.772712
 10
87.192552
 20
114.053045
  0
LWPOLYLINE
  5
8D8
100
AcDbEntity
  8
0
100
AcDbPolyline
 62
3
420
65280
  6
BYLAYER
 38
0
 90
2
 70
1
 10
86.980889
 20
114.772712
 10
86.980889
 20
114.053045
  0
LWPOLYLINE
  5
8D9
100
AcDbEntity
  8
0
100
AcDbPolyline
 62
3
420
65280
  6
BYLAYER
 38
0
 90
2
 70
1
 10
86.980889
 20
114.772712
 10
86.980889
 20
114.053045
  0
LWPOLYLINE
  5
8DA
100
AcDbEntity
  8
0
100
AcDbPolyline
 62
3
420
65280
  6
BYLAYER
 38
0
 90
2
 70
1
 10
86.769222
 20
114.772712
 10
86.769222
 20
114.053045
  0
LWPOLYLINE
  5
8DB
100
AcDbEntity
  8
0
100
AcDbPolyline
 62
3
420
65280
  6
BYLAYER
 38
0
 90
2
 70
1
 10
86.769222
 20
114.772712
 10
86.769222
 20
114.053045
  0
LWPOLYLINE
  5
8DC
100
AcDbEntity
  8
0
100
AcDbPolyline
 62
3
420
65280
  6
BYLAYER
 38
0
 90
2
 70
1
 10
86.557556
 20
114.772712
 10
86.557556
 20
114.053045
  0
LWPOLYLINE
  5
8DD
100
AcDbEntity
  8
0
100
AcDbPolyline
 62
3
420
65280
  6
BYLAYER
 38
0
 90
2
 70
1
 10
86.557556
 20
114.772712
 10
86.557556
 20
114.053045
  0
LWPOLYLINE
  5
8DE
100
AcDbEntity
  8
0
100
AcDbPolyline
 62
3
420
65280
  6
BYLAYER
 38
0
 90
4
 70
1
 10
86.345889
 20
114.053045
 10
86.345889
 20
114.772712
 10
86.557559
 20
114.772712
 10
86.557559
 20
114.053045
  0
LWPOLYLINE
  5
8DF
100
AcDbEntity
  8
0
100
AcDbPolyline
 62
3
420
65280
  6
BYLAYER
 38
0
 90
2
 70
1
 10
86.345889
 20
114.772712
 10
86.345889
 20
114.053045
  0
LWPOLYLINE
  5
8E0
100
AcDbEntity
  8
0
100
AcDbPolyline
 62
3
420
65280
  6
BYLAYER
 38
0
 90
4
 70
1
 10
86.134222
 20
114.053045
 10
86.134222
 20
114.772712
 10
86.345892
 20
114.772712
 10
86.345892
 20
114.053045
  0
LWPOLYLINE
  5
8E1
100
AcDbEntity
  8
0
100
AcDbPolyline
 62
3
420
65280
  6
BYLAYER
 38
0
 90
2
 70
1
 10
86.134222
 20
114.772712
 10
86.134222
 20
114.053045
  0
LWPOLYLINE
  5
8E2
100
AcDbEntity
  8
0
100
AcDbPolyline
 62
3
420
65280
  6
BYLAYER
 38
0
 90
4
 70
1
 10
85.901389
 20
114.053045
 10
85.901389
 20
114.772712
 10
86.134219
 20
114.772712
 10
86.134219
 20
114.053045
  0
LWPOLYLINE
  5
8E3
100
AcDbEntity
  8
0
100
AcDbPolyline
 62
3
420
65280
  6
BYLAYER
 38
0
 90
2
 70
1
 10
85.901389
 20
114.772712
 10
85.901389
 20
114.053045
  0
LWPOLYLINE
  5
8E4
100
AcDbEntity
  8
0
100
AcDbPolyline
 62
3
420
65280
  6
BYLAYER
 38
0
 90
2
 70
1
 10
85.901389
 20
114.772712
 10
85.901389
 20
114.053045
  0
LWPOLYLINE
  5
8E5
100
AcDbEntity
  8
0
100
AcDbPolyline
 62
3
420
65280
  6
BYLAYER
 38
0
 90
2
 70
1
 10
85.689722
 20
114.772712
 10
85.689722
 20
114.053045
  0
LWPOLYLINE
  5
8E6
100
AcDbEntity
  8
0
100
AcDbPolyline
 62
3
420
65280
  6
BYLAYER
 38
0
 90
2
 70
1
 10
85.689722
 20
114.772712
 10
85.689722
 20
114.053045
  0
LWPOLYLINE
  5
8E7
100
AcDbEntity
  8
0
100
AcDbPolyline
 62
3
420
65280
  6
BYLAYER
 38
0
 90
2
 70
1
 10
85.478056
 20
114.772712
 10
85.478056
 20
114.053045
  0
LWPOLYLINE
  5
8E8
100
AcDbEntity
  8
0
100
AcDbPolyline
 62
6
420
16711935
  6
BYLAYER
 38
0
 90
2
 70
1
 10
121.588389
 20
148.978045
 10
121.588389
 20
116.910545
  0
LWPOLYLINE
  5
8E9
100
AcDbEntity
  8
0
100
AcDbPolyline
 62
6
420
16711935
  6
BYLAYER
 38
0
 90
2
 70
1
 10
120.953389
 20
116.910545
 10
120.953389
 20
148.978045
  0
LWPOLYLINE
  5
8EA
100
AcDbEntity
  8
0
100
AcDbPolyline
 62
40
420
16760576
  6
BYLAYER
 38
0
 90
9
 70
0
 10
85.054722
 20
114.772712
 10
85.054722
 20
112.846545
 10
85.266389
 20
112.613712
 10
85.266389
 20
112.126879
 10
85.478056
 20
111.894045
 10
85.478056
 20
107.830045
 10
85.478056
 20
107.343212
 10
86.134222
 20
106.877545
 10
88.716556
 20
105.925045
  0
LWPOLYLINE
  5
8EB
100
AcDbEntity
  8
0
100
AcDbPolyline
 62
40
420
16760576
  6
BYLAYER
 38
0
 90
3
 70
0
 10
89.351556
 20
104.718545
 10
89.139889
 20
105.438212
 10
88.716556
 20
105.925045
  0
LWPOLYLINE
  5
8EC
100
AcDbEntity
  8
0
100
AcDbPolyline
 62
40
420
16760576
  6
BYLAYER
 38
0
 90
2
 70
0
 10
89.351556
 20
104.718545
 10
89.351556
 20
102.813545
  0
LWPOLYLINE
  5
8ED
100
AcDbEntity
  8
0
100
AcDbPolyline
 62
40
420
16760576
  6
BYLAYER
 38
0
 90
2
 70
0
 10
97.310222
 20
100.421712
 10
97.310222
 20
102.093879
  0
LWPOLYLINE
  5
8EE
100
AcDbEntity
  8
0
100
AcDbPolyline
 62
40
420
16760576
  6
BYLAYER
 38
0
 90
4
 70
0
 10
97.310222
 20
102.813545
 10
97.098556
 20
102.813545
 10
97.098556
 20
102.326712
 10
97.310222
 20
102.093879
  0
LWPOLYLINE
  5
8EF
100
AcDbEntity
  8
0
100
AcDbPolyline
 62
40
420
16760576
  6
BYLAYER
 38
0
 90
2
 70
0
 10
97.310222
 20
102.813545
 10
97.310222
 20
104.951379
  0
LWPOLYLINE
  5
8F0
100
AcDbEntity
  8
0
100
AcDbPolyline
 62
40
420
16760576
  6
BYLAYER
 38
0
 90
3
 70
0
 10
98.156889
 20
105.671045
 10
97.521889
 20
105.438212
 10
97.310222
 20
104.951379
  0
LWPOLYLINE
  5
8F1
100
AcDbEntity
  8
0
100
AcDbPolyline
 62
40
420
16760576
  6
BYLAYER
 38
0
 90
8
 70
0
 10
98.156889
 20
105.671045
 10
101.818722
 20
105.671045
 10
102.453722
 20
105.925045
 10
102.686556
 20
106.390712
 10
102.686556
 20
108.062879
 10
102.453722
 20
108.782545
 10
101.818722
 20
109.036545
 10
99.659722
 20
109.036545
  0
LWPOLYLINE
  5
8F2
100
AcDbEntity
  8
0
100
AcDbPolyline
 62
40
420
16760576
  6
BYLAYER
 38
0
 90
3
 70
0
 10
99.024722
 20
109.735045
 10
99.236389
 20
109.036545
 10
99.659722
 20
109.036545
  0
LWPOLYLINE
  5
8F3
100
AcDbEntity
  8
0
100
AcDbPolyline
 62
40
420
16760576
  6
BYLAYER
 38
0
 90
3
 70
0
 10
99.024722
 20
109.735045
 10
99.024722
 20
114.772712
 10
85.054722
 20
114.772712
  0
LWPOLYLINE
  5
8F4
100
AcDbEntity
  8
0
100
AcDbPolyline
 62
3
420
65280
  6
BYLAYER
 38
0
 90
2
 70
0
 10
120.953389
 20
149.210879
 10
120.953389
 20
154.947045
  0
LWPOLYLINE
  5
8F5
100
AcDbEntity
  8
0
100
AcDbPolyline
 62
3
420
65280
  6
BYLAYER
 38
0
 90
2
 70
0
 10
122.456222
 20
149.443712
 10
122.456222
 20
154.947045
  0
LWPOLYLINE
  5
8F6
100
AcDbEntity
  8
0
100
AcDbPolyline
 62
2
420
16776960
  6
BYLAYER
 38
0
 90
2
 70
0
 10
119.873889
 20
154.714212
 10
118.794389
 20
154.714212
  0
LWPOLYLINE
  5
8F7
100
AcDbEntity
  8
0
100
AcDbPolyline
 62
2
420
16776960
  6
BYLAYER
 38
0
 90
3
 70
0
 10
123.302889
 20
154.714212
 10
124.382389
 20
154.714212
 10
124.382389
 20
140.363212
  0
HATCH
  5
8F8
100
AcDbEntity
  8
0
100
AcDbHatch
370
-1
 62
2
420
16776960
 10
0
 20
0
 30
0
210
0
220
0
230
1
  2
SOLID
 70
1
 71
0
 91
1
 92
3
 72
0
 73
1
 93
3
 10
119.873889
 20
154.947045
 10
119.873889
 20
154.481379
 10
120.953389
 20
154.714212
 97
0
 75
0
 76
1
 98
0
  0
LWPOLYLINE
  5
8F9
100
AcDbEntity
  8
0
100
AcDbPolyline
 62
2
420
16776960
  6
BYLAYER
 38
0
 90
3
 70
1
 10
119.873889
 20
154.945634
 10
119.873889
 20
154.479992
 10
120.953546
 20
154.712627
  0
HATCH
  5
8FA
100
AcDbEntity
  8
0
100
AcDbHatch
370
-1
 62
2
420
16776960
 10
0
 20
0
 30
0
210
0
220
0
230
1
  2
SOLID
 70
1
 71
0
 91
1
 92
3
 72
0
 73
1
 93
3
 10
123.302889
 20
154.947045
 10
123.302889
 20
154.481379
 10
122.456222
 20
154.714212
 97
0
 75
0
 76
1
 98
0
  0
MTEXT
  5
8FB
100
AcDbEntity
  8
0
100
AcDbMText
370
-1
 62
3
420
65280
 10
87.848789
 20
161.451972
 30
0
 40
1.234361
  1
{\fSimSun|b0|i0|c0;33.6(LCD)}
 50
0
 41
0
  7
Standard
 71
1
 73
1
 44
1
  0
HATCH
  5
8FC
100
AcDbEntity
  8
0
100
AcDbHatch
370
-1
 62
3
420
65280
 10
0
 20
0
 30
0
210
0
220
0
230
1
  2
SOLID
 70
1
 71
0
 91
1
 92
3
 72
0
 73
1
 93
4
 10
120.932222
 20
148.978045
 10
120.932222
 20
148.956879
 10
120.953388
 20
148.956879
 10
120.953388
 20
148.978045
 97
0
 75
0
 76
1
 98
0
  0
HATCH
  5
8FD
100
AcDbEntity
  8
0
100
AcDbHatch
370
-1
 62
3
420
65280
 10
0
 20
0
 30
0
210
0
220
0
230
1
  2
SOLID
 70
1
 71
0
 91
1
 92
3
 72
0
 73
1
 93
4
 10
122.435056
 20
149.210879
 10
122.435056
 20
149.189713
 10
122.456222
 20
149.189713
 10
122.456222
 20
149.210879
 97
0
 75
0
 76
1
 98
0
  0
HATCH
  5
8FE
100
AcDbEntity
  8
0
100
AcDbHatch
370
-1
 62
3
420
65280
 10
0
 20
0
 30
0
210
0
220
0
230
1
  2
SOLID
 70
1
 71
0
 91
1
 92
3
 72
0
 73
1
 93
4
 10
122.435056
 20
154.714212
 10
122.435056
 20
154.693046
 10
122.456222
 20
154.693046
 10
122.456222
 20
154.714212
 97
0
 75
0
 76
1
 98
0
  0
LWPOLYLINE
  5
8FF
100
AcDbEntity
  8
0
100
AcDbPolyline
 62
2
420
16776960
  6
BYLAYER
 38
0
 90
3
 70
1
 10
123.302889
 20
154.945634
 10
123.302889
 20
154.479992
 10
122.456282
 20
154.712627
  0
LWPOLYLINE
  5
900
100
AcDbEntity
  8
0
100
AcDbPolyline
 62
3
420
65280
  6
BYLAYER
 38
0
 90
2
 70
0
 10
81.604556
 20
117.630212
 10
76.016556
 20
117.630212
  0
LWPOLYLINE
  5
901
100
AcDbEntity
  8
0
100
AcDbPolyline
 62
3
420
65280
  6
BYLAYER
 38
0
 90
2
 70
0
 10
81.604556
 20
148.258379
 10
76.016556
 20
148.258379
  0
LWPOLYLINE
  5
902
100
AcDbEntity
  8
0
100
AcDbPolyline
 62
2
420
16776960
  6
BYLAYER
 38
0
 90
2
 70
0
 10
76.249389
 20
118.836712
 10
76.249389
 20
147.051879
  0
HATCH
  5
903
100
AcDbEntity
  8
0
100
AcDbHatch
370
-1
 62
2
420
16776960
 10
0
 20
0
 30
0
210
0
220
0
230
1
  2
SOLID
 70
1
 71
0
 91
1
 92
3
 72
0
 73
1
 93
3
 10
76.461056
 20
118.836712
 10
76.016556
 20
118.836712
 10
76.249389
 20
117.630212
 97
0
 75
0
 76
1
 98
0
  0
LWPOLYLINE
  5
904
100
AcDbEntity
  8
0
100
AcDbPolyline
 62
2
420
16776960
  6
BYLAYER
 38
0
 90
3
 70
1
 10
76.461056
 20
118.834242
 10
76.016687
 20
118.834242
 10
76.249404
 20
117.627891
  0
HATCH
  5
905
100
AcDbEntity
  8
0
100
AcDbHatch
370
-1
 62
2
420
16776960
 10
0
 20
0
 30
0
210
0
220
0
230
1
  2
SOLID
 70
1
 71
0
 91
1
 92
3
 72
0
 73
1
 93
3
 10
76.461056
 20
147.051879
 10
76.016556
 20
147.051879
 10
76.249389
 20
148.258379
 97
0
 75
0
 76
1
 98
0
  0
MTEXT
  5
906
100
AcDbEntity
  8
0
100
AcDbMText
370
-1
 62
3
420
65280
 10
124.827118
 20
154.714088
 30
0
 40
2.005827
  1
{\fSimSun|b0|i0|c0;2.2¡À0.10}
 50
-90
 41
0
  7
Standard
 71
7
 73
1
 44
1
  0
HATCH
  5
907
100
AcDbEntity
  8
0
100
AcDbHatch
370
-1
 62
7
 10
0
 20
0
 30
0
210
0
220
0
230
1
  2
SOLID
 70
1
 71
0
 91
1
 92
3
 72
0
 73
1
 93
4
 10
81.816222
 20
117.630212
 10
81.816222
 20
117.609046
 10
81.837388
 20
117.609046
 10
81.837388
 20
117.630212
 97
0
 75
0
 76
1
 98
0
  0
HATCH
  5
908
100
AcDbEntity
  8
0
100
AcDbHatch
370
-1
 62
7
 10
0
 20
0
 30
0
210
0
220
0
230
1
  2
SOLID
 70
1
 71
0
 91
1
 92
3
 72
0
 73
1
 93
4
 10
81.816222
 20
148.258379
 10
81.816222
 20
148.237213
 10
81.837388
 20
148.237213
 10
81.837388
 20
148.258379
 97
0
 75
0
 76
1
 98
0
  0
HATCH
  5
909
100
AcDbEntity
  8
0
100
AcDbHatch
370
-1
 62
7
 10
0
 20
0
 30
0
210
0
220
0
230
1
  2
SOLID
 70
1
 71
0
 91
1
 92
3
 72
0
 73
1
 93
4
 10
76.228222
 20
148.258379
 10
76.228222
 20
148.237213
 10
76.249393
 20
148.237213
 10
76.249393
 20
148.258379
 97
0
 75
0
 76
1
 98
0
  0
LWPOLYLINE
  5
90A
100
AcDbEntity
  8
0
100
AcDbPolyline
 62
2
420
16776960
  6
BYLAYER
 38
0
 90
3
 70
1
 10
76.461056
 20
147.050115
 10
76.016687
 20
147.050115
 10
76.249404
 20
148.256466
  0
LWPOLYLINE
  5
90B
100
AcDbEntity
  8
0
100
AcDbPolyline
 62
3
420
65280
  6
BYLAYER
 38
0
 90
2
 70
0
 10
81.837389
 20
148.491212
 10
81.837389
 20
152.555212
  0
LWPOLYLINE
  5
90C
100
AcDbEntity
  8
0
100
AcDbPolyline
 62
3
420
65280
  6
BYLAYER
 38
0
 90
2
 70
0
 10
102.453722
 20
148.491212
 10
102.453722
 20
152.555212
  0
LWPOLYLINE
  5
90D
100
AcDbEntity
  8
0
100
AcDbPolyline
 62
2
420
16776960
  6
BYLAYER
 38
0
 90
2
 70
0
 10
82.684056
 20
152.322379
 10
101.395389
 20
152.322379
  0
HATCH
  5
90E
100
AcDbEntity
  8
0
100
AcDbHatch
370
-1
 62
2
420
16776960
 10
0
 20
0
 30
0
210
0
220
0
230
1
  2
SOLID
 70
1
 71
0
 91
1
 92
3
 72
0
 73
1
 93
3
 10
82.684056
 20
152.555212
 10
82.684056
 20
152.322379
 10
81.837389
 20
152.322379
 97
0
 75
0
 76
1
 98
0
  0
LWPOLYLINE
  5
90F
100
AcDbEntity
  8
0
100
AcDbPolyline
 62
2
420
16776960
  6
BYLAYER
 38
0
 90
3
 70
1
 10
82.684056
 20
152.553801
 10
82.684056
 20
152.320794
 10
81.837449
 20
152.320794
  0
HATCH
  5
910
100
AcDbEntity
  8
0
100
AcDbHatch
370
-1
 62
2
420
16776960
 10
0
 20
0
 30
0
210
0
220
0
230
1
  2
SOLID
 70
1
 71
0
 91
1
 92
3
 72
0
 73
1
 93
3
 10
101.395389
 20
152.555212
 10
101.395389
 20
152.322379
 10
102.453722
 20
152.322379
 97
0
 75
0
 76
1
 98
0
  0
MTEXT
  5
911
100
AcDbEntity
  8
0
100
AcDbMText
370
-1
 62
3
420
65280
 10
76.461104
 20
137.738518
 30
0
 40
1.234361
  1
{\fSimSun|b0|i0|c0;40.8(A.A)}
 50
-90
 41
0
  7
Standard
 71
7
 73
1
 44
1
  0
HATCH
  5
912
100
AcDbEntity
  8
0
100
AcDbHatch
370
-1
 62
7
 10
0
 20
0
 30
0
210
0
220
0
230
1
  2
SOLID
 70
1
 71
0
 91
1
 92
3
 72
0
 73
1
 93
4
 10
81.816222
 20
148.258379
 10
81.816222
 20
148.237213
 10
81.837388
 20
148.237213
 10
81.837388
 20
148.258379
 97
0
 75
0
 76
1
 98
0
  0
HATCH
  5
913
100
AcDbEntity
  8
0
100
AcDbHatch
370
-1
 62
7
 10
0
 20
0
 30
0
210
0
220
0
230
1
  2
SOLID
 70
1
 71
0
 91
1
 92
3
 72
0
 73
1
 93
4
 10
102.432556
 20
148.258379
 10
102.432556
 20
148.237213
 10
102.453722
 20
148.237213
 10
102.453722
 20
148.258379
 97
0
 75
0
 76
1
 98
0
  0
HATCH
  5
914
100
AcDbEntity
  8
0
100
AcDbHatch
370
-1
 62
7
 10
0
 20
0
 30
0
210
0
220
0
230
1
  2
SOLID
 70
1
 71
0
 91
1
 92
3
 72
0
 73
1
 93
4
 10
102.432556
 20
152.322379
 10
102.432556
 20
152.301213
 10
102.453722
 20
152.301213
 10
102.453722
 20
152.322379
 97
0
 75
0
 76
1
 98
0
  0
LWPOLYLINE
  5
915
100
AcDbEntity
  8
0
100
AcDbPolyline
 62
2
420
16776960
  6
BYLAYER
 38
0
 90
3
 70
1
 10
101.395389
 20
152.553801
 10
101.395389
 20
152.320794
 10
102.453647
 20
152.320794
  0
LWPOLYLINE
  5
916
100
AcDbEntity
  8
0
100
AcDbPolyline
 62
7
  6
BYLAYER
 38
0
 90
2
 70
0
 10
168.874722
 20
150.163379
 10
168.874722
 20
149.930545
  0
LWPOLYLINE
  5
917
100
AcDbEntity
  8
0
100
AcDbPolyline
 62
7
  6
BYLAYER
 38
0
 90
2
 70
0
 10
168.874722
 20
150.163379
 10
192.729556
 20
150.163379
  0
LWPOLYLINE
  5
918
100
AcDbEntity
  8
0
100
AcDbPolyline
 62
7
  6
BYLAYER
 38
0
 90
3
 70
0
 10
192.962389
 20
149.930545
 10
192.729556
 20
149.930545
 10
192.729556
 20
150.163379
  0
LWPOLYLINE
  5
919
100
AcDbEntity
  8
0
100
AcDbPolyline
 62
7
  6
BYLAYER
 38
0
 90
2
 70
0
 10
192.962389
 20
149.930545
 10
192.962389
 20
111.661212
  0
LWPOLYLINE
  5
91A
100
AcDbEntity
  8
0
100
AcDbPolyline
 62
7
  6
BYLAYER
 38
0
 90
2
 70
0
 10
192.729556
 20
111.661212
 10
192.962389
 20
111.661212
  0
HATCH
  5
91B
100
AcDbEntity
  8
0
100
AcDbHatch
370
-1
 62
7
 10
0
 20
0
 30
0
210
0
220
0
230
1
  2
SOLID
 70
1
 71
0
 91
1
 92
3
 72
0
 73
1
 93
4
 10
168.853556
 20
111.661212
 10
168.853556
 20
111.640046
 10
168.874722
 20
111.640046
 10
168.874722
 20
111.661212
 97
0
 75
0
 76
1
 98
0
  0
LWPOLYLINE
  5
91C
100
AcDbEntity
  8
0
100
AcDbPolyline
 62
7
  6
BYLAYER
 38
0
 90
2
 70
0
 10
192.729556
 20
111.661212
 10
168.874722
 20
111.661212
  0
MTEXT
  5
91D
100
AcDbEntity
  8
0
100
AcDbMText
370
-1
 62
3
420
65280
 10
87.637114
 20
154.276484
 30
0
 40
1.234361
  1
{\fSimSun|b0|i0|c0;30.6(A.A)}
 50
0
 41
0
  7
Standard
 71
1
 73
1
 44
1
  0
HATCH
  5
91E
100
AcDbEntity
  8
0
100
AcDbHatch
370
-1
 62
4
420
65535
 10
0
 20
0
 30
0
210
0
220
0
230
1
  2
SOLID
 70
1
 71
0
 91
4
 92
3
 72
0
 73
1
 93
47
 10
176.867819
 20
103.956684
 10
178.380905
 20
103.956684
 10
178.456972
 20
104.054801
 10
178.620132
 20
103.934636
 10
178.544064
 20
103.869592
 10
178.546683
 20
103.684453
 10
178.555089
 20
103.542722
 10
178.391929
 20
103.488702
 10
178.391929
 20
103.575794
 10
177.161616
 20
103.575794
 10
177.096022
 20
103.314518
 10
178.555089
 20
103.314518
 10
178.631156
 20
103.412084
 10
178.80534
 20
103.281446
 10
178.718248
 20
103.227426
 10
178.654273
 20
103.015949
 10
178.592985
 20
102.850257
 10
178.534384
 20
102.730247
 10
178.47847
 20
102.655816
 10
178.414477
 20
102.609919
 10
178.331571
 20
102.575545
 10
178.229648
 20
102.552644
 10
178.108604
 20
102.541163
 10
178.09764
 20
102.605845
 10
178.043216
 20
102.669183
 10
177.945281
 20
102.731074
 10
177.803782
 20
102.791415
 10
177.814807
 20
102.835512
 10
177.996087
 20
102.793138
 10
178.137268
 20
102.763579
 10
178.238347
 20
102.746836
 10
178.299325
 20
102.742908
 10
178.376564
 20
102.783423
 10
178.445948
 20
102.895044
 10
178.508718
 20
103.057101
 10
178.566113
 20
103.248924
 10
177.085549
 20
103.248924
 10
177.00893
 20
103.172856
 10
176.867819
 20
103.303494
 10
176.943886
 20
103.358064
 10
176.997906
 20
103.559258
 10
177.019954
 20
103.760452
 10
177.183114
 20
103.640838
 10
178.391929
 20
103.640838
 10
178.391929
 20
103.89109
 10
177.22666
 20
103.89109
 10
176.965384
 20
103.858568
 97
0
 92
3
 72
0
 73
1
 93
29
 10
178.15215
 20
104.685942
 10
178.152788
 20
104.498563
 10
178.154769
 20
104.339917
 10
178.158196
 20
104.210002
 10
178.163175
 20
104.10882
 10
178.000015
 20
104.032752
 10
178.000015
 20
104.685942
 10
177.564555
 20
104.685942
 10
177.564555
 20
104.087322
 10
177.400844
 20
104.021728
 10
177.40559
 20
104.153106
 10
177.409043
 20
104.307533
 10
177.411153
 20
104.48511
 10
177.411868
 20
104.685942
 10
176.976408
 20
104.685942
 10
176.839982
 20
104.677743
 10
176.715132
 20
104.65342
 10
176.617016
 20
104.751537
 10
177.760236
 20
104.751537
 10
177.730195
 20
104.90629
 10
177.640623
 20
105.066832
 10
177.66212
 20
105.08888
 10
177.821352
 20
105.004131
 10
177.907411
 20
104.925169
 10
177.919469
 20
104.843727
 10
177.858353
 20
104.751537
 10
178.598635
 20
104.751537
 10
178.761794
 20
104.914696
 10
178.990549
 20
104.685942
 97
0
 92
3
 72
0
 73
1
 93
7
 10
177.11807
 20
104.566328
 10
177.292254
 20
104.403169
 10
177.183114
 20
104.38112
 10
176.924801
 20
104.174414
 10
176.606543
 20
103.967709
 10
176.584494
 20
104.00023
 10
176.886422
 20
104.272324
 97
0
 92
3
 72
0
 73
1
 93
15
 10
178.304837
 20
104.479236
 10
178.326334
 20
104.511758
 10
178.535796
 20
104.43824
 10
178.707224
 20
104.370096
 10
178.82546
 20
104.301952
 10
178.875896
 20
104.228433
 10
178.880099
 20
104.15085
 10
178.859911
 20
104.070786
 10
178.83974
 20
104.043501
 10
178.812231
 20
104.043501
 10
178.77728
 20
104.070786
 10
178.734785
 20
104.125356
 10
178.673187
 20
104.198323
 10
178.580996
 20
104.281626
 10
178.458213
 20
104.375263
 97
0
 75
0
 76
1
 98
0
  0
HATCH
  5
91F
100
AcDbEntity
  8
0
100
AcDbHatch
370
-1
 62
4
420
65535
 10
0
 20
0
 30
0
210
0
220
0
230
1
  2
SOLID
 70
1
 71
0
 91
2
 92
3
 72
0
 73
1
 93
45
 10
181.218418
 20
102.541163
 10
181.223164
 20
102.69447
 10
181.226618
 20
102.827106
 10
181.228728
 20
102.939279
 10
181.229442
 20
103.031194
 10
181.229442
 20
104.043776
 10
180.70689
 20
104.043776
 10
180.692137
 20
103.801259
 10
180.659038
 20
103.574761
 10
180.607594
 20
103.364283
 10
180.537805
 20
103.169824
 10
180.449671
 20
102.991386
 10
180.343192
 20
102.828967
 10
180.218367
 20
102.682567
 10
180.075198
 20
102.552188
 10
180.0537
 20
102.584709
 10
180.161704
 20
102.718371
 10
180.257512
 20
102.868103
 10
180.341125
 20
103.034062
 10
180.412541
 20
103.216402
 10
180.470014
 20
103.414116
 10
180.511829
 20
103.62692
 10
180.538038
 20
103.854813
 10
180.548692
 20
104.097795
 10
180.550233
 20
104.334689
 10
180.549863
 20
104.544349
 10
180.547529
 20
104.726827
 10
180.543179
 20
104.882175
 10
180.70689
 20
104.773034
 10
181.025734
 20
104.83899
 10
181.275331
 20
104.90629
 10
181.455682
 20
104.975037
 10
181.566786
 20
105.045334
 10
181.751995
 20
104.838629
 10
181.550319
 20
104.821954
 10
181.315983
 20
104.794531
 10
181.038515
 20
104.758978
 10
180.70689
 20
104.718464
 10
180.70689
 20
104.10882
 10
181.512216
 20
104.10882
 10
181.653878
 20
104.250482
 10
181.860584
 20
104.043776
 10
181.381578
 20
104.043776
 10
181.381578
 20
102.944102
 10
181.392602
 20
102.606758
 97
0
 92
3
 72
0
 73
1
 93
44
 10
179.334916
 20
103.67336
 10
179.401483
 20
103.68422
 10
179.514405
 20
103.716837
 10
179.673732
 20
103.771261
 10
179.879516
 20
103.847544
 10
179.879516
 20
104.392144
 10
179.56367
 20
104.392144
 10
179.433032
 20
104.370096
 10
179.34594
 20
104.457188
 10
179.879516
 20
104.457188
 10
179.876691
 20
104.794531
 10
179.868492
 20
105.08888
 10
180.129768
 20
104.969267
 10
180.031652
 20
104.892648
 10
180.031652
 20
104.457188
 10
180.173314
 20
104.457188
 10
180.292928
 20
104.577353
 10
180.478136
 20
104.392144
 10
180.031652
 20
104.392144
 10
180.031652
 20
103.902114
 10
180.43459
 20
104.054801
 10
180.445614
 20
104.011255
 10
180.031652
 20
103.793525
 10
180.031652
 20
102.91158
 10
180.020705
 20
102.79188
 10
179.97715
 20
102.693988
 10
179.90104
 20
102.6178
 10
179.792424
 20
102.563212
 10
179.771969
 20
102.632562
 10
179.710638
 20
102.699224
 10
179.608482
 20
102.7632
 10
179.465554
 20
102.824488
 10
179.465554
 20
102.868034
 10
179.575848
 20
102.848905
 10
179.667023
 20
102.835306
 10
179.73918
 20
102.827184
 10
179.792424
 20
102.824488
 10
179.857674
 20
102.854323
 10
179.879516
 20
102.944102
 10
179.879516
 20
103.716906
 10
179.710422
 20
103.631838
 10
179.585098
 20
103.561807
 10
179.503493
 20
103.506763
 10
179.465554
 20
103.466654
 97
0
 75
0
 76
1
 98
0
  0
HATCH
  5
920
100
AcDbEntity
  8
0
100
AcDbHatch
370
-1
 62
4
420
65535
 10
0
 20
0
 30
0
210
0
220
0
230
1
  2
SOLID
 70
1
 71
0
 91
4
 92
3
 72
0
 73
1
 93
7
 10
182.466227
 20
104.849102
 10
184.001361
 20
104.849102
 10
184.164521
 20
105.012813
 10
184.382251
 20
104.784058
 10
182.825619
 20
104.784058
 10
182.689193
 20
104.775859
 10
182.564343
 20
104.751537
 97
0
 92
3
 72
0
 73
1
 93
25
 10
182.128883
 20
104.141893
 10
184.284686
 20
104.141893
 10
184.447846
 20
104.305052
 10
184.665576
 20
104.076298
 10
183.478809
 20
104.076298
 10
183.478809
 20
102.879058
 10
183.465167
 20
102.768764
 10
183.41349
 20
102.677589
 10
183.32378
 20
102.605432
 10
183.196036
 20
102.552188
 10
183.163798
 20
102.6394
 10
183.089445
 20
102.715761
 10
182.973026
 20
102.781166
 10
182.814595
 20
102.835512
 10
182.814595
 20
102.879058
 10
182.958565
 20
102.864908
 10
183.074631
 20
102.855563
 10
183.162791
 20
102.851076
 10
183.223045
 20
102.851498
 10
183.292499
 20
102.888153
 10
183.31565
 20
102.987648
 10
183.31565
 20
104.076298
 10
182.488275
 20
104.076298
 10
182.35185
 20
104.068099
 10
182.226999
 20
104.043776
 97
0
 92
3
 72
0
 73
1
 93
11
 10
182.814595
 20
103.858568
 10
183.054374
 20
103.695408
 10
182.945233
 20
103.651862
 10
182.76477
 20
103.398527
 10
182.572267
 20
103.172581
 10
182.367671
 20
102.973919
 10
182.150932
 20
102.802439
 10
182.117859
 20
102.835512
 10
182.332841
 20
103.066601
 10
182.52059
 20
103.314174
 10
182.681158
 20
103.57818
 97
0
 92
3
 72
0
 73
1
 93
19
 10
183.772607
 20
103.793525
 10
183.963388
 20
103.650493
 10
184.122284
 20
103.52653
 10
184.249245
 20
103.421687
 10
184.344217
 20
103.336016
 10
184.413662
 20
103.263988
 10
184.464038
 20
103.200072
 10
184.495293
 20
103.144322
 10
184.507377
 20
103.096788
 10
184.497731
 20
103.006665
 10
184.458319
 20
102.91158
 10
184.430086
 20
102.878404
 10
184.39989
 20
102.877267
 10
184.367627
 20
102.908169
 10
184.333193
 20
102.971111
 10
184.244654
 20
103.138543
 10
184.120975
 20
103.324992
 10
183.955128
 20
103.531766
 10
183.740085
 20
103.760452
 97
0
 75
0
 76
1
 98
0
  0
HATCH
  5
921
100
AcDbEntity
  8
0
100
AcDbHatch
370
-1
 62
4
420
65535
 10
0
 20
0
 30
0
210
0
220
0
230
1
  2
SOLID
 70
1
 71
0
 91
8
 92
3
 72
0
 73
1
 93
43
 10
186.011501
 20
105.099905
 10
186.113407
 20
105.051751
 10
186.190921
 20
105.005716
 10
186.244045
 20
104.961851
 10
186.272777
 20
104.920209
 10
186.275257
 20
104.839662
 10
186.218207
 20
104.76201
 10
186.697213
 20
104.76201
 10
186.838875
 20
104.903672
 10
187.045581
 20
104.696966
 10
186.523029
 20
104.696966
 10
186.68674
 20
104.587826
 10
186.626709
 20
104.558465
 10
186.555826
 20
104.503421
 10
186.474194
 20
104.422642
 10
186.381917
 20
104.316077
 10
187.002035
 20
104.316077
 10
187.165746
 20
104.479236
 10
187.393949
 20
104.250482
 10
185.336813
 20
104.250482
 10
185.200388
 20
104.242283
 10
185.075537
 20
104.21796
 10
184.977421
 20
104.316077
 10
186.316323
 20
104.316077
 10
186.422294
 20
104.536287
 10
186.479483
 20
104.696966
 10
185.761249
 20
104.696966
 10
185.894368
 20
104.608152
 10
185.967955
 20
104.538768
 10
185.992277
 20
104.477652
 10
185.978979
 20
104.413642
 10
185.942117
 20
104.363274
 10
185.897399
 20
104.343086
 10
185.857643
 20
104.362034
 10
185.837317
 20
104.430178
 10
185.79887
 20
104.543108
 10
185.706679
 20
104.696966
 10
185.499973
 20
104.696966
 10
185.358311
 20
104.674918
 10
185.271219
 20
104.76201
 10
186.131115
 20
104.76201
 10
186.095699
 20
104.911665
 10
185.990003
 20
105.077856
 97
0
 92
3
 72
0
 73
1
 93
16
 10
185.401857
 20
104.152366
 10
185.554543
 20
104.065274
 10
186.730286
 20
104.065274
 10
186.806353
 20
104.152366
 10
186.969513
 20
104.032752
 10
186.893445
 20
103.967709
 10
186.894083
 20
103.75512
 10
186.896064
 20
103.586199
 10
186.899491
 20
103.460995
 10
186.90447
 20
103.379562
 10
186.751783
 20
103.314518
 10
186.751783
 20
103.412084
 10
185.554543
 20
103.412084
 10
185.554543
 20
103.358064
 10
185.401857
 20
103.303494
 10
185.412881
 20
103.722418
 97
0
 92
3
 72
0
 73
1
 93
4
 10
185.554543
 20
104.00023
 10
185.554543
 20
103.771476
 10
186.751783
 20
103.771476
 10
186.751783
 20
104.00023
 97
0
 92
3
 72
0
 73
1
 93
4
 10
185.554543
 20
103.706433
 10
185.554543
 20
103.477678
 10
186.751783
 20
103.477678
 10
186.751783
 20
103.706433
 97
0
 92
3
 72
0
 73
1
 93
17
 10
185.314765
 20
103.216402
 10
185.358311
 20
103.205378
 10
185.350241
 20
103.066153
 10
185.337571
 20
102.953541
 10
185.320251
 20
102.867491
 10
185.298228
 20
102.807952
 10
185.241177
 20
102.73464
 10
185.16759
 20
102.699362
 10
185.092694
 20
102.697984
 10
185.03144
 20
102.726372
 10
185.016135
 20
102.751685
 10
185.024757
 20
102.783767
 10
185.057252
 20
102.822567
 10
185.113571
 20
102.868034
 10
185.177021
 20
102.92642
 10
185.231738
 20
103.003978
 10
185.27767
 20
103.100656
 97
0
 92
3
 72
0
 73
1
 93
13
 10
185.946457
 20
103.358064
 10
185.967955
 20
103.390586
 10
186.091048
 20
103.333733
 10
186.188303
 20
103.28303
 10
186.25972
 20
103.238425
 10
186.305299
 20
103.199866
 10
186.340783
 20
103.119526
 10
186.316323
 20
103.020169
 10
186.288323
 20
102.980671
 10
186.258928
 20
102.971249
 10
186.228189
 20
102.991799
 10
186.196158
 20
103.042218
 10
186.101073
 20
103.186499
 97
0
 92
3
 72
0
 73
1
 93
15
 10
186.849899
 20
103.216402
 10
186.882421
 20
103.248924
 10
187.020698
 20
103.176896
 10
187.131226
 20
103.11298
 10
187.213951
 20
103.05723
 10
187.268823
 20
103.009696
 10
187.313402
 20
102.914198
 10
187.284808
 20
102.802991
 10
187.251839
 20
102.760401
 10
187.218249
 20
102.752486
 10
187.184039
 20
102.779194
 10
187.149209
 20
102.840473
 10
187.103837
 20
102.923164
 10
187.038828
 20
103.013348
 10
186.954182
 20
103.111077
 97
0
 92
3
 72
0
 73
1
 93
30
 10
185.608562
 20
102.85701
 10
185.607856
 20
103.007388
 10
185.605806
 20
103.131928
 10
185.602516
 20
103.23063
 10
185.598089
 20
103.303494
 10
185.837317
 20
103.18388
 10
185.750225
 20
103.118286
 10
185.750225
 20
102.91158
 10
185.753411
 20
102.853789
 10
185.774478
 20
102.810983
 10
185.813322
 20
102.783061
 10
185.869838
 20
102.769918
 10
186.523029
 20
102.769918
 10
186.603161
 20
102.78356
 10
186.648154
 20
102.845985
 10
186.671374
 20
102.962981
 10
186.68674
 20
103.140334
 10
186.730286
 20
103.140334
 10
186.73566
 20
102.980827
 10
186.751783
 20
102.872995
 10
186.787198
 20
102.809192
 10
186.849899
 20
102.780942
 10
186.812391
 20
102.723788
 10
186.75447
 20
102.682964
 10
186.676189
 20
102.658469
 10
186.577599
 20
102.650304
 10
185.815819
 20
102.650304
 10
185.721036
 20
102.667254
 10
185.654933
 20
102.707355
 10
185.617459
 20
102.770607
 97
0
 75
0
 76
1
 98
0
  0
HATCH
  5
922
100
AcDbEntity
  8
0
100
AcDbHatch
370
-1
 62
4
420
65535
 10
0
 20
0
 30
0
210
0
220
0
230
1
  2
SOLID
 70
1
 71
0
 91
6
 92
3
 72
0
 73
1
 93
17
 10
190.057278
 20
104.860126
 10
190.057278
 20
103.053242
 10
190.059896
 20
102.846261
 10
190.068303
 20
102.660777
 10
189.905143
 20
102.573685
 10
189.905143
 20
102.791415
 10
188.130781
 20
102.791415
 10
188.130781
 20
102.617231
 10
187.96707
 20
102.552188
 10
187.978094
 20
102.998672
 10
187.978094
 20
104.642396
 10
187.975269
 20
104.838422
 10
187.96707
 20
105.056359
 10
188.130781
 20
104.958242
 10
189.883094
 20
104.958242
 10
189.959713
 20
105.066832
 10
190.133897
 20
104.925721
 97
0
 92
3
 72
0
 73
1
 93
17
 10
188.130781
 20
104.892648
 10
188.130781
 20
103.553746
 10
188.372093
 20
103.665892
 10
188.584982
 20
103.784912
 10
188.769346
 20
103.910856
 10
188.925082
 20
104.043776
 10
188.791895
 20
104.252962
 10
188.67483
 20
104.490261
 10
188.495065
 20
104.239595
 10
188.304965
 20
104.032752
 10
188.271892
 20
104.054801
 10
188.432227
 20
104.287138
 10
188.56569
 20
104.527743
 10
188.619528
 20
104.642353
 10
188.661119
 20
104.741408
 10
188.690411
 20
104.824857
 10
188.707352
 20
104.892648
 97
0
 92
3
 72
0
 73
1
 93
29
 10
188.130781
 20
102.85701
 10
189.905143
 20
102.85701
 10
189.905143
 20
104.892648
 10
188.729401
 20
104.892648
 10
188.914609
 20
104.795083
 10
188.849014
 20
104.76201
 10
188.791895
 20
104.675193
 10
188.750898
 20
104.609874
 10
189.32802
 20
104.609874
 10
189.404088
 20
104.707991
 10
189.567799
 20
104.555304
 10
189.480707
 20
104.500734
 10
189.292674
 20
104.250275
 10
189.099266
 20
104.021728
 10
189.27413
 20
103.909392
 10
189.461346
 20
103.822946
 10
189.66086
 20
103.762441
 10
189.872621
 20
103.72793
 10
189.872621
 20
103.684384
 10
189.798224
 20
103.671878
 10
189.738814
 20
103.645937
 10
189.694492
 20
103.606559
 10
189.665364
 20
103.553746
 10
189.308935
 20
103.722418
 10
189.001701
 20
103.94566
 10
188.804073
 20
103.803343
 10
188.593113
 20
103.68149
 10
188.368716
 20
103.580101
 10
188.130781
 20
103.499176
 97
0
 92
3
 72
0
 73
1
 93
5
 10
188.718376
 20
104.54428
 10
188.867962
 20
104.30209
 10
189.012174
 20
104.119844
 10
189.164585
 20
104.312838
 10
189.316996
 20
104.54428
 97
0
 92
3
 72
0
 73
1
 93
11
 10
188.783971
 20
103.706433
 10
189.006937
 20
103.65448
 10
189.153836
 20
103.608316
 10
189.231558
 20
103.541412
 10
189.246441
 20
103.42862
 10
189.232703
 20
103.376108
 10
189.208062
 20
103.354964
 10
189.172569
 20
103.365136
 10
189.126276
 20
103.406571
 10
188.986198
 20
103.530457
 10
188.772947
 20
103.67336
 97
0
 92
3
 72
0
 73
1
 93
17
 10
188.576714
 20
103.314518
 10
188.805753
 20
103.287552
 10
188.991848
 20
103.261257
 10
189.135052
 20
103.235686
 10
189.235416
 20
103.21089
 10
189.305179
 20
103.179677
 10
189.356546
 20
103.135649
 10
189.389515
 20
103.078805
 10
189.404088
 20
103.009145
 10
189.39861
 20
102.950751
 10
189.371429
 20
102.927703
 10
189.322543
 20
102.940002
 10
189.251953
 20
102.987648
 10
189.148385
 20
103.054319
 10
189.001356
 20
103.123729
 10
188.810817
 20
103.19593
 10
188.576714
 20
103.270972
 97
0
 75
0
 76
1
 98
0
  0
LWPOLYLINE
  5
923
100
AcDbEntity
  8
0
100
AcDbPolyline
 62
7
  6
BYLAYER
 38
0
 90
2
 70
0
 10
168.874722
 20
111.661212
 10
168.874722
 20
149.930545
  0
LWPOLYLINE
  5
924
100
AcDbEntity
  8
0
100
AcDbPolyline
 62
3
420
65280
  6
BYLAYER
 38
0
 90
2
 70
0
 10
80.757889
 20
111.661212
 10
65.073389
 20
111.661212
  0
LWPOLYLINE
  5
925
100
AcDbEntity
  8
0
100
AcDbPolyline
 62
3
420
65280
  6
BYLAYER
 38
0
 90
2
 70
0
 10
79.890056
 20
150.163379
 10
65.073389
 20
150.163379
  0
LWPOLYLINE
  5
926
100
AcDbEntity
  8
0
100
AcDbPolyline
 62
2
420
16776960
  6
BYLAYER
 38
0
 90
2
 70
0
 10
65.285056
 20
112.846545
 10
65.285056
 20
148.978045
  0
HATCH
  5
927
100
AcDbEntity
  8
0
100
AcDbHatch
370
-1
 62
2
420
16776960
 10
0
 20
0
 30
0
210
0
220
0
230
1
  2
SOLID
 70
1
 71
0
 91
1
 92
3
 72
0
 73
1
 93
3
 10
65.496722
 20
112.846545
 10
65.052222
 20
112.846545
 10
65.285056
 20
111.661212
 97
0
 75
0
 76
1
 98
0
  0
LWPOLYLINE
  5
928
100
AcDbEntity
  8
0
100
AcDbPolyline
 62
2
420
16776960
  6
BYLAYER
 38
0
 90
3
 70
1
 10
65.496722
 20
112.844076
 10
65.052354
 20
112.844076
 10
65.285071
 20
111.658568
  0
HATCH
  5
929
100
AcDbEntity
  8
0
100
AcDbHatch
370
-1
 62
2
420
16776960
 10
0
 20
0
 30
0
210
0
220
0
230
1
  2
SOLID
 70
1
 71
0
 91
1
 92
3
 72
0
 73
1
 93
3
 10
65.496722
 20
148.978045
 10
65.052222
 20
148.978045
 10
65.285056
 20
150.163379
 97
0
 75
0
 76
1
 98
0
  0
MTEXT
  5
92A
100
AcDbEntity
  8
0
100
AcDbMText
370
-1
 62
4
420
65535
 10
172.325123
 20
104.819293
 30
0
 40
2.005827
  1
{\fSimSun|b0|i0|c0;FPC}
 50
0
 41
0
  7
Standard
 71
1
 73
1
 44
1
  0
HATCH
  5
92B
100
AcDbEntity
  8
0
100
AcDbHatch
370
-1
 62
3
420
65280
 10
0
 20
0
 30
0
210
0
220
0
230
1
  2
SOLID
 70
1
 71
0
 91
1
 92
3
 72
0
 73
1
 93
4
 10
80.948389
 20
111.661212
 10
80.948389
 20
111.640046
 10
80.969555
 20
111.640046
 10
80.969555
 20
111.661212
 97
0
 75
0
 76
1
 98
0
  0
HATCH
  5
92C
100
AcDbEntity
  8
0
100
AcDbHatch
370
-1
 62
3
420
65280
 10
0
 20
0
 30
0
210
0
220
0
230
1
  2
SOLID
 70
1
 71
0
 91
1
 92
3
 72
0
 73
1
 93
4
 10
80.080556
 20
150.163379
 10
80.080556
 20
150.142207
 10
80.101722
 20
150.142207
 10
80.101722
 20
150.163379
 97
0
 75
0
 76
1
 98
0
  0
HATCH
  5
92D
100
AcDbEntity
  8
0
100
AcDbHatch
370
-1
 62
3
420
65280
 10
0
 20
0
 30
0
210
0
220
0
230
1
  2
SOLID
 70
1
 71
0
 91
1
 92
3
 72
0
 73
1
 93
4
 10
65.263889
 20
150.163379
 10
65.263889
 20
150.142207
 10
65.28506
 20
150.142207
 10
65.28506
 20
150.163379
 97
0
 75
0
 76
1
 98
0
  0
LWPOLYLINE
  5
92E
100
AcDbEntity
  8
0
100
AcDbPolyline
 62
2
420
16776960
  6
BYLAYER
 38
0
 90
3
 70
1
 10
65.496722
 20
148.976281
 10
65.052354
 20
148.976281
 10
65.285071
 20
150.161789
  0
LWPOLYLINE
  5
92F
100
AcDbEntity
  8
0
100
AcDbPolyline
 62
3
420
65280
  6
BYLAYER
 38
0
 90
2
 70
0
 10
80.101722
 20
149.930545
 10
80.101722
 20
163.096212
  0
LWPOLYLINE
  5
930
100
AcDbEntity
  8
0
100
AcDbPolyline
 62
3
420
65280
  6
BYLAYER
 38
0
 90
2
 70
0
 10
104.189389
 20
150.163379
 10
104.189389
 20
163.096212
  0
LWPOLYLINE
  5
931
100
AcDbEntity
  8
0
100
AcDbPolyline
 62
2
420
16776960
  6
BYLAYER
 38
0
 90
2
 70
0
 10
80.969556
 20
162.842212
 10
103.109889
 20
162.842212
  0
HATCH
  5
932
100
AcDbEntity
  8
0
100
AcDbHatch
370
-1
 62
2
420
16776960
 10
0
 20
0
 30
0
210
0
220
0
230
1
  2
SOLID
 70
1
 71
0
 91
1
 92
3
 72
0
 73
1
 93
3
 10
80.969556
 20
163.096212
 10
80.969556
 20
162.609379
 10
80.101722
 20
162.842212
 97
0
 75
0
 76
1
 98
0
  0
LWPOLYLINE
  5
933
100
AcDbEntity
  8
0
100
AcDbPolyline
 62
2
420
16776960
  6
BYLAYER
 38
0
 90
3
 70
1
 10
80.969556
 20
163.094801
 10
80.969556
 20
162.607942
 10
80.101884
 20
162.84095
  0
HATCH
  5
934
100
AcDbEntity
  8
0
100
AcDbHatch
370
-1
 62
2
420
16776960
 10
0
 20
0
 30
0
210
0
220
0
230
1
  2
SOLID
 70
1
 71
0
 91
1
 92
3
 72
0
 73
1
 93
3
 10
103.109889
 20
163.096212
 10
103.109889
 20
162.609379
 10
104.189389
 20
162.842212
 97
0
 75
0
 76
1
 98
0
  0
MTEXT
  5
935
100
AcDbEntity
  8
0
100
AcDbMText
370
-1
 62
3
420
65280
 10
65.496769
 20
138.458155
 30
0
 40
1.234361
  1
{\fSimSun|b0|i0|c0;51.2¡À0.10 (BL)}
 50
-90
 41
0
  7
Standard
 71
7
 73
1
 44
1
  0
HATCH
  5
936
100
AcDbEntity
  8
0
100
AcDbHatch
370
-1
 62
3
420
65280
 10
0
 20
0
 30
0
210
0
220
0
230
1
  2
SOLID
 70
1
 71
0
 91
1
 92
3
 72
0
 73
1
 93
4
 10
80.080556
 20
149.697712
 10
80.080556
 20
149.676546
 10
80.101722
 20
149.676546
 10
80.101722
 20
149.697712
 97
0
 75
0
 76
1
 98
0
  0
HATCH
  5
937
100
AcDbEntity
  8
0
100
AcDbHatch
370
-1
 62
3
420
65280
 10
0
 20
0
 30
0
210
0
220
0
230
1
  2
SOLID
 70
1
 71
0
 91
1
 92
3
 72
0
 73
1
 93
4
 10
104.168222
 20
149.930545
 10
104.168222
 20
149.909379
 10
104.189388
 20
149.909379
 10
104.189388
 20
149.930545
 97
0
 75
0
 76
1
 98
0
  0
HATCH
  5
938
100
AcDbEntity
  8
0
100
AcDbHatch
370
-1
 62
3
420
65280
 10
0
 20
0
 30
0
210
0
220
0
230
1
  2
SOLID
 70
1
 71
0
 91
1
 92
3
 72
0
 73
1
 93
4
 10
104.168222
 20
162.842212
 10
104.168222
 20
162.821046
 10
104.189388
 20
162.821046
 10
104.189388
 20
162.842212
 97
0
 75
0
 76
1
 98
0
  0
LWPOLYLINE
  5
939
100
AcDbEntity
  8
0
100
AcDbPolyline
 62
2
420
16776960
  6
BYLAYER
 38
0
 90
3
 70
1
 10
103.109889
 20
163.094801
 10
103.109889
 20
162.607942
 10
104.189546
 20
162.84095
  0
LWPOLYLINE
  5
93A
100
AcDbEntity
  8
0
100
AcDbPolyline
 62
7
  6
BYLAYER
 38
0
 90
4
 70
0
 10
104.189389
 20
149.930545
 10
103.977722
 20
150.163379
 10
80.101722
 20
150.163379
 10
80.101722
 20
149.930545
  0
HATCH
  5
93B
100
AcDbEntity
  8
0
100
AcDbHatch
370
-1
 62
7
 10
0
 20
0
 30
0
210
0
220
0
230
1
  2
SOLID
 70
1
 71
0
 91
1
 92
3
 72
0
 73
1
 93
4
 10
80.080556
 20
111.661212
 10
80.080556
 20
111.640046
 10
80.101722
 20
111.640046
 10
80.101722
 20
111.661212
 97
0
 75
0
 76
1
 98
0
  0
LWPOLYLINE
  5
93C
100
AcDbEntity
  8
0
100
AcDbPolyline
 62
7
  6
BYLAYER
 38
0
 90
5
 70
0
 10
80.101722
 20
149.930545
 10
80.101722
 20
111.661212
 10
103.977722
 20
111.661212
 10
104.189389
 20
111.661212
 10
104.189389
 20
149.930545
  0
LWPOLYLINE
  5
93D
100
AcDbEntity
  8
0
100
AcDbPolyline
 62
7
  6
BYLAYER
 38
0
 90
3
 70
0
 10
136.849556
 20
150.163379
 10
136.849556
 20
149.930545
 10
136.637889
 20
149.930545
  0
LWPOLYLINE
  5
93E
100
AcDbEntity
  8
0
100
AcDbPolyline
 62
7
  6
BYLAYER
 38
0
 90
2
 70
0
 10
136.849556
 20
150.163379
 10
160.704389
 20
150.163379
  0
LWPOLYLINE
  5
93F
100
AcDbEntity
  8
0
100
AcDbPolyline
 62
7
  6
BYLAYER
 38
0
 90
2
 70
0
 10
160.704389
 20
149.930545
 10
160.704389
 20
150.163379
  0
HATCH
  5
940
100
AcDbEntity
  8
0
100
AcDbHatch
370
-1
 62
7
 10
0
 20
0
 30
0
210
0
220
0
230
1
  2
SOLID
 70
1
 71
0
 91
1
 92
3
 72
0
 73
1
 93
4
 10
160.683222
 20
111.661212
 10
160.683222
 20
111.640046
 10
160.704388
 20
111.640046
 10
160.704388
 20
111.661212
 97
0
 75
0
 76
1
 98
0
  0
LWPOLYLINE
  5
941
100
AcDbEntity
  8
0
100
AcDbPolyline
 62
7
  6
BYLAYER
 38
0
 90
3
 70
0
 10
160.704389
 20
149.930545
 10
160.704389
 20
111.661212
 10
136.849556
 20
111.661212
  0
LWPOLYLINE
  5
942
100
AcDbEntity
  8
0
100
AcDbPolyline
 62
7
  6
BYLAYER
 38
0
 90
2
 70
0
 10
136.637889
 20
111.661212
 10
136.849556
 20
111.661212
  0
LWPOLYLINE
  5
943
100
AcDbEntity
  8
0
100
AcDbPolyline
 62
7
  6
BYLAYER
 38
0
 90
2
 70
0
 10
136.637889
 20
111.661212
 10
136.637889
 20
149.930545
  0
LWPOLYLINE
  5
944
100
AcDbEntity
  8
0
100
AcDbPolyline
 62
4
420
65535
  6
BYLAYER
 38
0
 90
7
 70
0
 10
121.165056
 20
116.444879
 10
120.953389
 20
116.444879
 10
120.953389
 20
149.210879
 10
121.588389
 20
149.210879
 10
121.588389
 20
114.285879
 10
121.165056
 20
114.285879
 10
121.165056
 20
149.210879
  0
LWPOLYLINE
  5
945
100
AcDbEntity
  8
0
100
AcDbPolyline
 62
4
420
65535
  6
BYLAYER
 38
0
 90
4
 70
1
 10
81.837389
 20
117.630212
 10
81.837389
 20
148.258379
 10
102.453722
 20
148.258379
 10
102.453722
 20
117.630212
  0
LWPOLYLINE
  5
946
100
AcDbEntity
  8
0
100
AcDbPolyline
 62
40
420
16760576
  6
BYLAYER
 38
0
 90
2
 70
1
 10
121.165056
 20
111.661212
 10
121.165056
 20
99.934879
  0
HATCH
  5
947
100
AcDbEntity
  8
0
100
AcDbHatch
370
-1
 62
3
420
65280
 10
0
 20
0
 30
0
210
0
220
0
230
1
  2
SOLID
 70
1
 71
0
 91
1
 92
3
 72
0
 73
1
 93
4
 10
97.945222
 20
115.958045
 10
97.945222
 20
115.005542
 10
99.448059
 20
115.005542
 10
99.448059
 20
115.958045
 97
0
 75
0
 76
1
 98
0
  0
HATCH
  5
948
100
AcDbEntity
  8
0
100
AcDbHatch
370
-1
 62
3
420
65280
 10
0
 20
0
 30
0
210
0
220
0
230
1
  2
SOLID
 70
1
 71
0
 91
1
 92
3
 72
0
 73
1
 93
4
 10
85.054722
 20
115.958045
 10
85.054722
 20
114.772715
 10
85.478056
 20
114.772715
 10
85.478056
 20
115.958045
 97
0
 75
0
 76
1
 98
0
  0
MTEXT
  5
949
100
AcDbEntity
  8
0
100
AcDbMText
370
-1
 62
3
420
65280
 10
84.843193
 20
164.563324
 30
0
 40
1.234361
  1
{\fSimSun|b0|i0|c0;35.7¡À0.10 (BL)}
 50
0
 41
0
  7
Standard
 71
1
 73
1
 44
1
  0
MTEXT
  5
94A
100
AcDbEntity
  8
0
100
AcDbMText
370
-1
 62
4
420
65535
 10
85.054869
 20
137.766449
 30
0
 40
1.234361
  1
{\fSimSun|b0|i0|c0;240XRGBX320DOTS}
 50
0
 41
0
  7
Standard
 71
1
 73
1
 44
1
  0
MTEXT
  5
94B
100
AcDbEntity
  8
0
100
AcDbMText
370
-1
 62
4
420
65535
 10
85.266535
 20
135.374563
 30
0
 40
1.234361
  1
{\fSimSun|b0|i0|c0;   2.0"  TFT}
 50
0
 41
0
  7
Standard
 71
1
 73
1
 44
1
  0
MTEXT
  5
94C
100
AcDbEntity
  8
0
100
AcDbMText
370
-1
 62
4
420
65535
 10
87.425542
 20
132.674114
 30
0
 40
0.925739
  1
{\fSimSun|b0|i0|c0;ALL VIEWING}
 50
0
 41
0
  7
Standard
 71
1
 73
1
 44
1
  0
MTEXT
  5
94D
100
AcDbEntity
  8
0
100
AcDbMText
370
-1
 62
7
 10
227.125327
 20
100.115297
 30
0
 40
4.011654
  1
{\fSimSun|b0|i0|c0;CS}
 50
0
 41
0
  7
Standard
 71
1
 73
1
 44
1
  0
LWPOLYLINE
  5
94E
100
AcDbEntity
  8
0
100
AcDbPolyline
 62
7
  6
BYLAYER
 38
0
 90
2
 70
0
 10
247.127889
 20
159.011045
 10
247.127889
 20
70.746045
  0
LWPOLYLINE
  5
94F
100
AcDbEntity
  8
0
100
AcDbPolyline
 62
7
  6
BYLAYER
 38
0
 90
2
 70
0
 10
210.149722
 20
144.660045
 10
247.127889
 20
144.660045
  0
MTEXT
  5
950
100
AcDbEntity
  8
0
100
AcDbMText
370
-1
 62
7
 10
227.125327
 20
106.338087
 30
0
 40
4.011654
  1
{\fSimSun|b0|i0|c0;D/C}
 50
0
 41
0
  7
Standard
 71
1
 73
1
 44
1
  0
LWPOLYLINE
  5
951
100
AcDbEntity
  8
0
100
AcDbPolyline
 62
7
  6
BYLAYER
 38
0
 90
2
 70
0
 10
210.149722
 20
159.011045
 10
247.127889
 20
159.011045
  0
MTEXT
  5
952
100
AcDbEntity
  8
0
100
AcDbMText
370
-1
 62
7
 10
210.361406
 20
155.43229
 30
0
 40
2.62297
  1
{\fSimSun|b0|i0|c0;Pin Assignment}
 50
0
 41
0
  7
Standard
 71
1
 73
1
 44
1
  0
MTEXT
  5
953
100
AcDbEntity
  8
0
100
AcDbMText
370
-1
 62
7
 10
213.155585
 20
148.719525
 30
0
 40
3.085864
  1
{\fSimSun|b0|i0|c0;NO}
 50
0
 41
0
  7
Standard
 71
1
 73
1
 44
1
  0
LWPOLYLINE
  5
954
100
AcDbEntity
  8
0
100
AcDbPolyline
 62
7
  6
BYLAYER
 38
0
 90
2
 70
0
 10
210.149722
 20
150.883045
 10
247.127889
 20
150.883045
  0
LWPOLYLINE
  5
955
100
AcDbEntity
  8
0
100
AcDbPolyline
 62
7
  6
BYLAYER
 38
0
 90
2
 70
0
 10
210.149722
 20
138.458212
 10
247.127889
 20
138.458212
  0
LWPOLYLINE
  5
956
100
AcDbEntity
  8
0
100
AcDbPolyline
 62
7
  6
BYLAYER
 38
0
 90
2
 70
0
 10
210.149722
 20
132.235212
 10
247.127889
 20
132.235212
  0
LWPOLYLINE
  5
957
100
AcDbEntity
  8
0
100
AcDbPolyline
 62
7
  6
BYLAYER
 38
0
 90
2
 70
0
 10
210.149722
 20
126.245045
 10
247.127889
 20
126.245045
  0
LWPOLYLINE
  5
958
100
AcDbEntity
  8
0
100
AcDbPolyline
 62
7
  6
BYLAYER
 38
0
 90
2
 70
0
 10
210.149722
 20
120.022045
 10
247.127889
 20
120.022045
  0
LWPOLYLINE
  5
959
100
AcDbEntity
  8
0
100
AcDbPolyline
 62
7
  6
BYLAYER
 38
0
 90
2
 70
0
 10
210.149722
 20
113.820212
 10
247.127889
 20
113.820212
  0
LWPOLYLINE
  5
95A
100
AcDbEntity
  8
0
100
AcDbPolyline
 62
7
  6
BYLAYER
 38
0
 90
2
 70
0
 10
210.149722
 20
107.597212
 10
247.127889
 20
107.597212
  0
LWPOLYLINE
  5
95B
100
AcDbEntity
  8
0
100
AcDbPolyline
 62
7
  6
BYLAYER
 38
0
 90
2
 70
0
 10
210.149722
 20
101.607045
 10
247.127889
 20
101.607045
  0
LWPOLYLINE
  5
95C
100
AcDbEntity
  8
0
100
AcDbPolyline
 62
7
  6
BYLAYER
 38
0
 90
2
 70
0
 10
210.149722
 20
95.384045
 10
247.127889
 20
95.384045
  0
LWPOLYLINE
  5
95D
100
AcDbEntity
  8
0
100
AcDbPolyline
 62
7
  6
BYLAYER
 38
0
 90
2
 70
0
 10
210.149722
 20
89.182212
 10
247.127889
 20
89.182212
  0
LWPOLYLINE
  5
95E
100
AcDbEntity
  8
0
100
AcDbPolyline
 62
7
  6
BYLAYER
 38
0
 90
2
 70
0
 10
210.149722
 20
82.959212
 10
247.127889
 20
82.959212
  0
LWPOLYLINE
  5
95F
100
AcDbEntity
  8
0
100
AcDbPolyline
 62
7
  6
BYLAYER
 38
0
 90
2
 70
0
 10
210.149722
 20
76.736212
 10
247.127889
 20
76.736212
  0
MTEXT
  5
960
100
AcDbEntity
  8
0
100
AcDbMText
370
-1
 62
7
 10
225.411047
 20
148.952516
 30
0
 40
3.085864
  1
{\fSimSun|b0|i0|c0;SYMBOL}
 50
0
 41
0
  7
Standard
 71
1
 73
1
 44
1
  0
MTEXT
  5
961
100
AcDbEntity
  8
0
100
AcDbMText
370
-1
 62
7
 10
214.234916
 20
143.422206
 30
0
 40
4.011654
  1
{\fSimSun|b0|i0|c0;1}
 50
0
 41
0
  7
Standard
 71
1
 73
1
 44
1
  0
MTEXT
  5
962
100
AcDbEntity
  8
0
100
AcDbMText
370
-1
 62
7
 10
214.234916
 20
137.199424
 30
0
 40
4.011654
  1
{\fSimSun|b0|i0|c0;2}
 50
0
 41
0
  7
Standard
 71
1
 73
1
 44
1
  0
MTEXT
  5
963
100
AcDbEntity
  8
0
100
AcDbMText
370
-1
 62
7
 10
214.234916
 20
130.976635
 30
0
 40
4.011654
  1
{\fSimSun|b0|i0|c0;3}
 50
0
 41
0
  7
Standard
 71
1
 73
1
 44
1
  0
MTEXT
  5
964
100
AcDbEntity
  8
0
100
AcDbMText
370
-1
 62
7
 10
214.234916
 20
125.007559
 30
0
 40
4.011654
  1
{\fSimSun|b0|i0|c0;4}
 50
0
 41
0
  7
Standard
 71
1
 73
1
 44
1
  0
MTEXT
  5
965
100
AcDbEntity
  8
0
100
AcDbMText
370
-1
 62
7
 10
214.234916
 20
118.784769
 30
0
 40
4.011654
  1
{\fSimSun|b0|i0|c0;5}
 50
0
 41
0
  7
Standard
 71
1
 73
1
 44
1
  0
MTEXT
  5
966
100
AcDbEntity
  8
0
100
AcDbMText
370
-1
 62
7
 10
214.234916
 20
112.561979
 30
0
 40
4.011654
  1
{\fSimSun|b0|i0|c0;6}
 50
0
 41
0
  7
Standard
 71
1
 73
1
 44
1
  0
MTEXT
  5
967
100
AcDbEntity
  8
0
100
AcDbMText
370
-1
 62
7
 10
214.234916
 20
106.339206
 30
0
 40
4.011654
  1
{\fSimSun|b0|i0|c0;7}
 50
0
 41
0
  7
Standard
 71
1
 73
1
 44
1
  0
MTEXT
  5
968
100
AcDbEntity
  8
0
100
AcDbMText
370
-1
 62
7
 10
214.234916
 20
100.116417
 30
0
 40
4.011654
  1
{\fSimSun|b0|i0|c0;8}
 50
0
 41
0
  7
Standard
 71
1
 73
1
 44
1
  0
MTEXT
  5
969
100
AcDbEntity
  8
0
100
AcDbMText
370
-1
 62
7
 10
214.234916
 20
94.147341
 30
0
 40
4.011654
  1
{\fSimSun|b0|i0|c0;9}
 50
0
 41
0
  7
Standard
 71
1
 73
1
 44
1
  0
MTEXT
  5
96A
100
AcDbEntity
  8
0
100
AcDbMText
370
-1
 62
7
 10
214.234916
 20
87.924551
 30
0
 40
4.011654
  1
{\fSimSun|b0|i0|c0;10}
 50
0
 41
0
  7
Standard
 71
1
 73
1
 44
1
  0
MTEXT
  5
96B
100
AcDbEntity
  8
0
100
AcDbMText
370
-1
 62
7
 10
214.234916
 20
81.701761
 30
0
 40
4.011654
  1
{\fSimSun|b0|i0|c0;11}
 50
0
 41
0
  7
Standard
 71
1
 73
1
 44
1
  0
MTEXT
  5
96C
100
AcDbEntity
  8
0
100
AcDbMText
370
-1
 62
7
 10
214.234916
 20
75.478971
 30
0
 40
4.011654
  1
{\fSimSun|b0|i0|c0;12}
 50
0
 41
0
  7
Standard
 71
1
 73
1
 44
1
  0
MTEXT
  5
96D
100
AcDbEntity
  8
0
100
AcDbMText
370
-1
 62
7
 10
227.125327
 20
75.733237
 30
0
 40
4.011654
  1
{\fSimSun|b0|i0|c0;GND}
 50
0
 41
0
  7
Standard
 71
1
 73
1
 44
1
  0
MTEXT
  5
96E
100
AcDbEntity
  8
0
100
AcDbMText
370
-1
 62
7
 10
227.125327
 20
81.935356
 30
0
 40
4.011654
  1
{\fSimSun|b0|i0|c0;RESET}
 50
0
 41
0
  7
Standard
 71
1
 73
1
 44
1
  0
MTEXT
  5
96F
100
AcDbEntity
  8
0
100
AcDbMText
370
-1
 62
7
 10
227.125327
 20
87.925653
 30
0
 40
4.011654
  1
{\fSimSun|b0|i0|c0;SDA}
 50
0
 41
0
  7
Standard
 71
1
 73
1
 44
1
  0
MTEXT
  5
970
100
AcDbEntity
  8
0
100
AcDbMText
370
-1
 62
7
 10
227.125327
 20
94.148443
 30
0
 40
4.011654
  1
{\fSimSun|b0|i0|c0;SCL}
 50
0
 41
0
  7
Standard
 71
1
 73
1
 44
1
  0
MTEXT
  5
971
100
AcDbEntity
  8
0
100
AcDbMText
370
-1
 62
7
 10
227.125327
 20
112.56365
 30
0
 40
4.011654
  1
{\fSimSun|b0|i0|c0;GND}
 50
0
 41
0
  7
Standard
 71
1
 73
1
 44
1
  0
MTEXT
  5
972
100
AcDbEntity
  8
0
100
AcDbMText
370
-1
 62
7
 10
227.125327
 20
118.78644
 30
0
 40
4.011654
  1
{\fSimSun|b0|i0|c0;GND}
 50
0
 41
0
  7
Standard
 71
1
 73
1
 44
1
  0
MTEXT
  5
973
100
AcDbEntity
  8
0
100
AcDbMText
370
-1
 62
7
 10
227.125327
 20
125.00923
 30
0
 40
4.011654
  1
{\fSimSun|b0|i0|c0;VDD}
 50
0
 41
0
  7
Standard
 71
1
 73
1
 44
1
  0
MTEXT
  5
974
100
AcDbEntity
  8
0
100
AcDbMText
370
-1
 62
7
 10
227.125327
 20
130.978305
 30
0
 40
4.011654
  1
{\fSimSun|b0|i0|c0;LEDA}
 50
0
 41
0
  7
Standard
 71
1
 73
1
 44
1
  0
LWPOLYLINE
  5
975
100
AcDbEntity
  8
0
100
AcDbPolyline
 62
7
  6
BYLAYER
 38
0
 90
2
 70
0
 10
210.149722
 20
70.746045
 10
247.127889
 20
70.746045
  0
LWPOLYLINE
  5
976
100
AcDbEntity
  8
0
100
AcDbPolyline
 62
7
  6
BYLAYER
 38
0
 90
2
 70
0
 10
210.149722
 20
159.011045
 10
210.149722
 20
70.746045
  0
LWPOLYLINE
  5
977
100
AcDbEntity
  8
0
100
AcDbPolyline
 62
7
  6
BYLAYER
 38
0
 90
2
 70
0
 10
223.251889
 20
150.883045
 10
223.251889
 20
70.746045
  0
MTEXT
  5
978
100
AcDbEntity
  8
0
100
AcDbMText
370
-1
 62
7
 10
227.125327
 20
143.424436
 30
0
 40
4.011654
  1
{\fSimSun|b0|i0|c0;GND}
 50
0
 41
0
  7
Standard
 71
1
 73
1
 44
1
  0
LWPOLYLINE
  5
979
100
AcDbEntity
  8
0
100
AcDbPolyline
 62
7
  6
BYLAYER
 38
0
 90
2
 70
0
 10
210.149722
 20
70.746045
 10
247.127889
 20
70.746045
  0
LWPOLYLINE
  5
97A
100
AcDbEntity
  8
0
100
AcDbPolyline
 62
7
  6
BYLAYER
 38
0
 90
2
 70
0
 10
210.149722
 20
89.182212
 10
247.127889
 20
89.182212
  0
LWPOLYLINE
  5
97B
100
AcDbEntity
  8
0
100
AcDbPolyline
 62
7
  6
BYLAYER
 38
0
 90
2
 70
0
 10
121.588389
 20
115.958045
 10
121.588389
 20
149.210879
  0
LWPOLYLINE
  5
97C
100
AcDbEntity
  8
0
100
AcDbPolyline
 62
7
  6
BYLAYER
 38
0
 90
2
 70
0
 10
122.456222
 20
111.661212
 10
120.953389
 20
111.661212
  0
LWPOLYLINE
  5
97D
100
AcDbEntity
  8
0
100
AcDbPolyline
 62
7
  6
BYLAYER
 38
0
 90
2
 70
0
 10
120.953389
 20
114.518712
 10
120.953389
 20
150.163379
  0
LWPOLYLINE
  5
97E
100
AcDbEntity
  8
0
100
AcDbPolyline
 62
7
  6
BYLAYER
 38
0
 90
2
 70
0
 10
121.588389
 20
115.958045
 10
121.588389
 20
149.210879
  0
LWPOLYLINE
  5
97F
100
AcDbEntity
  8
0
100
AcDbPolyline
 62
7
  6
BYLAYER
 38
0
 90
3
 70
0
 10
122.456222
 20
111.661212
 10
122.456222
 20
150.163379
 10
120.953389
 20
150.163379
  0
HATCH
  5
980
100
AcDbEntity
  8
0
100
AcDbHatch
370
-1
 62
7
 10
0
 20
0
 30
0
210
0
220
0
230
1
  2
SOLID
 70
1
 71
0
 91
1
 92
3
 72
0
 73
1
 93
4
 10
120.932222
 20
114.518712
 10
120.932222
 20
114.497546
 10
120.953388
 20
114.497546
 10
120.953388
 20
114.518712
 97
0
 75
0
 76
1
 98
0
  0
LWPOLYLINE
  5
981
100
AcDbEntity
  8
0
100
AcDbPolyline
 62
7
  6
BYLAYER
 38
0
 90
2
 70
0
 10
121.588389
 20
149.210879
 10
120.953389
 20
149.210879
  0
LWPOLYLINE
  5
982
100
AcDbEntity
  8
0
100
AcDbPolyline
 62
7
  6
BYLAYER
 38
0
 90
2
 70
0
 10
121.588389
 20
111.661212
 10
121.588389
 20
115.238379
  0
LWPOLYLINE
  5
983
100
AcDbEntity
  8
0
100
AcDbPolyline
 62
5
420
255
  6
BYLAYER
 38
0
 90
2
 70
0
 10
121.588389
 20
111.661212
 10
121.588389
 20
115.238379
  0
LWPOLYLINE
  5
984
100
AcDbEntity
  8
0
100
AcDbPolyline
 62
7
  6
BYLAYER
 38
0
 90
2
 70
0
 10
121.588389
 20
115.958045
 10
121.588389
 20
115.238379
  0
HATCH
  5
985
100
AcDbEntity
  8
0
100
AcDbHatch
370
-1
 62
5
420
255
 10
0
 20
0
 30
0
210
0
220
0
230
1
  2
SOLID
 70
1
 71
0
 91
1
 92
3
 72
0
 73
1
 93
4
 10
121.567222
 20
115.958045
 10
121.567222
 20
115.936879
 10
121.588388
 20
115.936879
 10
121.588388
 20
115.958045
 97
0
 75
0
 76
1
 98
0
  0
LWPOLYLINE
  5
986
100
AcDbEntity
  8
0
100
AcDbPolyline
 62
5
420
255
  6
BYLAYER
 38
0
 90
2
 70
0
 10
121.588389
 20
115.958045
 10
121.588389
 20
115.238379
  0
LWPOLYLINE
  5
987
100
AcDbEntity
  8
0
100
AcDbPolyline
 62
7
  6
BYLAYER
 38
0
 90
2
 70
0
 10
120.953389
 20
111.661212
 10
120.953389
 20
114.518712
  0
LWPOLYLINE
  5
988
100
AcDbEntity
  8
0
100
AcDbPolyline
 62
4
420
65535
  6
BYLAYER
 38
0
 90
4
 70
0
 10
103.533222
 20
114.285879
 10
80.757889
 20
114.285879
 10
80.757889
 20
149.210879
 10
103.533222
 20
149.210879
  0
LWPOLYLINE
  5
989
100
AcDbEntity
  8
0
100
AcDbPolyline
 62
4
420
65535
  6
BYLAYER
 38
0
 90
2
 70
0
 10
80.757889
 20
116.444879
 10
103.533222
 20
116.444879
  0
LWPOLYLINE
  5
98A
100
AcDbEntity
  8
0
100
AcDbPolyline
 62
4
420
65535
  6
BYLAYER
 38
0
 90
2
 70
0
 10
103.533222
 20
149.210879
 10
103.533222
 20
114.285879
  0
LWPOLYLINE
  5
98B
100
AcDbEntity
  8
0
100
AcDbPolyline
 62
6
420
16711935
  6
BYLAYER
 38
0
 90
4
 70
1
 10
80.969556
 20
116.910545
 10
80.969556
 20
148.978045
 10
103.321556
 20
148.978045
 10
103.321556
 20
116.910545
  0
HATCH
  5
98C
100
AcDbEntity
  8
0
100
AcDbHatch
370
-1
 62
40
420
16760576
 10
0
 20
0
 30
0
210
0
220
0
230
1
  2
SOLID
 70
1
 71
0
 91
1
 92
3
 72
0
 73
1
 93
4
 10
91.256556
 20
99.934879
 10
91.256556
 20
99.913713
 10
91.277722
 20
99.913713
 10
91.277722
 20
99.934879
 97
0
 75
0
 76
1
 98
0
  0
HATCH
  5
98D
100
AcDbEntity
  8
0
100
AcDbHatch
370
-1
 62
40
420
16760576
 10
0
 20
0
 30
0
210
0
220
0
230
1
  2
SOLID
 70
1
 71
0
 91
1
 92
3
 72
0
 73
1
 93
4
 10
91.256556
 20
99.934879
 10
91.256556
 20
99.913713
 10
91.277722
 20
99.913713
 10
91.277722
 20
99.934879
 97
0
 75
0
 76
1
 98
0
  0
HATCH
  5
98E
100
AcDbEntity
  8
0
100
AcDbHatch
370
-1
 62
40
420
16760576
 10
0
 20
0
 30
0
210
0
220
0
230
1
  2
SOLID
 70
1
 71
0
 91
1
 92
3
 72
0
 73
1
 93
4
 10
92.124389
 20
100.887379
 10
92.124389
 20
100.866213
 10
92.145555
 20
100.866213
 10
92.145555
 20
100.887379
 97
0
 75
0
 76
1
 98
0
  0
HATCH
  5
98F
100
AcDbEntity
  8
0
100
AcDbHatch
370
-1
 62
40
420
16760576
 10
0
 20
0
 30
0
210
0
220
0
230
1
  2
SOLID
 70
1
 71
0
 91
1
 92
3
 72
0
 73
1
 93
4
 10
92.124389
 20
99.934879
 10
92.124389
 20
99.913713
 10
92.145555
 20
99.913713
 10
92.145555
 20
99.934879
 97
0
 75
0
 76
1
 98
0
  0
HATCH
  5
990
100
AcDbEntity
  8
0
100
AcDbHatch
370
-1
 62
40
420
16760576
 10
0
 20
0
 30
0
210
0
220
0
230
1
  2
SOLID
 70
1
 71
0
 91
1
 92
3
 72
0
 73
1
 93
4
 10
92.124389
 20
99.934879
 10
92.124389
 20
99.913713
 10
92.145555
 20
99.913713
 10
92.145555
 20
99.934879
 97
0
 75
0
 76
1
 98
0
  0
HATCH
  5
991
100
AcDbEntity
  8
0
100
AcDbHatch
370
-1
 62
40
420
16760576
 10
0
 20
0
 30
0
210
0
220
0
230
1
  2
SOLID
 70
1
 71
0
 91
1
 92
3
 72
0
 73
1
 93
4
 10
92.336056
 20
99.934879
 10
92.336056
 20
99.913713
 10
92.357222
 20
99.913713
 10
92.357222
 20
99.934879
 97
0
 75
0
 76
1
 98
0
  0
HATCH
  5
992
100
AcDbEntity
  8
0
100
AcDbHatch
370
-1
 62
40
420
16760576
 10
0
 20
0
 30
0
210
0
220
0
230
1
  2
SOLID
 70
1
 71
0
 91
1
 92
3
 72
0
 73
1
 93
4
 10
92.336056
 20
99.934879
 10
92.336056
 20
99.913713
 10
92.357222
 20
99.913713
 10
92.357222
 20
99.934879
 97
0
 75
0
 76
1
 98
0
  0
HATCH
  5
993
100
AcDbEntity
  8
0
100
AcDbHatch
370
-1
 62
40
420
16760576
 10
0
 20
0
 30
0
210
0
220
0
230
1
  2
SOLID
 70
1
 71
0
 91
1
 92
3
 72
0
 73
1
 93
4
 10
93.203889
 20
100.887379
 10
93.203889
 20
100.866213
 10
93.225055
 20
100.866213
 10
93.225055
 20
100.887379
 97
0
 75
0
 76
1
 98
0
  0
HATCH
  5
994
100
AcDbEntity
  8
0
100
AcDbHatch
370
-1
 62
40
420
16760576
 10
0
 20
0
 30
0
210
0
220
0
230
1
  2
SOLID
 70
1
 71
0
 91
1
 92
3
 72
0
 73
1
 93
4
 10
93.203889
 20
99.934879
 10
93.203889
 20
99.913713
 10
93.225055
 20
99.913713
 10
93.225055
 20
99.934879
 97
0
 75
0
 76
1
 98
0
  0
HATCH
  5
995
100
AcDbEntity
  8
0
100
AcDbHatch
370
-1
 62
40
420
16760576
 10
0
 20
0
 30
0
210
0
220
0
230
1
  2
SOLID
 70
1
 71
0
 91
1
 92
3
 72
0
 73
1
 93
4
 10
93.203889
 20
99.934879
 10
93.203889
 20
99.913713
 10
93.225055
 20
99.913713
 10
93.225055
 20
99.934879
 97
0
 75
0
 76
1
 98
0
  0
HATCH
  5
996
100
AcDbEntity
  8
0
100
AcDbHatch
370
-1
 62
40
420
16760576
 10
0
 20
0
 30
0
210
0
220
0
230
1
  2
SOLID
 70
1
 71
0
 91
1
 92
3
 72
0
 73
1
 93
4
 10
93.415556
 20
99.934879
 10
93.415556
 20
99.913713
 10
93.436722
 20
99.913713
 10
93.436722
 20
99.934879
 97
0
 75
0
 76
1
 98
0
  0
HATCH
  5
997
100
AcDbEntity
  8
0
100
AcDbHatch
370
-1
 62
40
420
16760576
 10
0
 20
0
 30
0
210
0
220
0
230
1
  2
SOLID
 70
1
 71
0
 91
1
 92
3
 72
0
 73
1
 93
4
 10
93.415556
 20
99.934879
 10
93.415556
 20
99.913713
 10
93.436722
 20
99.913713
 10
93.436722
 20
99.934879
 97
0
 75
0
 76
1
 98
0
  0
HATCH
  5
998
100
AcDbEntity
  8
0
100
AcDbHatch
370
-1
 62
40
420
16760576
 10
0
 20
0
 30
0
210
0
220
0
230
1
  2
SOLID
 70
1
 71
0
 91
1
 92
3
 72
0
 73
1
 93
4
 10
94.283389
 20
100.887379
 10
94.283389
 20
100.866213
 10
94.304555
 20
100.866213
 10
94.304555
 20
100.887379
 97
0
 75
0
 76
1
 98
0
  0
HATCH
  5
999
100
AcDbEntity
  8
0
100
AcDbHatch
370
-1
 62
40
420
16760576
 10
0
 20
0
 30
0
210
0
220
0
230
1
  2
SOLID
 70
1
 71
0
 91
1
 92
3
 72
0
 73
1
 93
4
 10
94.283389
 20
99.934879
 10
94.283389
 20
99.913713
 10
94.304555
 20
99.913713
 10
94.304555
 20
99.934879
 97
0
 75
0
 76
1
 98
0
  0
HATCH
  5
99A
100
AcDbEntity
  8
0
100
AcDbHatch
370
-1
 62
40
420
16760576
 10
0
 20
0
 30
0
210
0
220
0
230
1
  2
SOLID
 70
1
 71
0
 91
1
 92
3
 72
0
 73
1
 93
4
 10
94.283389
 20
99.934879
 10
94.283389
 20
99.913713
 10
94.304555
 20
99.913713
 10
94.304555
 20
99.934879
 97
0
 75
0
 76
1
 98
0
  0
HATCH
  5
99B
100
AcDbEntity
  8
0
100
AcDbHatch
370
-1
 62
40
420
16760576
 10
0
 20
0
 30
0
210
0
220
0
230
1
  2
SOLID
 70
1
 71
0
 91
1
 92
3
 72
0
 73
1
 93
4
 10
94.495056
 20
99.934879
 10
94.495056
 20
99.913713
 10
94.516222
 20
99.913713
 10
94.516222
 20
99.934879
 97
0
 75
0
 76
1
 98
0
  0
HATCH
  5
99C
100
AcDbEntity
  8
0
100
AcDbHatch
370
-1
 62
40
420
16760576
 10
0
 20
0
 30
0
210
0
220
0
230
1
  2
SOLID
 70
1
 71
0
 91
1
 92
3
 72
0
 73
1
 93
4
 10
94.495056
 20
99.934879
 10
94.495056
 20
99.913713
 10
94.516222
 20
99.913713
 10
94.516222
 20
99.934879
 97
0
 75
0
 76
1
 98
0
  0
HATCH
  5
99D
100
AcDbEntity
  8
0
100
AcDbHatch
370
-1
 62
40
420
16760576
 10
0
 20
0
 30
0
210
0
220
0
230
1
  2
SOLID
 70
1
 71
0
 91
1
 92
3
 72
0
 73
1
 93
4
 10
95.341722
 20
100.887379
 10
95.341722
 20
100.866213
 10
95.362888
 20
100.866213
 10
95.362888
 20
100.887379
 97
0
 75
0
 76
1
 98
0
  0
HATCH
  5
99E
100
AcDbEntity
  8
0
100
AcDbHatch
370
-1
 62
40
420
16760576
 10
0
 20
0
 30
0
210
0
220
0
230
1
  2
SOLID
 70
1
 71
0
 91
1
 92
3
 72
0
 73
1
 93
4
 10
95.341722
 20
99.934879
 10
95.341722
 20
99.913713
 10
95.362888
 20
99.913713
 10
95.362888
 20
99.934879
 97
0
 75
0
 76
1
 98
0
  0
HATCH
  5
99F
100
AcDbEntity
  8
0
100
AcDbHatch
370
-1
 62
40
420
16760576
 10
0
 20
0
 30
0
210
0
220
0
230
1
  2
SOLID
 70
1
 71
0
 91
1
 92
3
 72
0
 73
1
 93
4
 10
95.341722
 20
99.934879
 10
95.341722
 20
99.913713
 10
95.362888
 20
99.913713
 10
95.362888
 20
99.934879
 97
0
 75
0
 76
1
 98
0
  0
HATCH
  5
9A0
100
AcDbEntity
  8
0
100
AcDbHatch
370
-1
 62
40
420
16760576
 10
0
 20
0
 30
0
210
0
220
0
230
1
  2
SOLID
 70
1
 71
0
 91
1
 92
3
 72
0
 73
1
 93
4
 10
95.553389
 20
99.934879
 10
95.553389
 20
99.913713
 10
95.574555
 20
99.913713
 10
95.574555
 20
99.934879
 97
0
 75
0
 76
1
 98
0
  0
HATCH
  5
9A1
100
AcDbEntity
  8
0
100
AcDbHatch
370
-1
 62
40
420
16760576
 10
0
 20
0
 30
0
210
0
220
0
230
1
  2
SOLID
 70
1
 71
0
 91
1
 92
3
 72
0
 73
1
 93
4
 10
95.553389
 20
99.934879
 10
95.553389
 20
99.913713
 10
95.574555
 20
99.913713
 10
95.574555
 20
99.934879
 97
0
 75
0
 76
1
 98
0
  0
HATCH
  5
9A2
100
AcDbEntity
  8
0
100
AcDbHatch
370
-1
 62
40
420
16760576
 10
0
 20
0
 30
0
210
0
220
0
230
1
  2
SOLID
 70
1
 71
0
 91
1
 92
3
 72
0
 73
1
 93
4
 10
96.421222
 20
100.887379
 10
96.421222
 20
100.866213
 10
96.442388
 20
100.866213
 10
96.442388
 20
100.887379
 97
0
 75
0
 76
1
 98
0
  0
HATCH
  5
9A3
100
AcDbEntity
  8
0
100
AcDbHatch
370
-1
 62
40
420
16760576
 10
0
 20
0
 30
0
210
0
220
0
230
1
  2
SOLID
 70
1
 71
0
 91
1
 92
3
 72
0
 73
1
 93
4
 10
96.421222
 20
99.934879
 10
96.421222
 20
99.913713
 10
96.442388
 20
99.913713
 10
96.442388
 20
99.934879
 97
0
 75
0
 76
1
 98
0
  0
HATCH
  5
9A4
100
AcDbEntity
  8
0
100
AcDbHatch
370
-1
 62
40
420
16760576
 10
0
 20
0
 30
0
210
0
220
0
230
1
  2
SOLID
 70
1
 71
0
 91
1
 92
3
 72
0
 73
1
 93
4
 10
96.421222
 20
99.934879
 10
96.421222
 20
99.913713
 10
96.442388
 20
99.913713
 10
96.442388
 20
99.934879
 97
0
 75
0
 76
1
 98
0
  0
HATCH
  5
9A5
100
AcDbEntity
  8
0
100
AcDbHatch
370
-1
 62
40
420
16760576
 10
0
 20
0
 30
0
210
0
220
0
230
1
  2
SOLID
 70
1
 71
0
 91
1
 92
3
 72
0
 73
1
 93
4
 10
96.209556
 20
99.934879
 10
96.209556
 20
99.913713
 10
96.230722
 20
99.913713
 10
96.230722
 20
99.934879
 97
0
 75
0
 76
1
 98
0
  0
HATCH
  5
9A6
100
AcDbEntity
  8
0
100
AcDbHatch
370
-1
 62
40
420
16760576
 10
0
 20
0
 30
0
210
0
220
0
230
1
  2
SOLID
 70
1
 71
0
 91
1
 92
3
 72
0
 73
1
 93
4
 10
96.209556
 20
99.934879
 10
96.209556
 20
99.913713
 10
96.230722
 20
99.913713
 10
96.230722
 20
99.934879
 97
0
 75
0
 76
1
 98
0
  0
HATCH
  5
9A7
100
AcDbEntity
  8
0
100
AcDbHatch
370
-1
 62
40
420
16760576
 10
0
 20
0
 30
0
210
0
220
0
230
1
  2
SOLID
 70
1
 71
0
 91
1
 92
3
 72
0
 73
1
 93
4
 10
91.044889
 20
100.887379
 10
91.044889
 20
100.866213
 10
91.066065
 20
100.866213
 10
91.066065
 20
100.887379
 97
0
 75
0
 76
1
 98
0
  0
HATCH
  5
9A8
100
AcDbEntity
  8
0
100
AcDbHatch
370
-1
 62
40
420
16760576
 10
0
 20
0
 30
0
210
0
220
0
230
1
  2
SOLID
 70
1
 71
0
 91
1
 92
3
 72
0
 73
1
 93
4
 10
91.044889
 20
99.934879
 10
91.044889
 20
99.913713
 10
91.066065
 20
99.913713
 10
91.066065
 20
99.934879
 97
0
 75
0
 76
1
 98
0
  0
HATCH
  5
9A9
100
AcDbEntity
  8
0
100
AcDbHatch
370
-1
 62
40
420
16760576
 10
0
 20
0
 30
0
210
0
220
0
230
1
  2
SOLID
 70
1
 71
0
 91
1
 92
3
 72
0
 73
1
 93
4
 10
91.044889
 20
99.934879
 10
91.044889
 20
99.913713
 10
91.066065
 20
99.913713
 10
91.066065
 20
99.934879
 97
0
 75
0
 76
1
 98
0
  0
HATCH
  5
9AA
100
AcDbEntity
  8
0
100
AcDbHatch
370
-1
 62
40
420
16760576
 10
0
 20
0
 30
0
210
0
220
0
230
1
  2
SOLID
 70
1
 71
0
 91
1
 92
3
 72
0
 73
1
 93
4
 10
90.198222
 20
99.934879
 10
90.198222
 20
99.913713
 10
90.219388
 20
99.913713
 10
90.219388
 20
99.934879
 97
0
 75
0
 76
1
 98
0
  0
HATCH
  5
9AB
100
AcDbEntity
  8
0
100
AcDbHatch
370
-1
 62
40
420
16760576
 10
0
 20
0
 30
0
210
0
220
0
230
1
  2
SOLID
 70
1
 71
0
 91
1
 92
3
 72
0
 73
1
 93
4
 10
90.198222
 20
99.934879
 10
90.198222
 20
99.913713
 10
90.219388
 20
99.913713
 10
90.219388
 20
99.934879
 97
0
 75
0
 76
1
 98
0
  0
LWPOLYLINE
  5
9AC
100
AcDbEntity
  8
0
100
AcDbPolyline
 62
40
420
16760576
  6
BYLAYER
 38
0
 90
2
 70
1
 10
90.854389
 20
101.374212
 10
91.066056
 20
101.374212
  0
LWPOLYLINE
  5
9AD
100
AcDbEntity
  8
0
100
AcDbPolyline
 62
40
420
16760576
  6
BYLAYER
 38
0
 90
2
 70
1
 10
90.219389
 20
101.374212
 10
90.431056
 20
101.374212
  0
LWPOLYLINE
  5
9AE
100
AcDbEntity
  8
0
100
AcDbPolyline
 62
40
420
16760576
  6
BYLAYER
 38
0
 90
2
 70
0
 10
91.277722
 20
100.654545
 10
91.277722
 20
100.167712
  0
LWPOLYLINE
  5
9AF
100
AcDbEntity
  8
0
100
AcDbPolyline
 62
40
420
16760576
  6
BYLAYER
 38
0
 90
2
 70
0
 10
91.277722
 20
100.654545
 10
91.277722
 20
100.167712
  0
LWPOLYLINE
  5
9B0
100
AcDbEntity
  8
0
100
AcDbPolyline
 62
40
420
16760576
  6
BYLAYER
 38
0
 90
4
 70
0
 10
91.277722
 20
100.654545
 10
91.277722
 20
101.374212
 10
91.510556
 20
101.374212
 10
91.510556
 20
100.654545
  0
LWPOLYLINE
  5
9B1
100
AcDbEntity
  8
0
100
AcDbPolyline
 62
40
420
16760576
  6
BYLAYER
 38
0
 90
3
 70
0
 10
91.510556
 20
100.167712
 10
91.722222
 20
100.421712
 10
91.510556
 20
100.654545
  0
LWPOLYLINE
  5
9B2
100
AcDbEntity
  8
0
100
AcDbPolyline
 62
40
420
16760576
  6
BYLAYER
 38
0
 90
2
 70
0
 10
91.510556
 20
100.167712
 10
91.510556
 20
99.934879
  0
LWPOLYLINE
  5
9B3
100
AcDbEntity
  8
0
100
AcDbPolyline
 62
40
420
16760576
  6
BYLAYER
 38
0
 90
2
 70
0
 10
91.722222
 20
99.934879
 10
91.510556
 20
99.934879
  0
LWPOLYLINE
  5
9B4
100
AcDbEntity
  8
0
100
AcDbPolyline
 62
40
420
16760576
  6
BYLAYER
 38
0
 90
4
 70
0
 10
91.722222
 20
99.934879
 10
91.510556
 20
99.934879
 10
91.277722
 20
99.934879
 10
91.277722
 20
100.167712
  0
LWPOLYLINE
  5
9B5
100
AcDbEntity
  8
0
100
AcDbPolyline
 62
40
420
16760576
  6
BYLAYER
 38
0
 90
4
 70
0
 10
91.933889
 20
100.887379
 10
91.933889
 20
101.374212
 10
92.145556
 20
101.374212
 10
92.145556
 20
100.887379
  0
LWPOLYLINE
  5
9B6
100
AcDbEntity
  8
0
100
AcDbPolyline
 62
40
420
16760576
  6
BYLAYER
 38
0
 90
2
 70
0
 10
92.145556
 20
100.654545
 10
92.145556
 20
100.887379
  0
LWPOLYLINE
  5
9B7
100
AcDbEntity
  8
0
100
AcDbPolyline
 62
40
420
16760576
  6
BYLAYER
 38
0
 90
4
 70
0
 10
92.145556
 20
100.654545
 10
92.145556
 20
99.934879
 10
91.933889
 20
99.934879
 10
91.722222
 20
99.934879
  0
LWPOLYLINE
  5
9B8
100
AcDbEntity
  8
0
100
AcDbPolyline
 62
40
420
16760576
  6
BYLAYER
 38
0
 90
2
 70
0
 10
91.933889
 20
99.934879
 10
91.722222
 20
99.934879
  0
LWPOLYLINE
  5
9B9
100
AcDbEntity
  8
0
100
AcDbPolyline
 62
40
420
16760576
  6
BYLAYER
 38
0
 90
2
 70
0
 10
91.933889
 20
99.934879
 10
91.933889
 20
100.654545
  0
LWPOLYLINE
  5
9BA
100
AcDbEntity
  8
0
100
AcDbPolyline
 62
40
420
16760576
  6
BYLAYER
 38
0
 90
3
 70
0
 10
91.933889
 20
100.887379
 10
91.722222
 20
100.654545
 10
91.933889
 20
100.654545
  0
LWPOLYLINE
  5
9BB
100
AcDbEntity
  8
0
100
AcDbPolyline
 62
40
420
16760576
  6
BYLAYER
 38
0
 90
3
 70
0
 10
91.933889
 20
100.887379
 10
91.722222
 20
100.654545
 10
91.933889
 20
100.654545
  0
LWPOLYLINE
  5
9BC
100
AcDbEntity
  8
0
100
AcDbPolyline
 62
40
420
16760576
  6
BYLAYER
 38
0
 90
2
 70
0
 10
92.357222
 20
100.654545
 10
92.357222
 20
100.167712
  0
LWPOLYLINE
  5
9BD
100
AcDbEntity
  8
0
100
AcDbPolyline
 62
40
420
16760576
  6
BYLAYER
 38
0
 90
2
 70
0
 10
92.357222
 20
100.654545
 10
92.357222
 20
100.167712
  0
LWPOLYLINE
  5
9BE
100
AcDbEntity
  8
0
100
AcDbPolyline
 62
40
420
16760576
  6
BYLAYER
 38
0
 90
4
 70
0
 10
92.357222
 20
100.654545
 10
92.357222
 20
101.374212
 10
92.568889
 20
101.374212
 10
92.568889
 20
100.654545
  0
LWPOLYLINE
  5
9BF
100
AcDbEntity
  8
0
100
AcDbPolyline
 62
40
420
16760576
  6
BYLAYER
 38
0
 90
3
 70
0
 10
92.568889
 20
100.167712
 10
92.780556
 20
100.421712
 10
92.568889
 20
100.654545
  0
LWPOLYLINE
  5
9C0
100
AcDbEntity
  8
0
100
AcDbPolyline
 62
40
420
16760576
  6
BYLAYER
 38
0
 90
2
 70
0
 10
92.568889
 20
100.167712
 10
92.568889
 20
99.934879
  0
LWPOLYLINE
  5
9C1
100
AcDbEntity
  8
0
100
AcDbPolyline
 62
40
420
16760576
  6
BYLAYER
 38
0
 90
2
 70
0
 10
92.780556
 20
99.934879
 10
92.568889
 20
99.934879
  0
LWPOLYLINE
  5
9C2
100
AcDbEntity
  8
0
100
AcDbPolyline
 62
40
420
16760576
  6
BYLAYER
 38
0
 90
4
 70
0
 10
92.780556
 20
99.934879
 10
92.568889
 20
99.934879
 10
92.357222
 20
99.934879
 10
92.357222
 20
100.167712
  0
LWPOLYLINE
  5
9C3
100
AcDbEntity
  8
0
100
AcDbPolyline
 62
40
420
16760576
  6
BYLAYER
 38
0
 90
4
 70
0
 10
93.013389
 20
100.887379
 10
93.013389
 20
101.374212
 10
93.225056
 20
101.374212
 10
93.225056
 20
100.887379
  0
LWPOLYLINE
  5
9C4
100
AcDbEntity
  8
0
100
AcDbPolyline
 62
40
420
16760576
  6
BYLAYER
 38
0
 90
2
 70
0
 10
93.225056
 20
100.654545
 10
93.225056
 20
100.887379
  0
LWPOLYLINE
  5
9C5
100
AcDbEntity
  8
0
100
AcDbPolyline
 62
40
420
16760576
  6
BYLAYER
 38
0
 90
4
 70
0
 10
93.225056
 20
100.654545
 10
93.225056
 20
99.934879
 10
93.013389
 20
99.934879
 10
92.780556
 20
99.934879
  0
LWPOLYLINE
  5
9C6
100
AcDbEntity
  8
0
100
AcDbPolyline
 62
40
420
16760576
  6
BYLAYER
 38
0
 90
2
 70
0
 10
93.013389
 20
99.934879
 10
92.780556
 20
99.934879
  0
LWPOLYLINE
  5
9C7
100
AcDbEntity
  8
0
100
AcDbPolyline
 62
40
420
16760576
  6
BYLAYER
 38
0
 90
2
 70
0
 10
93.013389
 20
99.934879
 10
93.013389
 20
100.654545
  0
LWPOLYLINE
  5
9C8
100
AcDbEntity
  8
0
100
AcDbPolyline
 62
40
420
16760576
  6
BYLAYER
 38
0
 90
3
 70
0
 10
93.013389
 20
100.887379
 10
92.780556
 20
100.654545
 10
93.013389
 20
100.654545
  0
LWPOLYLINE
  5
9C9
100
AcDbEntity
  8
0
100
AcDbPolyline
 62
40
420
16760576
  6
BYLAYER
 38
0
 90
3
 70
0
 10
93.013389
 20
100.887379
 10
92.780556
 20
100.654545
 10
93.013389
 20
100.654545
  0
LWPOLYLINE
  5
9CA
100
AcDbEntity
  8
0
100
AcDbPolyline
 62
40
420
16760576
  6
BYLAYER
 38
0
 90
2
 70
0
 10
93.436722
 20
100.654545
 10
93.436722
 20
100.167712
  0
LWPOLYLINE
  5
9CB
100
AcDbEntity
  8
0
100
AcDbPolyline
 62
40
420
16760576
  6
BYLAYER
 38
0
 90
2
 70
0
 10
93.436722
 20
100.654545
 10
93.436722
 20
100.167712
  0
LWPOLYLINE
  5
9CC
100
AcDbEntity
  8
0
100
AcDbPolyline
 62
40
420
16760576
  6
BYLAYER
 38
0
 90
4
 70
0
 10
93.436722
 20
100.654545
 10
93.436722
 20
101.374212
 10
93.648389
 20
101.374212
 10
93.648389
 20
100.654545
  0
LWPOLYLINE
  5
9CD
100
AcDbEntity
  8
0
100
AcDbPolyline
 62
40
420
16760576
  6
BYLAYER
 38
0
 90
3
 70
0
 10
93.648389
 20
100.167712
 10
93.860056
 20
100.421712
 10
93.648389
 20
100.654545
  0
LWPOLYLINE
  5
9CE
100
AcDbEntity
  8
0
100
AcDbPolyline
 62
40
420
16760576
  6
BYLAYER
 38
0
 90
2
 70
0
 10
93.648389
 20
100.167712
 10
93.648389
 20
99.934879
  0
LWPOLYLINE
  5
9CF
100
AcDbEntity
  8
0
100
AcDbPolyline
 62
40
420
16760576
  6
BYLAYER
 38
0
 90
2
 70
0
 10
93.860056
 20
99.934879
 10
93.648389
 20
99.934879
  0
LWPOLYLINE
  5
9D0
100
AcDbEntity
  8
0
100
AcDbPolyline
 62
40
420
16760576
  6
BYLAYER
 38
0
 90
4
 70
0
 10
93.860056
 20
99.934879
 10
93.648389
 20
99.934879
 10
93.436722
 20
99.934879
 10
93.436722
 20
100.167712
  0
LWPOLYLINE
  5
9D1
100
AcDbEntity
  8
0
100
AcDbPolyline
 62
40
420
16760576
  6
BYLAYER
 38
0
 90
4
 70
0
 10
94.071722
 20
100.887379
 10
94.071722
 20
101.374212
 10
94.304556
 20
101.374212
 10
94.304556
 20
100.887379
  0
LWPOLYLINE
  5
9D2
100
AcDbEntity
  8
0
100
AcDbPolyline
 62
40
420
16760576
  6
BYLAYER
 38
0
 90
2
 70
0
 10
94.304556
 20
100.654545
 10
94.304556
 20
100.887379
  0
LWPOLYLINE
  5
9D3
100
AcDbEntity
  8
0
100
AcDbPolyline
 62
40
420
16760576
  6
BYLAYER
 38
0
 90
4
 70
0
 10
94.304556
 20
100.654545
 10
94.304556
 20
99.934879
 10
94.071722
 20
99.934879
 10
93.860056
 20
99.934879
  0
LWPOLYLINE
  5
9D4
100
AcDbEntity
  8
0
100
AcDbPolyline
 62
40
420
16760576
  6
BYLAYER
 38
0
 90
2
 70
0
 10
94.071722
 20
99.934879
 10
93.860056
 20
99.934879
  0
LWPOLYLINE
  5
9D5
100
AcDbEntity
  8
0
100
AcDbPolyline
 62
40
420
16760576
  6
BYLAYER
 38
0
 90
2
 70
0
 10
94.071722
 20
99.934879
 10
94.071722
 20
100.654545
  0
LWPOLYLINE
  5
9D6
100
AcDbEntity
  8
0
100
AcDbPolyline
 62
40
420
16760576
  6
BYLAYER
 38
0
 90
3
 70
0
 10
94.071722
 20
100.887379
 10
93.860056
 20
100.654545
 10
94.071722
 20
100.654545
  0
LWPOLYLINE
  5
9D7
100
AcDbEntity
  8
0
100
AcDbPolyline
 62
40
420
16760576
  6
BYLAYER
 38
0
 90
3
 70
0
 10
94.071722
 20
100.887379
 10
93.860056
 20
100.654545
 10
94.071722
 20
100.654545
  0
LWPOLYLINE
  5
9D8
100
AcDbEntity
  8
0
100
AcDbPolyline
 62
40
420
16760576
  6
BYLAYER
 38
0
 90
2
 70
0
 10
94.516222
 20
100.654545
 10
94.516222
 20
100.167712
  0
LWPOLYLINE
  5
9D9
100
AcDbEntity
  8
0
100
AcDbPolyline
 62
40
420
16760576
  6
BYLAYER
 38
0
 90
2
 70
0
 10
94.516222
 20
100.654545
 10
94.516222
 20
100.167712
  0
LWPOLYLINE
  5
9DA
100
AcDbEntity
  8
0
100
AcDbPolyline
 62
40
420
16760576
  6
BYLAYER
 38
0
 90
4
 70
0
 10
94.516222
 20
100.654545
 10
94.516222
 20
101.374212
 10
94.727889
 20
101.374212
 10
94.727889
 20
100.654545
  0
LWPOLYLINE
  5
9DB
100
AcDbEntity
  8
0
100
AcDbPolyline
 62
40
420
16760576
  6
BYLAYER
 38
0
 90
3
 70
0
 10
94.727889
 20
100.167712
 10
94.939556
 20
100.421712
 10
94.727889
 20
100.654545
  0
LWPOLYLINE
  5
9DC
100
AcDbEntity
  8
0
100
AcDbPolyline
 62
40
420
16760576
  6
BYLAYER
 38
0
 90
2
 70
0
 10
94.727889
 20
100.167712
 10
94.727889
 20
99.934879
  0
LWPOLYLINE
  5
9DD
100
AcDbEntity
  8
0
100
AcDbPolyline
 62
40
420
16760576
  6
BYLAYER
 38
0
 90
2
 70
0
 10
94.939556
 20
99.934879
 10
94.727889
 20
99.934879
  0
LWPOLYLINE
  5
9DE
100
AcDbEntity
  8
0
100
AcDbPolyline
 62
40
420
16760576
  6
BYLAYER
 38
0
 90
4
 70
0
 10
94.939556
 20
99.934879
 10
94.727889
 20
99.934879
 10
94.516222
 20
99.934879
 10
94.516222
 20
100.167712
  0
LWPOLYLINE
  5
9DF
100
AcDbEntity
  8
0
100
AcDbPolyline
 62
40
420
16760576
  6
BYLAYER
 38
0
 90
4
 70
0
 10
95.151222
 20
100.887379
 10
95.151222
 20
101.374212
 10
95.362889
 20
101.374212
 10
95.362889
 20
100.887379
  0
LWPOLYLINE
  5
9E0
100
AcDbEntity
  8
0
100
AcDbPolyline
 62
40
420
16760576
  6
BYLAYER
 38
0
 90
2
 70
0
 10
95.362889
 20
100.654545
 10
95.362889
 20
100.887379
  0
LWPOLYLINE
  5
9E1
100
AcDbEntity
  8
0
100
AcDbPolyline
 62
40
420
16760576
  6
BYLAYER
 38
0
 90
4
 70
0
 10
95.362889
 20
100.654545
 10
95.362889
 20
99.934879
 10
95.151222
 20
99.934879
 10
94.939556
 20
99.934879
  0
LWPOLYLINE
  5
9E2
100
AcDbEntity
  8
0
100
AcDbPolyline
 62
40
420
16760576
  6
BYLAYER
 38
0
 90
2
 70
0
 10
95.151222
 20
99.934879
 10
94.939556
 20
99.934879
  0
LWPOLYLINE
  5
9E3
100
AcDbEntity
  8
0
100
AcDbPolyline
 62
40
420
16760576
  6
BYLAYER
 38
0
 90
2
 70
0
 10
95.151222
 20
99.934879
 10
95.151222
 20
100.654545
  0
LWPOLYLINE
  5
9E4
100
AcDbEntity
  8
0
100
AcDbPolyline
 62
40
420
16760576
  6
BYLAYER
 38
0
 90
3
 70
0
 10
95.151222
 20
100.887379
 10
94.939556
 20
100.654545
 10
95.151222
 20
100.654545
  0
LWPOLYLINE
  5
9E5
100
AcDbEntity
  8
0
100
AcDbPolyline
 62
40
420
16760576
  6
BYLAYER
 38
0
 90
3
 70
0
 10
95.151222
 20
100.887379
 10
94.939556
 20
100.654545
 10
95.151222
 20
100.654545
  0
LWPOLYLINE
  5
9E6
100
AcDbEntity
  8
0
100
AcDbPolyline
 62
40
420
16760576
  6
BYLAYER
 38
0
 90
2
 70
0
 10
95.574556
 20
100.654545
 10
95.574556
 20
100.167712
  0
LWPOLYLINE
  5
9E7
100
AcDbEntity
  8
0
100
AcDbPolyline
 62
40
420
16760576
  6
BYLAYER
 38
0
 90
2
 70
0
 10
95.574556
 20
100.654545
 10
95.574556
 20
100.167712
  0
LWPOLYLINE
  5
9E8
100
AcDbEntity
  8
0
100
AcDbPolyline
 62
40
420
16760576
  6
BYLAYER
 38
0
 90
4
 70
0
 10
95.574556
 20
100.654545
 10
95.574556
 20
101.374212
 10
95.807389
 20
101.374212
 10
95.807389
 20
100.654545
  0
LWPOLYLINE
  5
9E9
100
AcDbEntity
  8
0
100
AcDbPolyline
 62
40
420
16760576
  6
BYLAYER
 38
0
 90
3
 70
0
 10
95.807389
 20
100.167712
 10
96.019056
 20
100.421712
 10
95.807389
 20
100.654545
  0
LWPOLYLINE
  5
9EA
100
AcDbEntity
  8
0
100
AcDbPolyline
 62
40
420
16760576
  6
BYLAYER
 38
0
 90
2
 70
0
 10
95.807389
 20
100.167712
 10
95.807389
 20
99.934879
  0
LWPOLYLINE
  5
9EB
100
AcDbEntity
  8
0
100
AcDbPolyline
 62
40
420
16760576
  6
BYLAYER
 38
0
 90
2
 70
0
 10
96.019056
 20
99.934879
 10
95.807389
 20
99.934879
  0
LWPOLYLINE
  5
9EC
100
AcDbEntity
  8
0
100
AcDbPolyline
 62
40
420
16760576
  6
BYLAYER
 38
0
 90
4
 70
0
 10
96.019056
 20
99.934879
 10
95.807389
 20
99.934879
 10
95.574556
 20
99.934879
 10
95.574556
 20
100.167712
  0
LWPOLYLINE
  5
9ED
100
AcDbEntity
  8
0
100
AcDbPolyline
 62
40
420
16760576
  6
BYLAYER
 38
0
 90
4
 70
0
 10
96.230722
 20
100.887379
 10
96.230722
 20
101.374212
 10
96.442389
 20
101.374212
 10
96.442389
 20
100.887379
  0
LWPOLYLINE
  5
9EE
100
AcDbEntity
  8
0
100
AcDbPolyline
 62
40
420
16760576
  6
BYLAYER
 38
0
 90
2
 70
0
 10
96.442389
 20
100.654545
 10
96.442389
 20
100.887379
  0
LWPOLYLINE
  5
9EF
100
AcDbEntity
  8
0
100
AcDbPolyline
 62
40
420
16760576
  6
BYLAYER
 38
0
 90
4
 70
0
 10
96.442389
 20
100.654545
 10
96.442389
 20
99.934879
 10
96.230722
 20
99.934879
 10
96.230722
 20
100.654545
  0
LWPOLYLINE
  5
9F0
100
AcDbEntity
  8
0
100
AcDbPolyline
 62
40
420
16760576
  6
BYLAYER
 38
0
 90
2
 70
0
 10
96.230722
 20
100.887379
 10
96.230722
 20
100.654545
  0
LWPOLYLINE
  5
9F1
100
AcDbEntity
  8
0
100
AcDbPolyline
 62
40
420
16760576
  6
BYLAYER
 38
0
 90
2
 70
0
 10
96.230722
 20
100.887379
 10
96.230722
 20
100.654545
  0
LWPOLYLINE
  5
9F2
100
AcDbEntity
  8
0
100
AcDbPolyline
 62
40
420
16760576
  6
BYLAYER
 38
0
 90
4
 70
0
 10
90.854389
 20
100.887379
 10
90.854389
 20
101.374212
 10
91.066056
 20
101.374212
 10
91.066056
 20
100.887379
  0
LWPOLYLINE
  5
9F3
100
AcDbEntity
  8
0
100
AcDbPolyline
 62
40
420
16760576
  6
BYLAYER
 38
0
 90
2
 70
0
 10
91.066056
 20
100.654545
 10
91.066056
 20
100.887379
  0
LWPOLYLINE
  5
9F4
100
AcDbEntity
  8
0
100
AcDbPolyline
 62
40
420
16760576
  6
BYLAYER
 38
0
 90
4
 70
0
 10
91.066056
 20
100.654545
 10
91.066056
 20
99.934879
 10
90.854389
 20
99.934879
 10
90.642722
 20
99.934879
  0
LWPOLYLINE
  5
9F5
100
AcDbEntity
  8
0
100
AcDbPolyline
 62
40
420
16760576
  6
BYLAYER
 38
0
 90
2
 70
0
 10
90.854389
 20
99.934879
 10
90.642722
 20
99.934879
  0
LWPOLYLINE
  5
9F6
100
AcDbEntity
  8
0
100
AcDbPolyline
 62
40
420
16760576
  6
BYLAYER
 38
0
 90
2
 70
0
 10
90.854389
 20
99.934879
 10
90.854389
 20
100.654545
  0
LWPOLYLINE
  5
9F7
100
AcDbEntity
  8
0
100
AcDbPolyline
 62
40
420
16760576
  6
BYLAYER
 38
0
 90
3
 70
0
 10
90.854389
 20
100.887379
 10
90.642722
 20
100.654545
 10
90.854389
 20
100.654545
  0
LWPOLYLINE
  5
9F8
100
AcDbEntity
  8
0
100
AcDbPolyline
 62
40
420
16760576
  6
BYLAYER
 38
0
 90
3
 70
0
 10
90.854389
 20
100.887379
 10
90.642722
 20
100.654545
 10
90.854389
 20
100.654545
  0
LWPOLYLINE
  5
9F9
100
AcDbEntity
  8
0
100
AcDbPolyline
 62
40
420
16760576
  6
BYLAYER
 38
0
 90
2
 70
0
 10
90.219389
 20
100.654545
 10
90.219389
 20
100.167712
  0
LWPOLYLINE
  5
9FA
100
AcDbEntity
  8
0
100
AcDbPolyline
 62
40
420
16760576
  6
BYLAYER
 38
0
 90
2
 70
0
 10
90.219389
 20
100.654545
 10
90.219389
 20
100.167712
  0
LWPOLYLINE
  5
9FB
100
AcDbEntity
  8
0
100
AcDbPolyline
 62
40
420
16760576
  6
BYLAYER
 38
0
 90
4
 70
0
 10
90.219389
 20
100.654545
 10
90.219389
 20
101.374212
 10
90.431056
 20
101.374212
 10
90.431056
 20
100.654545
  0
LWPOLYLINE
  5
9FC
100
AcDbEntity
  8
0
100
AcDbPolyline
 62
40
420
16760576
  6
BYLAYER
 38
0
 90
3
 70
0
 10
90.431056
 20
100.167712
 10
90.642722
 20
100.421712
 10
90.431056
 20
100.654545
  0
LWPOLYLINE
  5
9FD
100
AcDbEntity
  8
0
100
AcDbPolyline
 62
40
420
16760576
  6
BYLAYER
 38
0
 90
2
 70
0
 10
90.431056
 20
100.167712
 10
90.431056
 20
99.934879
  0
LWPOLYLINE
  5
9FE
100
AcDbEntity
  8
0
100
AcDbPolyline
 62
40
420
16760576
  6
BYLAYER
 38
0
 90
2
 70
0
 10
90.642722
 20
99.934879
 10
90.431056
 20
99.934879
  0
LWPOLYLINE
  5
9FF
100
AcDbEntity
  8
0
100
AcDbPolyline
 62
40
420
16760576
  6
BYLAYER
 38
0
 90
4
 70
0
 10
90.642722
 20
99.934879
 10
90.431056
 20
99.934879
 10
90.219389
 20
99.934879
 10
90.219389
 20
100.167712
  0
HATCH
  5
A00
100
AcDbEntity
  8
0
100
AcDbHatch
370
-1
 62
7
 10
0
 20
0
 30
0
210
0
220
0
230
1
  2
SOLID
 70
1
 71
0
 91
1
 92
3
 72
0
 73
1
 93
4
 10
89.774889
 20
103.279212
 10
89.774889
 20
101.861049
 10
90.854392
 20
101.861049
 10
90.854392
 20
103.279212
 97
0
 75
0
 76
1
 98
0
  0
MTEXT
  5
A01
100
AcDbEntity
  8
0
100
AcDbMText
370
-1
 62
7
 10
227.125327
 20
137.432468
 30
0
 40
4.011654
  1
{\fSimSun|b0|i0|c0;LEDK}
 50
0
 41
0
  7
Standard
 71
1
 73
1
 44
1
  0
HATCH
  5
A02
100
AcDbEntity
  8
0
100
AcDbHatch
370
-1
 62
4
420
65535
 10
0
 20
0
 30
0
210
0
220
0
230
1
  2
SOLID
 70
1
 71
0
 91
1
 92
3
 72
0
 73
1
 93
4
 10
80.969556
 20
116.212045
 10
80.969556
 20
115.958045
 10
81.181224
 20
115.958045
 10
81.181224
 20
116.212045
 97
0
 75
0
 76
1
 98
0
  0
HATCH
  5
A03
100
AcDbEntity
  8
0
100
AcDbHatch
370
-1
 62
2
420
16776960
 10
0
 20
0
 30
0
210
0
220
0
230
1
  2
SOLID
 70
1
 71
0
 91
1
 92
3
 72
0
 73
1
 93
2
 10
81.392889
 20
116.444879
 10
81.392889
 20
115.958045
 97
0
 75
0
 76
1
 98
0
  0
LWPOLYLINE
  5
A04
100
AcDbEntity
  8
0
100
AcDbPolyline
 62
2
420
16776960
  6
BYLAYER
 38
0
 90
2
 70
1
 10
81.392889
 20
116.444879
 10
81.392889
 20
115.958045
  0
HATCH
  5
A05
100
AcDbEntity
  8
0
100
AcDbHatch
370
-1
 62
2
420
16776960
 10
0
 20
0
 30
0
210
0
220
0
230
1
  2
SOLID
 70
1
 71
0
 91
1
 92
3
 72
0
 73
1
 93
3
 10
81.392889
 20
116.444879
 10
81.181222
 20
116.444879
 10
81.181222
 20
115.958045
 97
0
 75
0
 76
1
 98
0
  0
LWPOLYLINE
  5
A06
100
AcDbEntity
  8
0
100
AcDbPolyline
 62
2
420
16776960
  6
BYLAYER
 38
0
 90
3
 70
1
 10
81.392889
 20
116.444879
 10
81.181222
 20
116.444879
 10
81.181222
 20
115.958045
  0
HATCH
  5
A07
100
AcDbEntity
  8
0
100
AcDbHatch
370
-1
 62
2
420
16776960
 10
0
 20
0
 30
0
210
0
220
0
230
1
  2
SOLID
 70
1
 71
0
 91
1
 92
3
 72
0
 73
1
 93
3
 10
81.392889
 20
116.444879
 10
81.392889
 20
115.958045
 10
81.181222
 20
115.958045
 97
0
 75
0
 76
1
 98
0
  0
LWPOLYLINE
  5
A08
100
AcDbEntity
  8
0
100
AcDbPolyline
 62
2
420
16776960
  6
BYLAYER
 38
0
 90
3
 70
1
 10
81.392889
 20
116.444879
 10
81.392889
 20
115.958045
 10
81.181222
 20
115.958045
  0
HATCH
  5
A09
100
AcDbEntity
  8
0
100
AcDbHatch
370
-1
 62
2
420
16776960
 10
0
 20
0
 30
0
210
0
220
0
230
1
  2
SOLID
 70
1
 71
0
 91
1
 92
3
 72
0
 73
1
 93
2
 10
81.181222
 20
115.958045
 10
80.969556
 20
115.958045
 97
0
 75
0
 76
1
 98
0
  0
LWPOLYLINE
  5
A0A
100
AcDbEntity
  8
0
100
AcDbPolyline
 62
2
420
16776960
  6
BYLAYER
 38
0
 90
2
 70
1
 10
81.181222
 20
115.958045
 10
80.969556
 20
115.958045
  0
HATCH
  5
A0B
100
AcDbEntity
  8
0
100
AcDbHatch
370
-1
 62
2
420
16776960
 10
0
 20
0
 30
0
210
0
220
0
230
1
  2
SOLID
 70
1
 71
0
 91
1
 92
3
 72
0
 73
1
 93
2
 10
81.181222
 20
115.958045
 10
80.969556
 20
115.958045
 97
0
 75
0
 76
1
 98
0
  0
LWPOLYLINE
  5
A0C
100
AcDbEntity
  8
0
100
AcDbPolyline
 62
2
420
16776960
  6
BYLAYER
 38
0
 90
2
 70
1
 10
81.181222
 20
115.958045
 10
80.969556
 20
115.958045
  0
HATCH
  5
A0D
100
AcDbEntity
  8
0
100
AcDbHatch
370
-1
 62
2
420
16776960
 10
0
 20
0
 30
0
210
0
220
0
230
1
  2
SOLID
 70
1
 71
0
 91
1
 92
3
 72
0
 73
1
 93
3
 10
81.181222
 20
116.444879
 10
80.969556
 20
116.444879
 10
80.969556
 20
116.212045
 97
0
 75
0
 76
1
 98
0
  0
LWPOLYLINE
  5
A0E
100
AcDbEntity
  8
0
100
AcDbPolyline
 62
2
420
16776960
  6
BYLAYER
 38
0
 90
3
 70
1
 10
81.181222
 20
116.444879
 10
80.969556
 20
116.444879
 10
80.969556
 20
116.212045
  0
HATCH
  5
A0F
100
AcDbEntity
  8
0
100
AcDbHatch
370
-1
 62
2
420
16776960
 10
0
 20
0
 30
0
210
0
220
0
230
1
  2
SOLID
 70
1
 71
0
 91
1
 92
3
 72
0
 73
1
 93
3
 10
81.181222
 20
116.444879
 10
81.181222
 20
116.212045
 10
80.969556
 20
116.212045
 97
0
 75
0
 76
1
 98
0
  0
LWPOLYLINE
  5
A10
100
AcDbEntity
  8
0
100
AcDbPolyline
 62
2
420
16776960
  6
BYLAYER
 38
0
 90
3
 70
1
 10
81.181222
 20
116.444879
 10
81.181222
 20
116.212045
 10
80.969556
 20
116.212045
  0
HATCH
  5
A11
100
AcDbEntity
  8
0
100
AcDbHatch
370
-1
 62
2
420
16776960
 10
0
 20
0
 30
0
210
0
220
0
230
1
  2
SOLID
 70
1
 71
0
 91
1
 92
3
 72
0
 73
1
 93
3
 10
80.969556
 20
116.444879
 10
80.757889
 20
116.444879
 10
80.757889
 20
115.958045
 97
0
 75
0
 76
1
 98
0
  0
LWPOLYLINE
  5
A12
100
AcDbEntity
  8
0
100
AcDbPolyline
 62
2
420
16776960
  6
BYLAYER
 38
0
 90
3
 70
1
 10
80.969556
 20
116.444879
 10
80.757889
 20
116.444879
 10
80.757889
 20
115.958045
  0
HATCH
  5
A13
100
AcDbEntity
  8
0
100
AcDbHatch
370
-1
 62
2
420
16776960
 10
0
 20
0
 30
0
210
0
220
0
230
1
  2
SOLID
 70
1
 71
0
 91
1
 92
3
 72
0
 73
1
 93
3
 10
80.969556
 20
116.444879
 10
80.969556
 20
115.958045
 10
80.757889
 20
115.958045
 97
0
 75
0
 76
1
 98
0
  0
LWPOLYLINE
  5
A14
100
AcDbEntity
  8
0
100
AcDbPolyline
 62
2
420
16776960
  6
BYLAYER
 38
0
 90
3
 70
1
 10
80.969556
 20
116.444879
 10
80.969556
 20
115.958045
 10
80.757889
 20
115.958045
  0
HATCH
  5
A15
100
AcDbEntity
  8
0
100
AcDbHatch
370
-1
 62
2
420
16776960
 10
0
 20
0
 30
0
210
0
220
0
230
1
  2
SOLID
 70
1
 71
0
 91
1
 92
3
 72
0
 73
1
 93
2
 10
80.757889
 20
116.444879
 10
80.757889
 20
115.958045
 97
0
 75
0
 76
1
 98
0
  0
LWPOLYLINE
  5
A16
100
AcDbEntity
  8
0
100
AcDbPolyline
 62
2
420
16776960
  6
BYLAYER
 38
0
 90
2
 70
1
 10
80.757889
 20
116.444879
 10
80.757889
 20
115.958045
  0
LWPOLYLINE
  5
A17
100
AcDbEntity
  8
0
100
AcDbPolyline
 62
4
420
65535
  6
BYLAYER
 38
0
 90
4
 70
1
 10
80.757889
 20
115.958045
 10
80.757889
 20
116.444879
 10
81.392889
 20
116.444879
 10
81.392889
 20
115.958045
  0
HATCH
  5
A18
100
AcDbEntity
  8
0
100
AcDbHatch
370
-1
 62
2
420
16776960
 10
0
 20
0
 30
0
210
0
220
0
230
1
  2
SOLID
 70
1
 71
0
 91
1
 92
3
 72
0
 73
1
 93
3
 10
82.049056
 20
116.910545
 10
81.392889
 20
116.444879
 10
82.049056
 20
117.164545
 97
0
 75
0
 76
1
 98
0
  0
LWPOLYLINE
  5
A19
100
AcDbEntity
  8
0
100
AcDbPolyline
 62
2
420
16776960
  6
BYLAYER
 38
0
 90
3
 70
1
 10
82.049056
 20
116.908076
 10
81.393036
 20
116.442434
 10
82.049056
 20
117.161927
  0
LWPOLYLINE
  5
A1A
100
AcDbEntity
  8
0
100
AcDbPolyline
 62
2
420
16776960
  6
BYLAYER
 38
0
 90
2
 70
0
 10
82.049056
 20
116.910545
 10
84.186889
 20
118.836712
  0
HATCH
  5
A1B
100
AcDbEntity
  8
0
100
AcDbHatch
370
-1
 62
2
420
16776960
 10
0
 20
0
 30
0
210
0
220
0
230
1
  2
SOLID
 70
1
 71
0
 91
1
 92
3
 72
0
 73
1
 93
3
 10
102.242056
 20
117.164545
 10
102.686556
 20
116.444879
 10
102.030389
 20
116.910545
 97
0
 75
0
 76
1
 98
0
  0
LWPOLYLINE
  5
A1C
100
AcDbEntity
  8
0
100
AcDbPolyline
 62
2
420
16776960
  6
BYLAYER
 38
0
 90
3
 70
1
 10
102.242056
 20
117.162076
 10
102.686424
 20
116.44221
 10
102.030404
 20
116.908225
  0
LWPOLYLINE
  5
A1D
100
AcDbEntity
  8
0
100
AcDbPolyline
 62
2
420
16776960
  6
BYLAYER
 38
0
 90
3
 70
0
 10
102.242056
 20
117.164545
 10
100.739222
 20
118.836712
 10
84.186889
 20
118.836712
  0
LWPOLYLINE
  5
A1E
100
AcDbEntity
  8
0
100
AcDbPolyline
 62
4
420
65535
  6
BYLAYER
 38
0
 90
4
 70
1
 10
103.321556
 20
115.958045
 10
103.321556
 20
116.444879
 10
102.686556
 20
116.444879
 10
102.686556
 20
115.958045
  0
HATCH
  5
A1F
100
AcDbEntity
  8
0
100
AcDbHatch
370
-1
 62
4
420
65535
 10
0
 20
0
 30
0
210
0
220
0
230
1
  2
SOLID
 70
1
 71
0
 91
1
 92
3
 72
0
 73
1
 93
4
 10
102.898222
 20
116.212045
 10
102.898222
 20
115.958045
 10
103.10988
 20
115.958045
 10
103.10988
 20
116.212045
 97
0
 75
0
 76
1
 98
0
  0
HATCH
  5
A20
100
AcDbEntity
  8
0
100
AcDbHatch
370
-1
 62
2
420
16776960
 10
0
 20
0
 30
0
210
0
220
0
230
1
  2
SOLID
 70
1
 71
0
 91
1
 92
3
 72
0
 73
1
 93
2
 10
103.321556
 20
116.444879
 10
103.321556
 20
115.958045
 97
0
 75
0
 76
1
 98
0
  0
LWPOLYLINE
  5
A21
100
AcDbEntity
  8
0
100
AcDbPolyline
 62
2
420
16776960
  6
BYLAYER
 38
0
 90
2
 70
1
 10
103.321556
 20
116.444879
 10
103.321556
 20
115.958045
  0
HATCH
  5
A22
100
AcDbEntity
  8
0
100
AcDbHatch
370
-1
 62
2
420
16776960
 10
0
 20
0
 30
0
210
0
220
0
230
1
  2
SOLID
 70
1
 71
0
 91
1
 92
3
 72
0
 73
1
 93
3
 10
103.321556
 20
116.444879
 10
103.109889
 20
116.444879
 10
103.109889
 20
115.958045
 97
0
 75
0
 76
1
 98
0
  0
LWPOLYLINE
  5
A23
100
AcDbEntity
  8
0
100
AcDbPolyline
 62
2
420
16776960
  6
BYLAYER
 38
0
 90
3
 70
1
 10
103.321556
 20
116.444879
 10
103.109889
 20
116.444879
 10
103.109889
 20
115.958045
  0
HATCH
  5
A24
100
AcDbEntity
  8
0
100
AcDbHatch
370
-1
 62
2
420
16776960
 10
0
 20
0
 30
0
210
0
220
0
230
1
  2
SOLID
 70
1
 71
0
 91
1
 92
3
 72
0
 73
1
 93
3
 10
103.321556
 20
116.444879
 10
103.321556
 20
115.958045
 10
103.109889
 20
115.958045
 97
0
 75
0
 76
1
 98
0
  0
LWPOLYLINE
  5
A25
100
AcDbEntity
  8
0
100
AcDbPolyline
 62
2
420
16776960
  6
BYLAYER
 38
0
 90
3
 70
1
 10
103.321556
 20
116.444879
 10
103.321556
 20
115.958045
 10
103.109889
 20
115.958045
  0
HATCH
  5
A26
100
AcDbEntity
  8
0
100
AcDbHatch
370
-1
 62
2
420
16776960
 10
0
 20
0
 30
0
210
0
220
0
230
1
  2
SOLID
 70
1
 71
0
 91
1
 92
3
 72
0
 73
1
 93
2
 10
103.109889
 20
115.958045
 10
102.898222
 20
115.958045
 97
0
 75
0
 76
1
 98
0
  0
LWPOLYLINE
  5
A27
100
AcDbEntity
  8
0
100
AcDbPolyline
 62
2
420
16776960
  6
BYLAYER
 38
0
 90
2
 70
1
 10
103.109889
 20
115.958045
 10
102.898222
 20
115.958045
  0
HATCH
  5
A28
100
AcDbEntity
  8
0
100
AcDbHatch
370
-1
 62
2
420
16776960
 10
0
 20
0
 30
0
210
0
220
0
230
1
  2
SOLID
 70
1
 71
0
 91
1
 92
3
 72
0
 73
1
 93
2
 10
103.109889
 20
115.958045
 10
102.898222
 20
115.958045
 97
0
 75
0
 76
1
 98
0
  0
LWPOLYLINE
  5
A29
100
AcDbEntity
  8
0
100
AcDbPolyline
 62
2
420
16776960
  6
BYLAYER
 38
0
 90
2
 70
1
 10
103.109889
 20
115.958045
 10
102.898222
 20
115.958045
  0
HATCH
  5
A2A
100
AcDbEntity
  8
0
100
AcDbHatch
370
-1
 62
2
420
16776960
 10
0
 20
0
 30
0
210
0
220
0
230
1
  2
SOLID
 70
1
 71
0
 91
1
 92
3
 72
0
 73
1
 93
3
 10
103.109889
 20
116.444879
 10
102.898222
 20
116.444879
 10
102.898222
 20
116.212045
 97
0
 75
0
 76
1
 98
0
  0
LWPOLYLINE
  5
A2B
100
AcDbEntity
  8
0
100
AcDbPolyline
 62
2
420
16776960
  6
BYLAYER
 38
0
 90
3
 70
1
 10
103.109889
 20
116.444879
 10
102.898222
 20
116.444879
 10
102.898222
 20
116.212045
  0
HATCH
  5
A2C
100
AcDbEntity
  8
0
100
AcDbHatch
370
-1
 62
2
420
16776960
 10
0
 20
0
 30
0
210
0
220
0
230
1
  2
SOLID
 70
1
 71
0
 91
1
 92
3
 72
0
 73
1
 93
3
 10
103.109889
 20
116.444879
 10
103.109889
 20
116.212045
 10
102.898222
 20
116.212045
 97
0
 75
0
 76
1
 98
0
  0
LWPOLYLINE
  5
A2D
100
AcDbEntity
  8
0
100
AcDbPolyline
 62
2
420
16776960
  6
BYLAYER
 38
0
 90
3
 70
1
 10
103.109889
 20
116.444879
 10
103.109889
 20
116.212045
 10
102.898222
 20
116.212045
  0
HATCH
  5
A2E
100
AcDbEntity
  8
0
100
AcDbHatch
370
-1
 62
2
420
16776960
 10
0
 20
0
 30
0
210
0
220
0
230
1
  2
SOLID
 70
1
 71
0
 91
1
 92
3
 72
0
 73
1
 93
3
 10
102.898222
 20
116.444879
 10
102.686556
 20
116.444879
 10
102.686556
 20
115.958045
 97
0
 75
0
 76
1
 98
0
  0
LWPOLYLINE
  5
A2F
100
AcDbEntity
  8
0
100
AcDbPolyline
 62
2
420
16776960
  6
BYLAYER
 38
0
 90
3
 70
1
 10
102.898222
 20
116.444879
 10
102.686556
 20
116.444879
 10
102.686556
 20
115.958045
  0
HATCH
  5
A30
100
AcDbEntity
  8
0
100
AcDbHatch
370
-1
 62
2
420
16776960
 10
0
 20
0
 30
0
210
0
220
0
230
1
  2
SOLID
 70
1
 71
0
 91
1
 92
3
 72
0
 73
1
 93
3
 10
102.898222
 20
116.444879
 10
102.898222
 20
115.958045
 10
102.686556
 20
115.958045
 97
0
 75
0
 76
1
 98
0
  0
LWPOLYLINE
  5
A31
100
AcDbEntity
  8
0
100
AcDbPolyline
 62
2
420
16776960
  6
BYLAYER
 38
0
 90
3
 70
1
 10
102.898222
 20
116.444879
 10
102.898222
 20
115.958045
 10
102.686556
 20
115.958045
  0
HATCH
  5
A32
100
AcDbEntity
  8
0
100
AcDbHatch
370
-1
 62
2
420
16776960
 10
0
 20
0
 30
0
210
0
220
0
230
1
  2
SOLID
 70
1
 71
0
 91
1
 92
3
 72
0
 73
1
 93
2
 10
102.686556
 20
116.444879
 10
102.686556
 20
115.958045
 97
0
 75
0
 76
1
 98
0
  0
HATCH
  5
A33
100
AcDbEntity
  8
0
100
AcDbHatch
370
-1
 62
6
420
16711935
 10
0
 20
0
 30
0
210
0
220
0
230
1
  2
SOLID
 70
1
 71
0
 91
4
 92
3
 72
0
 73
1
 93
4
 10
91.183503
 20
119.868191
 10
91.183503
 20
119.648256
 10
91.606285
 20
119.648256
 10
91.606285
 20
119.868191
 97
0
 92
3
 72
0
 73
1
 93
46
 10
91.108537
 20
120.053399
 10
91.106953
 20
120.119958
 10
91.102474
 20
120.215456
 10
91.183503
 20
120.163642
 10
91.594709
 20
120.163642
 10
91.634948
 20
120.227032
 10
91.733616
 20
120.157579
 10
91.687313
 20
120.111277
 10
91.687632
 20
119.935474
 10
91.688623
 20
119.790056
 10
91.690337
 20
119.675024
 10
91.692826
 20
119.590378
 10
91.606285
 20
119.555652
 10
91.606285
 20
119.613529
 10
91.34556
 20
119.613529
 10
91.390346
 20
119.454366
 10
91.455803
 20
119.324141
 10
91.609041
 20
119.442653
 10
91.733616
 20
119.573291
 10
91.820156
 20
119.469111
 10
91.754648
 20
119.449896
 10
91.673946
 20
119.415436
 10
91.578156
 20
119.365784
 10
91.467379
 20
119.30099
 10
91.54994
 20
119.214897
 10
91.642114
 20
119.147615
 10
91.743796
 20
119.099142
 10
91.854883
 20
119.06948
 10
91.854883
 20
119.046329
 10
91.786808
 20
119.024487
 10
91.745191
 20
118.970812
 10
91.557089
 20
119.096283
 10
91.432652
 20
119.240357
 10
91.357411
 20
119.4102
 10
91.316897
 20
119.613529
 10
91.183503
 20
119.613529
 10
91.183503
 20
119.092631
 10
91.38635
 20
119.196811
 10
91.397925
 20
119.179723
 10
91.306854
 20
119.108504
 10
91.236971
 20
119.046122
 10
91.188171
 20
118.992525
 10
91.160352
 20
118.947661
 10
91.085386
 20
119.034753
 10
91.10523
 20
119.069273
 10
91.108537
 20
119.115782
 97
0
 92
3
 72
0
 73
1
 93
4
 10
91.183503
 20
120.128916
 10
91.183503
 20
119.902917
 10
91.606285
 20
119.902917
 10
91.606285
 20
120.128916
 97
0
 92
3
 72
0
 73
1
 93
41
 10
90.813086
 20
119.156572
 10
91.027509
 20
119.266264
 10
91.039084
 20
119.249176
 10
90.931606
 20
119.158828
 10
90.852291
 20
119.085327
 10
90.801192
 20
119.028569
 10
90.778359
 20
118.988451
 10
90.703394
 20
119.081055
 10
90.727854
 20
119.117367
 10
90.732057
 20
119.168147
 10
90.732057
 20
119.480687
 10
90.703394
 20
119.480687
 10
90.564488
 20
119.463048
 10
90.512122
 20
119.515413
 10
90.732057
 20
119.515413
 10
90.732057
 20
119.746923
 10
90.616302
 20
119.746923
 10
90.512122
 20
119.625105
 10
90.495035
 20
119.63668
 10
90.566977
 20
119.762564
 10
90.632356
 20
119.908705
 10
90.691224
 20
120.075103
 10
90.743633
 20
120.261759
 10
90.865451
 20
120.192305
 10
90.795998
 20
120.116789
 10
90.749696
 20
120.007097
 10
90.90569
 20
120.007097
 10
90.975143
 20
120.07655
 10
91.073811
 20
119.972371
 10
90.738121
 20
119.972371
 10
90.683137
 20
119.866675
 10
90.633941
 20
119.78165
 10
90.870964
 20
119.78165
 10
90.94648
 20
119.851103
 10
91.044596
 20
119.746923
 10
90.813086
 20
119.746923
 10
90.813086
 20
119.515413
 10
90.90569
 20
119.515413
 10
90.981207
 20
119.578803
 10
91.073811
 20
119.480687
 10
90.813086
 20
119.480687
 97
0
 75
0
 76
1
 98
0
  0
HATCH
  5
A34
100
AcDbEntity
  8
0
100
AcDbHatch
370
-1
 62
6
420
16711935
 10
0
 20
0
 30
0
210
0
220
0
230
1
  2
SOLID
 70
1
 71
0
 91
5
 92
3
 72
0
 73
1
 93
31
 10
92.449237
 20
119.051841
 10
92.572433
 20
119.039921
 10
92.631138
 20
119.037509
 10
92.657596
 20
119.06948
 10
92.657596
 20
119.40517
 10
92.651533
 20
119.596442
 10
92.784927
 20
119.538564
 10
92.744137
 20
119.50935
 10
92.848316
 20
119.347292
 10
93.009065
 20
119.502253
 10
93.109041
 20
119.631168
 10
93.207158
 20
119.532501
 10
93.143768
 20
119.520925
 10
92.981711
 20
119.403654
 10
92.865955
 20
119.330205
 10
92.966113
 20
119.236877
 10
93.081412
 20
119.165254
 10
93.211903
 20
119.115334
 10
93.357639
 20
119.087119
 10
93.357639
 20
119.06948
 10
93.289564
 20
119.040541
 10
93.247948
 20
118.988451
 10
93.076804
 20
119.066586
 10
92.933824
 20
119.17366
 10
92.819059
 20
119.309672
 10
92.732561
 20
119.474623
 10
92.732561
 20
119.051841
 10
92.706654
 20
118.97412
 10
92.616806
 20
118.918998
 10
92.566301
 20
118.983973
 10
92.449237
 20
119.02869
 97
0
 92
3
 72
0
 73
1
 93
16
 10
92.049606
 20
119.428321
 10
92.426086
 20
119.428321
 10
92.483963
 20
119.486199
 10
92.570504
 20
119.399658
 10
92.512626
 20
119.370443
 10
92.423967
 20
119.226869
 10
92.308539
 20
119.108616
 10
92.166446
 20
119.015581
 10
91.997791
 20
118.947661
 10
91.991728
 20
118.9653
 10
92.142933
 20
119.059351
 10
92.266647
 20
119.162084
 10
92.362868
 20
119.273498
 10
92.431598
 20
119.393594
 10
92.240877
 20
119.393594
 10
92.101971
 20
119.376507
 97
0
 92
3
 72
0
 73
1
 93
22
 10
92.489475
 20
120.186793
 10
92.489803
 20
119.963654
 10
92.490853
 20
119.787024
 10
92.492731
 20
119.656903
 10
92.495539
 20
119.573291
 10
92.408447
 20
119.532501
 10
92.412925
 20
119.654044
 10
92.41451
 20
119.810313
 10
92.286051
 20
119.741187
 10
92.190097
 20
119.684361
 10
92.126698
 20
119.639936
 10
92.095908
 20
119.608017
 10
92.020942
 20
119.717709
 10
92.071585
 20
119.725271
 10
92.154061
 20
119.748026
 10
92.268369
 20
119.786077
 10
92.41451
 20
119.839528
 10
92.414105
 20
119.992903
 10
92.412925
 20
120.11734
 10
92.411022
 20
120.212838
 10
92.408447
 20
120.279397
 10
92.530265
 20
120.227032
 97
0
 92
3
 72
0
 73
1
 93
9
 10
92.125122
 20
120.186793
 10
92.229646
 20
120.114997
 10
92.27836
 20
120.062219
 10
92.283252
 20
120.017157
 10
92.257965
 20
119.969614
 10
92.223996
 20
119.951355
 10
92.202843
 20
119.995522
 10
92.173078
 20
120.07655
 10
92.113546
 20
120.169154
 97
0
 92
3
 72
0
 73
1
 93
32
 10
93.224796
 20
120.018673
 10
93.098913
 20
119.862808
 10
92.941196
 20
119.736657
 10
92.751647
 20
119.640169
 10
92.530265
 20
119.573291
 10
92.524202
 20
119.596442
 10
92.725327
 20
119.674266
 10
92.894619
 20
119.775449
 10
93.032078
 20
119.899989
 10
93.137704
 20
120.047887
 10
92.773351
 20
120.047887
 10
92.720986
 20
119.990009
 10
92.800705
 20
119.94984
 10
92.842804
 20
119.911737
 10
92.853553
 20
119.872463
 10
92.839497
 20
119.830708
 10
92.814692
 20
119.810107
 10
92.793195
 20
119.83622
 10
92.760949
 20
119.894994
 10
92.703898
 20
119.972371
 10
92.61088
 20
119.879766
 10
92.530265
 20
119.810313
 10
92.51869
 20
119.827952
 10
92.70941
 20
120.082062
 10
92.775969
 20
120.20078
 10
92.81359
 20
120.290973
 10
92.923833
 20
120.215456
 10
92.877531
 20
120.192305
 10
92.796502
 20
120.082614
 10
93.137704
 20
120.082614
 10
93.201645
 20
120.146003
 10
93.288186
 20
120.053399
 97
0
 75
0
 76
1
 98
0
  0
HATCH
  5
A35
100
AcDbEntity
  8
0
100
AcDbHatch
370
-1
 62
6
420
16711935
 10
0
 20
0
 30
0
210
0
220
0
230
1
  2
SOLID
 70
1
 71
0
 91
6
 92
3
 72
0
 73
1
 93
4
 10
93.870964
 20
119.74086
 10
93.870964
 20
119.422809
 10
94.507618
 20
119.422809
 10
94.507618
 20
119.74086
 97
0
 92
3
 72
0
 73
1
 93
29
 10
93.77836
 20
119.283903
 10
93.783872
 20
119.544076
 10
93.77836
 20
119.821889
 10
93.870964
 20
119.775587
 10
94.119563
 20
119.775587
 10
94.119166
 20
119.952518
 10
94.118047
 20
120.095498
 10
94.116307
 20
120.204475
 10
94.11405
 20
120.279397
 10
94.246893
 20
120.227032
 10
94.200591
 20
120.18073
 10
94.200591
 20
120.041824
 10
94.577071
 20
120.041824
 10
94.652036
 20
120.11734
 10
94.756216
 20
120.007097
 10
94.200591
 20
120.007097
 10
94.200591
 20
119.775587
 10
94.496043
 20
119.775587
 10
94.55392
 20
119.833464
 10
94.640461
 20
119.746923
 10
94.588647
 20
119.706134
 10
94.588965
 20
119.580973
 10
94.589956
 20
119.477517
 10
94.59167
 20
119.395765
 10
94.594159
 20
119.335717
 10
94.507618
 20
119.30099
 10
94.507618
 20
119.388082
 10
93.870964
 20
119.388082
 10
93.870964
 20
119.318629
 97
0
 92
3
 72
0
 73
1
 93
12
 10
93.749146
 20
119.254688
 10
93.772297
 20
119.254688
 10
93.75421
 20
119.152765
 10
93.734676
 20
119.073476
 10
93.713696
 20
119.016718
 10
93.691268
 20
118.982388
 10
93.644208
 20
118.955792
 10
93.595908
 20
118.968056
 10
93.571861
 20
119.002369
 10
93.598664
 20
119.040817
 10
93.676937
 20
119.115782
 10
93.707874
 20
119.167872
 97
0
 92
3
 72
0
 73
1
 93
9
 10
93.951993
 20
119.226025
 10
93.963569
 20
119.243113
 10
94.060169
 20
119.15919
 10
94.107987
 20
119.092631
 10
94.113775
 20
119.037647
 10
94.084836
 20
118.988451
 10
94.047216
 20
118.974809
 10
94.026958
 20
119.026485
 10
94.002291
 20
119.118194
 97
0
 92
3
 72
0
 73
1
 93
9
 10
94.258469
 20
119.231537
 10
94.270044
 20
119.249176
 10
94.361339
 20
119.173108
 10
94.415014
 20
119.106963
 10
94.429483
 20
119.048672
 10
94.403438
 20
118.994515
 10
94.364233
 20
118.980045
 10
94.339497
 20
119.040817
 10
94.310559
 20
119.137417
 97
0
 92
3
 72
0
 73
1
 93
9
 10
94.571008
 20
119.249176
 10
94.582583
 20
119.266264
 10
94.683111
 20
119.187302
 10
94.75346
 20
119.112475
 10
94.783088
 20
119.043917
 10
94.76228
 20
118.982388
 10
94.720938
 20
118.963715
 10
94.689519
 20
119.023178
 10
94.6468
 20
119.128942
 97
0
 75
0
 76
1
 98
0
  0
LWPOLYLINE
  5
A36
100
AcDbEntity
  8
0
100
AcDbPolyline
 62
2
420
16776960
  6
BYLAYER
 38
0
 90
2
 70
1
 10
102.686556
 20
116.444879
 10
102.686556
 20
115.958045
  0
LWPOLYLINE
  5
A37
100
AcDbEntity
  8
0
100
AcDbPolyline
 62
40
420
16760576
  6
BYLAYER
 38
0
 90
7
 70
1
 10
89.986556
 20
103.046379
 10
90.219389
 20
103.046379
 10
90.219389
 20
103.533212
 10
89.986556
 20
103.766045
 10
89.774889
 20
103.533212
 10
89.563222
 20
103.279212
 10
89.774889
 20
103.046379
  0
LWPOLYLINE
  5
A38
100
AcDbEntity
  8
0
100
AcDbPolyline
 62
40
420
16760576
  6
BYLAYER
 38
0
 90
7
 70
1
 10
96.654056
 20
103.046379
 10
96.865722
 20
103.046379
 10
97.098556
 20
103.279212
 10
96.865722
 20
103.533212
 10
96.654056
 20
103.766045
 10
96.442389
 20
103.533212
 10
96.442389
 20
103.046379
  0
LWPOLYLINE
  5
A39
100
AcDbEntity
  8
0
100
AcDbPolyline
 62
2
420
16776960
  6
BYLAYER
 38
0
 90
2
 70
0
 10
89.986556
 20
103.766045
 10
89.986556
 20
104.485712
  0
LWPOLYLINE
  5
A3A
100
AcDbEntity
  8
0
100
AcDbPolyline
 62
2
420
16776960
  6
BYLAYER
 38
0
 90
2
 70
0
 10
96.654056
 20
103.766045
 10
96.654056
 20
104.485712
  0
LWPOLYLINE
  5
A3B
100
AcDbEntity
  8
0
100
AcDbPolyline
 62
2
420
16776960
  6
BYLAYER
 38
0
 90
2
 70
0
 10
90.642722
 20
103.998879
 10
96.019056
 20
103.998879
  0
HATCH
  5
A3C
100
AcDbEntity
  8
0
100
AcDbHatch
370
-1
 62
2
420
16776960
 10
0
 20
0
 30
0
210
0
220
0
230
1
  2
SOLID
 70
1
 71
0
 91
1
 92
3
 72
0
 73
1
 93
3
 10
90.642722
 20
104.252879
 10
90.642722
 20
103.998879
 10
89.986556
 20
103.998879
 97
0
 75
0
 76
1
 98
0
  0
LWPOLYLINE
  5
A3D
100
AcDbEntity
  8
0
100
AcDbPolyline
 62
2
420
16776960
  6
BYLAYER
 38
0
 90
3
 70
1
 10
90.642722
 20
104.250056
 10
90.642722
 20
103.996205
 10
89.986702
 20
103.996205
  0
HATCH
  5
A3E
100
AcDbEntity
  8
0
100
AcDbHatch
370
-1
 62
2
420
16776960
 10
0
 20
0
 30
0
210
0
220
0
230
1
  2
SOLID
 70
1
 71
0
 91
1
 92
3
 72
0
 73
1
 93
3
 10
96.019056
 20
104.252879
 10
96.019056
 20
103.998879
 10
96.654056
 20
103.998879
 97
0
 75
0
 76
1
 98
0
  0
LWPOLYLINE
  5
A3F
100
AcDbEntity
  8
0
100
AcDbPolyline
 62
2
420
16776960
  6
BYLAYER
 38
0
 90
3
 70
1
 10
96.019056
 20
104.250056
 10
96.019056
 20
103.996205
 10
96.65401
 20
103.996205
  0
HATCH
  5
A40
100
AcDbEntity
  8
0
100
AcDbHatch
370
-1
 62
6
420
16711935
 10
0
 20
0
 30
0
210
0
220
0
230
1
  2
SOLID
 70
1
 71
0
 91
1
 92
3
 72
0
 73
1
 93
4
 10
92.357222
 20
104.951379
 10
92.357222
 20
103.998875
 10
94.304552
 20
103.998875
 10
94.304552
 20
104.951379
 97
0
 75
0
 76
1
 98
0
  0
HATCH
  5
A41
100
AcDbEntity
  8
0
100
AcDbHatch
370
-1
 62
7
 10
0
 20
0
 30
0
210
0
220
0
230
1
  2
SOLID
 70
1
 71
0
 91
1
 92
3
 72
0
 73
1
 93
4
 10
89.965389
 20
103.279212
 10
89.965389
 20
103.258046
 10
89.986555
 20
103.258046
 10
89.986555
 20
103.279212
 97
0
 75
0
 76
1
 98
0
  0
HATCH
  5
A42
100
AcDbEntity
  8
0
100
AcDbHatch
370
-1
 62
7
 10
0
 20
0
 30
0
210
0
220
0
230
1
  2
SOLID
 70
1
 71
0
 91
1
 92
3
 72
0
 73
1
 93
4
 10
96.632889
 20
103.279212
 10
96.632889
 20
103.258046
 10
96.654055
 20
103.258046
 10
96.654055
 20
103.279212
 97
0
 75
0
 76
1
 98
0
  0
HATCH
  5
A43
100
AcDbEntity
  8
0
100
AcDbHatch
370
-1
 62
7
 10
0
 20
0
 30
0
210
0
220
0
230
1
  2
SOLID
 70
1
 71
0
 91
1
 92
3
 72
0
 73
1
 93
4
 10
96.632889
 20
103.998879
 10
96.632889
 20
103.977713
 10
96.654055
 20
103.977713
 10
96.654055
 20
103.998879
 97
0
 75
0
 76
1
 98
0
  0
HATCH
  5
A44
100
AcDbEntity
  8
0
100
AcDbHatch
370
-1
 62
2
420
16776960
 10
0
 20
0
 30
0
210
0
220
0
230
1
  2
SOLID
 70
1
 71
0
 91
1
 92
3
 72
0
 73
1
 93
4
 10
89.965389
 20
104.951379
 10
89.965389
 20
104.930213
 10
89.986555
 20
104.930213
 10
89.986555
 20
104.951379
 97
0
 75
0
 76
1
 98
0
  0
LWPOLYLINE
  5
A45
100
AcDbEntity
  8
0
100
AcDbPolyline
 62
2
420
16776960
  6
BYLAYER
 38
0
 90
2
 70
0
 10
89.351556
 20
103.766045
 10
89.351556
 20
104.951379
  0
LWPOLYLINE
  5
A46
100
AcDbEntity
  8
0
100
AcDbPolyline
 62
2
420
16776960
  6
BYLAYER
 38
0
 90
2
 70
0
 10
90.642722
 20
104.485712
 10
91.277722
 20
104.485712
  0
LWPOLYLINE
  5
A47
100
AcDbEntity
  8
0
100
AcDbPolyline
 62
2
420
16776960
  6
BYLAYER
 38
0
 90
2
 70
0
 10
88.716556
 20
104.485712
 10
86.345889
 20
104.485712
  0
HATCH
  5
A48
100
AcDbEntity
  8
0
100
AcDbHatch
370
-1
 62
2
420
16776960
 10
0
 20
0
 30
0
210
0
220
0
230
1
  2
SOLID
 70
1
 71
0
 91
1
 92
3
 72
0
 73
1
 93
3
 10
90.642722
 20
104.718545
 10
90.642722
 20
104.485712
 10
89.986556
 20
104.485712
 97
0
 75
0
 76
1
 98
0
  0
LWPOLYLINE
  5
A49
100
AcDbEntity
  8
0
100
AcDbPolyline
 62
2
420
16776960
  6
BYLAYER
 38
0
 90
3
 70
1
 10
90.642722
 20
104.715723
 10
90.642722
 20
104.482716
 10
89.986702
 20
104.482716
  0
HATCH
  5
A4A
100
AcDbEntity
  8
0
100
AcDbHatch
370
-1
 62
2
420
16776960
 10
0
 20
0
 30
0
210
0
220
0
230
1
  2
SOLID
 70
1
 71
0
 91
1
 92
3
 72
0
 73
1
 93
3
 10
88.716556
 20
104.718545
 10
88.716556
 20
104.485712
 10
89.351556
 20
104.485712
 97
0
 75
0
 76
1
 98
0
  0
LWPOLYLINE
  5
A4B
100
AcDbEntity
  8
0
100
AcDbPolyline
 62
2
420
16776960
  6
BYLAYER
 38
0
 90
3
 70
1
 10
88.716556
 20
104.715723
 10
88.716556
 20
104.482716
 10
89.35151
 20
104.482716
  0
HATCH
  5
A4C
100
AcDbEntity
  8
0
100
AcDbHatch
370
-1
 62
6
420
16711935
 10
0
 20
0
 30
0
210
0
220
0
230
1
  2
SOLID
 70
1
 71
0
 91
1
 92
3
 72
0
 73
1
 93
4
 10
86.345889
 20
105.438212
 10
86.345889
 20
104.485708
 10
87.848719
 20
104.485708
 10
87.848719
 20
105.438212
 97
0
 75
0
 76
1
 98
0
  0
HATCH
  5
A4D
100
AcDbEntity
  8
0
100
AcDbHatch
370
-1
 62
7
 10
0
 20
0
 30
0
210
0
220
0
230
1
  2
SOLID
 70
1
 71
0
 91
1
 92
3
 72
0
 73
1
 93
4
 10
89.965389
 20
104.485712
 10
89.965389
 20
104.464546
 10
89.986555
 20
104.464546
 10
89.986555
 20
104.485712
 97
0
 75
0
 76
1
 98
0
  0
HATCH
  5
A4E
100
AcDbEntity
  8
0
100
AcDbHatch
370
-1
 62
7
 10
0
 20
0
 30
0
210
0
220
0
230
1
  2
SOLID
 70
1
 71
0
 91
1
 92
3
 72
0
 73
1
 93
4
 10
89.330389
 20
103.279212
 10
89.330389
 20
103.258046
 10
89.351555
 20
103.258046
 10
89.351555
 20
103.279212
 97
0
 75
0
 76
1
 98
0
  0
HATCH
  5
A4F
100
AcDbEntity
  8
0
100
AcDbHatch
370
-1
 62
7
 10
0
 20
0
 30
0
210
0
220
0
230
1
  2
SOLID
 70
1
 71
0
 91
1
 92
3
 72
0
 73
1
 93
4
 10
89.330389
 20
104.485712
 10
89.330389
 20
104.464546
 10
89.351555
 20
104.464546
 10
89.351555
 20
104.485712
 97
0
 75
0
 76
1
 98
0
  0
LWPOLYLINE
  5
A50
100
AcDbEntity
  8
0
100
AcDbPolyline
 62
2
420
16776960
  6
BYLAYER
 38
0
 90
3
 70
0
 10
98.389722
 20
98.029879
 10
98.389722
 20
103.279212
 10
97.733556
 20
103.279212
  0
HATCH
  5
A51
100
AcDbEntity
  8
0
100
AcDbHatch
370
-1
 62
6
420
16711935
 10
0
 20
0
 30
0
210
0
220
0
230
1
  2
SOLID
 70
1
 71
0
 91
1
 92
3
 72
0
 73
1
 93
4
 10
98.601389
 20
103.046379
 10
98.601389
 20
98.029879
 10
99.448052
 20
98.029879
 10
99.448052
 20
103.046379
 97
0
 75
0
 76
1
 98
0
  0
HATCH
  5
A52
100
AcDbEntity
  8
0
100
AcDbHatch
370
-1
 62
2
420
16776960
 10
0
 20
0
 30
0
210
0
220
0
230
1
  2
SOLID
 70
1
 71
0
 91
1
 92
3
 72
0
 73
1
 93
3
 10
97.733556
 20
103.533212
 10
97.733556
 20
103.279212
 10
97.098556
 20
103.279212
 97
0
 75
0
 76
1
 98
0
  0
LWPOLYLINE
  5
A53
100
AcDbEntity
  8
0
100
AcDbPolyline
 62
2
420
16776960
  6
BYLAYER
 38
0
 90
3
 70
1
 10
97.733556
 20
103.53039
 10
97.733556
 20
103.276538
 10
97.098601
 20
103.276538
  0
HATCH
  5
A54
100
AcDbEntity
  8
0
100
AcDbHatch
370
-1
 62
7
 10
0
 20
0
 30
0
210
0
220
0
230
1
  2
SOLID
 70
1
 71
0
 91
1
 92
3
 72
0
 73
1
 93
4
 10
97.077389
 20
103.279212
 10
97.077389
 20
103.258046
 10
97.098555
 20
103.258046
 10
97.098555
 20
103.279212
 97
0
 75
0
 76
1
 98
0
  0
HATCH
  5
A55
100
AcDbEntity
  8
0
100
AcDbHatch
370
-1
 62
7
 10
0
 20
0
 30
0
210
0
220
0
230
1
  2
SOLID
 70
1
 71
0
 91
1
 92
3
 72
0
 73
1
 93
4
 10
96.421222
 20
103.279212
 10
96.421222
 20
103.258046
 10
96.442388
 20
103.258046
 10
96.442388
 20
103.279212
 97
0
 75
0
 76
1
 98
0
  0
LWPOLYLINE
  5
A56
100
AcDbEntity
  8
0
100
AcDbPolyline
 62
3
420
65280
  6
BYLAYER
 38
0
 90
2
 70
0
 10
96.654056
 20
103.766045
 10
96.654056
 20
103.046379
  0
LWPOLYLINE
  5
A57
100
AcDbEntity
  8
0
100
AcDbPolyline
 62
3
420
65280
  6
BYLAYER
 38
0
 90
2
 70
0
 10
96.442389
 20
103.279212
 10
97.098556
 20
103.279212
  0
LWPOLYLINE
  5
A58
100
AcDbEntity
  8
0
100
AcDbPolyline
 62
3
420
65280
  6
BYLAYER
 38
0
 90
2
 70
0
 10
89.774889
 20
103.279212
 10
83.763556
 20
103.279212
  0
LWPOLYLINE
  5
A59
100
AcDbEntity
  8
0
100
AcDbPolyline
 62
3
420
65280
  6
BYLAYER
 38
0
 90
2
 70
0
 10
89.774889
 20
99.934879
 10
83.763556
 20
99.934879
  0
LWPOLYLINE
  5
A5A
100
AcDbEntity
  8
0
100
AcDbPolyline
 62
2
420
16776960
  6
BYLAYER
 38
0
 90
2
 70
0
 10
83.975222
 20
104.485712
 10
83.975222
 20
105.671045
  0
LWPOLYLINE
  5
A5B
100
AcDbEntity
  8
0
100
AcDbPolyline
 62
2
420
16776960
  6
BYLAYER
 38
0
 90
2
 70
0
 10
83.975222
 20
98.749545
 10
83.975222
 20
93.711879
  0
HATCH
  5
A5C
100
AcDbEntity
  8
0
100
AcDbHatch
370
-1
 62
2
420
16776960
 10
0
 20
0
 30
0
210
0
220
0
230
1
  2
SOLID
 70
1
 71
0
 91
1
 92
3
 72
0
 73
1
 93
3
 10
84.186889
 20
104.485712
 10
83.763556
 20
104.485712
 10
83.975222
 20
103.279212
 97
0
 75
0
 76
1
 98
0
  0
LWPOLYLINE
  5
A5D
100
AcDbEntity
  8
0
100
AcDbPolyline
 62
2
420
16776960
  6
BYLAYER
 38
0
 90
3
 70
1
 10
84.186889
 20
104.48289
 10
83.763586
 20
104.48289
 10
83.975237
 20
103.276538
  0
HATCH
  5
A5E
100
AcDbEntity
  8
0
100
AcDbHatch
370
-1
 62
2
420
16776960
 10
0
 20
0
 30
0
210
0
220
0
230
1
  2
SOLID
 70
1
 71
0
 91
1
 92
3
 72
0
 73
1
 93
3
 10
84.186889
 20
98.749545
 10
83.763556
 20
98.749545
 10
83.975222
 20
99.934879
 97
0
 75
0
 76
1
 98
0
  0
MTEXT
  5
A5F
100
AcDbEntity
  8
0
100
AcDbMText
370
-1
 62
7
 10
96.019161
 20
102.865717
 30
0
 40
0.771466
  1
{\fSimSun|b0|i0|c0;1}
 50
0
 41
0
  7
Standard
 71
1
 73
1
 44
1
  0
HATCH
  5
A60
100
AcDbEntity
  8
0
100
AcDbHatch
370
-1
 62
3
420
65280
 10
0
 20
0
 30
0
210
0
220
0
230
1
  2
SOLID
 70
1
 71
0
 91
1
 92
3
 72
0
 73
1
 93
4
 10
89.965389
 20
103.279212
 10
89.965389
 20
103.258046
 10
89.986555
 20
103.258046
 10
89.986555
 20
103.279212
 97
0
 75
0
 76
1
 98
0
  0
HATCH
  5
A61
100
AcDbEntity
  8
0
100
AcDbHatch
370
-1
 62
3
420
65280
 10
0
 20
0
 30
0
210
0
220
0
230
1
  2
SOLID
 70
1
 71
0
 91
1
 92
3
 72
0
 73
1
 93
4
 10
89.965389
 20
99.934879
 10
89.965389
 20
99.913713
 10
89.986555
 20
99.913713
 10
89.986555
 20
99.934879
 97
0
 75
0
 76
1
 98
0
  0
HATCH
  5
A62
100
AcDbEntity
  8
0
100
AcDbHatch
370
-1
 62
3
420
65280
 10
0
 20
0
 30
0
210
0
220
0
230
1
  2
SOLID
 70
1
 71
0
 91
1
 92
3
 72
0
 73
1
 93
4
 10
83.954056
 20
99.934879
 10
83.954056
 20
99.913713
 10
83.975222
 20
99.913713
 10
83.975222
 20
99.934879
 97
0
 75
0
 76
1
 98
0
  0
LWPOLYLINE
  5
A63
100
AcDbEntity
  8
0
100
AcDbPolyline
 62
2
420
16776960
  6
BYLAYER
 38
0
 90
3
 70
1
 10
84.186889
 20
98.746723
 10
83.763586
 20
98.746723
 10
83.975237
 20
99.93223
  0
LWPOLYLINE
  5
A64
100
AcDbEntity
  8
0
100
AcDbPolyline
 62
40
420
16760576
  6
BYLAYER
 38
0
 90
7
 70
1
 10
150.819556
 20
103.046379
 10
151.031222
 20
103.046379
 10
151.264056
 20
103.279212
 10
151.031222
 20
103.533212
 10
150.819556
 20
103.766045
 10
150.607889
 20
103.533212
 10
150.607889
 20
103.046379
  0
LWPOLYLINE
  5
A65
100
AcDbEntity
  8
0
100
AcDbPolyline
 62
40
420
16760576
  6
BYLAYER
 38
0
 90
7
 70
1
 10
144.152056
 20
103.046379
 10
144.384889
 20
103.046379
 10
144.384889
 20
103.533212
 10
144.152056
 20
103.766045
 10
143.940389
 20
103.533212
 10
143.728722
 20
103.279212
 10
143.940389
 20
103.046379
  0
HATCH
  5
A66
100
AcDbEntity
  8
0
100
AcDbHatch
370
-1
 62
7
 10
0
 20
0
 30
0
210
0
220
0
230
1
  2
SOLID
 70
1
 71
0
 91
1
 92
3
 72
0
 73
1
 93
4
 10
120.487722
 20
105.671045
 10
120.487722
 20
105.649869
 10
120.508888
 20
105.649869
 10
120.508888
 20
105.671045
 97
0
 75
0
 76
1
 98
0
  0
HATCH
  5
A67
100
AcDbEntity
  8
0
100
AcDbHatch
370
-1
 62
7
 10
0
 20
0
 30
0
210
0
220
0
230
1
  2
SOLID
 70
1
 71
0
 91
1
 92
3
 72
0
 73
1
 93
4
 10
120.487722
 20
105.671045
 10
120.487722
 20
105.649869
 10
120.508888
 20
105.649869
 10
120.508888
 20
105.671045
 97
0
 75
0
 76
1
 98
0
  0
LWPOLYLINE
  5
A68
100
AcDbEntity
  8
0
100
AcDbPolyline
 62
40
420
16760576
  6
BYLAYER
 38
0
 90
2
 70
0
 10
143.517056
 20
102.813545
 10
143.517056
 20
102.093879
  0
LWPOLYLINE
  5
A69
100
AcDbEntity
  8
0
100
AcDbPolyline
 62
40
420
16760576
  6
BYLAYER
 38
0
 90
2
 70
0
 10
141.802556
 20
106.157879
 10
141.802556
 20
108.549712
  0
HATCH
  5
A6A
100
AcDbEntity
  8
0
100
AcDbHatch
370
-1
 62
2
420
16776960
 10
0
 20
0
 30
0
210
0
220
0
230
1
  2
SOLID
 70
1
 71
0
 91
1
 92
3
 72
0
 73
1
 93
4
 10
141.125222
 20
106.157879
 10
141.125222
 20
106.136713
 10
141.146388
 20
106.136713
 10
141.146388
 20
106.157879
 97
0
 75
0
 76
1
 98
0
  0
HATCH
  5
A6B
100
AcDbEntity
  8
0
100
AcDbHatch
370
-1
 62
2
420
16776960
 10
0
 20
0
 30
0
210
0
220
0
230
1
  2
SOLID
 70
1
 71
0
 91
1
 92
3
 72
0
 73
1
 93
4
 10
140.490222
 20
106.157879
 10
140.490222
 20
106.136713
 10
140.511388
 20
106.136713
 10
140.511388
 20
106.157879
 97
0
 75
0
 76
1
 98
0
  0
HATCH
  5
A6C
100
AcDbEntity
  8
0
100
AcDbHatch
370
-1
 62
2
420
16776960
 10
0
 20
0
 30
0
210
0
220
0
230
1
  2
SOLID
 70
1
 71
0
 91
1
 92
3
 72
0
 73
1
 93
4
 10
140.278556
 20
106.157879
 10
140.278556
 20
106.136713
 10
140.299722
 20
106.136713
 10
140.299722
 20
106.157879
 97
0
 75
0
 76
1
 98
0
  0
HATCH
  5
A6D
100
AcDbEntity
  8
0
100
AcDbHatch
370
-1
 62
2
420
16776960
 10
0
 20
0
 30
0
210
0
220
0
230
1
  2
SOLID
 70
1
 71
0
 91
1
 92
3
 72
0
 73
1
 93
4
 10
139.622389
 20
106.157879
 10
139.622389
 20
106.136713
 10
139.643555
 20
106.136713
 10
139.643555
 20
106.157879
 97
0
 75
0
 76
1
 98
0
  0
HATCH
  5
A6E
100
AcDbEntity
  8
0
100
AcDbHatch
370
-1
 62
2
420
16776960
 10
0
 20
0
 30
0
210
0
220
0
230
1
  2
SOLID
 70
1
 71
0
 91
1
 92
3
 72
0
 73
1
 93
4
 10
138.987389
 20
106.157879
 10
138.987389
 20
106.136713
 10
139.008555
 20
106.136713
 10
139.008555
 20
106.157879
 97
0
 75
0
 76
1
 98
0
  0
HATCH
  5
A6F
100
AcDbEntity
  8
0
100
AcDbHatch
370
-1
 62
2
420
16776960
 10
0
 20
0
 30
0
210
0
220
0
230
1
  2
SOLID
 70
1
 71
0
 91
1
 92
3
 72
0
 73
1
 93
4
 10
138.775722
 20
106.157879
 10
138.775722
 20
106.136713
 10
138.796888
 20
106.136713
 10
138.796888
 20
106.157879
 97
0
 75
0
 76
1
 98
0
  0
HATCH
  5
A70
100
AcDbEntity
  8
0
100
AcDbHatch
370
-1
 62
2
420
16776960
 10
0
 20
0
 30
0
210
0
220
0
230
1
  2
SOLID
 70
1
 71
0
 91
1
 92
3
 72
0
 73
1
 93
4
 10
140.913556
 20
106.157879
 10
140.913556
 20
106.136713
 10
140.934732
 20
106.136713
 10
140.934732
 20
106.157879
 97
0
 75
0
 76
1
 98
0
  0
HATCH
  5
A71
100
AcDbEntity
  8
0
100
AcDbHatch
370
-1
 62
2
420
16776960
 10
0
 20
0
 30
0
210
0
220
0
230
1
  2
SOLID
 70
1
 71
0
 91
1
 92
3
 72
0
 73
1
 93
4
 10
140.490222
 20
106.157879
 10
140.490222
 20
106.136713
 10
140.511388
 20
106.136713
 10
140.511388
 20
106.157879
 97
0
 75
0
 76
1
 98
0
  0
HATCH
  5
A72
100
AcDbEntity
  8
0
100
AcDbHatch
370
-1
 62
2
420
16776960
 10
0
 20
0
 30
0
210
0
220
0
230
1
  2
SOLID
 70
1
 71
0
 91
1
 92
3
 72
0
 73
1
 93
4
 10
141.125222
 20
106.157879
 10
141.125222
 20
106.136713
 10
141.146388
 20
106.136713
 10
141.146388
 20
106.157879
 97
0
 75
0
 76
1
 98
0
  0
HATCH
  5
A73
100
AcDbEntity
  8
0
100
AcDbHatch
370
-1
 62
2
420
16776960
 10
0
 20
0
 30
0
210
0
220
0
230
1
  2
SOLID
 70
1
 71
0
 91
1
 92
3
 72
0
 73
1
 93
4
 10
138.987389
 20
106.157879
 10
138.987389
 20
106.136713
 10
139.008555
 20
106.136713
 10
139.008555
 20
106.157879
 97
0
 75
0
 76
1
 98
0
  0
HATCH
  5
A74
100
AcDbEntity
  8
0
100
AcDbHatch
370
-1
 62
2
420
16776960
 10
0
 20
0
 30
0
210
0
220
0
230
1
  2
SOLID
 70
1
 71
0
 91
1
 92
3
 72
0
 73
1
 93
4
 10
138.775722
 20
106.157879
 10
138.775722
 20
106.136713
 10
138.796888
 20
106.136713
 10
138.796888
 20
106.157879
 97
0
 75
0
 76
1
 98
0
  0
HATCH
  5
A75
100
AcDbEntity
  8
0
100
AcDbHatch
370
-1
 62
2
420
16776960
 10
0
 20
0
 30
0
210
0
220
0
230
1
  2
SOLID
 70
1
 71
0
 91
1
 92
3
 72
0
 73
1
 93
4
 10
139.622389
 20
106.157879
 10
139.622389
 20
106.136713
 10
139.643555
 20
106.136713
 10
139.643555
 20
106.157879
 97
0
 75
0
 76
1
 98
0
  0
HATCH
  5
A76
100
AcDbEntity
  8
0
100
AcDbHatch
370
-1
 62
2
420
16776960
 10
0
 20
0
 30
0
210
0
220
0
230
1
  2
SOLID
 70
1
 71
0
 91
1
 92
3
 72
0
 73
1
 93
4
 10
140.278556
 20
106.157879
 10
140.278556
 20
106.136713
 10
140.299722
 20
106.136713
 10
140.299722
 20
106.157879
 97
0
 75
0
 76
1
 98
0
  0
HATCH
  5
A77
100
AcDbEntity
  8
0
100
AcDbHatch
370
-1
 62
2
420
16776960
 10
0
 20
0
 30
0
210
0
220
0
230
1
  2
SOLID
 70
1
 71
0
 91
1
 92
3
 72
0
 73
1
 93
4
 10
139.834056
 20
106.157879
 10
139.834056
 20
106.136713
 10
139.855222
 20
106.136713
 10
139.855222
 20
106.157879
 97
0
 75
0
 76
1
 98
0
  0
LWPOLYLINE
  5
A78
100
AcDbEntity
  8
0
100
AcDbPolyline
 62
2
420
16776960
  6
BYLAYER
 38
0
 90
2
 70
0
 10
141.358056
 20
107.597212
 10
141.358056
 20
106.877545
  0
LWPOLYLINE
  5
A79
100
AcDbEntity
  8
0
100
AcDbPolyline
 62
2
420
16776960
  6
BYLAYER
 38
0
 90
2
 70
0
 10
141.358056
 20
106.390712
 10
141.358056
 20
106.157879
  0
LWPOLYLINE
  5
A7A
100
AcDbEntity
  8
0
100
AcDbPolyline
 62
2
420
16776960
  6
BYLAYER
 38
0
 90
2
 70
0
 10
141.146389
 20
106.157879
 10
141.146389
 20
106.390712
  0
LWPOLYLINE
  5
A7B
100
AcDbEntity
  8
0
100
AcDbPolyline
 62
2
420
16776960
  6
BYLAYER
 38
0
 90
2
 70
0
 10
141.146389
 20
106.877545
 10
141.146389
 20
107.597212
  0
LWPOLYLINE
  5
A7C
100
AcDbEntity
  8
0
100
AcDbPolyline
 62
2
420
16776960
  6
BYLAYER
 38
0
 90
2
 70
0
 10
140.934722
 20
107.597212
 10
140.934722
 20
107.110379
  0
LWPOLYLINE
  5
A7D
100
AcDbEntity
  8
0
100
AcDbPolyline
 62
2
420
16776960
  6
BYLAYER
 38
0
 90
2
 70
0
 10
140.934722
 20
106.877545
 10
140.934722
 20
106.157879
  0
LWPOLYLINE
  5
A7E
100
AcDbEntity
  8
0
100
AcDbPolyline
 62
2
420
16776960
  6
BYLAYER
 38
0
 90
2
 70
0
 10
140.511389
 20
106.157879
 10
140.511389
 20
106.877545
  0
LWPOLYLINE
  5
A7F
100
AcDbEntity
  8
0
100
AcDbPolyline
 62
2
420
16776960
  6
BYLAYER
 38
0
 90
2
 70
0
 10
140.511389
 20
107.110379
 10
140.511389
 20
107.597212
  0
LWPOLYLINE
  5
A80
100
AcDbEntity
  8
0
100
AcDbPolyline
 62
2
420
16776960
  6
BYLAYER
 38
0
 90
2
 70
0
 10
140.299722
 20
107.597212
 10
140.299722
 20
106.877545
  0
LWPOLYLINE
  5
A81
100
AcDbEntity
  8
0
100
AcDbPolyline
 62
2
420
16776960
  6
BYLAYER
 38
0
 90
2
 70
0
 10
140.299722
 20
106.390712
 10
140.299722
 20
106.157879
  0
LWPOLYLINE
  5
A82
100
AcDbEntity
  8
0
100
AcDbPolyline
 62
2
420
16776960
  6
BYLAYER
 38
0
 90
2
 70
0
 10
139.855222
 20
106.157879
 10
139.855222
 20
106.390712
  0
LWPOLYLINE
  5
A83
100
AcDbEntity
  8
0
100
AcDbPolyline
 62
2
420
16776960
  6
BYLAYER
 38
0
 90
2
 70
0
 10
139.855222
 20
106.877545
 10
139.855222
 20
107.597212
  0
LWPOLYLINE
  5
A84
100
AcDbEntity
  8
0
100
AcDbPolyline
 62
2
420
16776960
  6
BYLAYER
 38
0
 90
2
 70
0
 10
139.643556
 20
107.597212
 10
139.643556
 20
107.110379
  0
LWPOLYLINE
  5
A85
100
AcDbEntity
  8
0
100
AcDbPolyline
 62
2
420
16776960
  6
BYLAYER
 38
0
 90
2
 70
0
 10
139.643556
 20
106.877545
 10
139.643556
 20
106.157879
  0
LWPOLYLINE
  5
A86
100
AcDbEntity
  8
0
100
AcDbPolyline
 62
2
420
16776960
  6
BYLAYER
 38
0
 90
2
 70
0
 10
139.431889
 20
106.157879
 10
139.431889
 20
106.877545
  0
LWPOLYLINE
  5
A87
100
AcDbEntity
  8
0
100
AcDbPolyline
 62
2
420
16776960
  6
BYLAYER
 38
0
 90
2
 70
0
 10
139.431889
 20
107.110379
 10
139.431889
 20
107.597212
  0
LWPOLYLINE
  5
A88
100
AcDbEntity
  8
0
100
AcDbPolyline
 62
2
420
16776960
  6
BYLAYER
 38
0
 90
2
 70
0
 10
139.008556
 20
107.597212
 10
139.008556
 20
106.877545
  0
LWPOLYLINE
  5
A89
100
AcDbEntity
  8
0
100
AcDbPolyline
 62
2
420
16776960
  6
BYLAYER
 38
0
 90
2
 70
0
 10
139.008556
 20
106.390712
 10
139.008556
 20
106.157879
  0
LWPOLYLINE
  5
A8A
100
AcDbEntity
  8
0
100
AcDbPolyline
 62
2
420
16776960
  6
BYLAYER
 38
0
 90
2
 70
0
 10
138.796889
 20
106.157879
 10
138.796889
 20
106.390712
  0
LWPOLYLINE
  5
A8B
100
AcDbEntity
  8
0
100
AcDbPolyline
 62
2
420
16776960
  6
BYLAYER
 38
0
 90
2
 70
0
 10
138.796889
 20
106.877545
 10
138.796889
 20
107.597212
  0
LWPOLYLINE
  5
A8C
100
AcDbEntity
  8
0
100
AcDbPolyline
 62
2
420
16776960
  6
BYLAYER
 38
0
 90
2
 70
0
 10
141.590889
 20
106.157879
 10
141.358056
 20
106.157879
  0
LWPOLYLINE
  5
A8D
100
AcDbEntity
  8
0
100
AcDbPolyline
 62
2
420
16776960
  6
BYLAYER
 38
0
 90
2
 70
0
 10
140.934722
 20
106.157879
 10
140.723056
 20
106.157879
  0
LWPOLYLINE
  5
A8E
100
AcDbEntity
  8
0
100
AcDbPolyline
 62
2
420
16776960
  6
BYLAYER
 38
0
 90
2
 70
0
 10
140.088056
 20
106.157879
 10
139.855222
 20
106.157879
  0
LWPOLYLINE
  5
A8F
100
AcDbEntity
  8
0
100
AcDbPolyline
 62
2
420
16776960
  6
BYLAYER
 38
0
 90
2
 70
0
 10
139.431889
 20
106.157879
 10
139.220222
 20
106.157879
  0
LWPOLYLINE
  5
A90
100
AcDbEntity
  8
0
100
AcDbPolyline
 62
2
420
16776960
  6
BYLAYER
 38
0
 90
2
 70
0
 10
138.796889
 20
107.597212
 10
139.008556
 20
107.597212
  0
LWPOLYLINE
  5
A91
100
AcDbEntity
  8
0
100
AcDbPolyline
 62
2
420
16776960
  6
BYLAYER
 38
0
 90
2
 70
0
 10
139.431889
 20
107.597212
 10
139.643556
 20
107.597212
  0
LWPOLYLINE
  5
A92
100
AcDbEntity
  8
0
100
AcDbPolyline
 62
2
420
16776960
  6
BYLAYER
 38
0
 90
2
 70
0
 10
139.855222
 20
107.597212
 10
140.299722
 20
107.597212
  0
LWPOLYLINE
  5
A93
100
AcDbEntity
  8
0
100
AcDbPolyline
 62
2
420
16776960
  6
BYLAYER
 38
0
 90
2
 70
0
 10
140.511389
 20
107.597212
 10
140.934722
 20
107.597212
  0
LWPOLYLINE
  5
A94
100
AcDbEntity
  8
0
100
AcDbPolyline
 62
2
420
16776960
  6
BYLAYER
 38
0
 90
2
 70
0
 10
141.146389
 20
107.597212
 10
141.358056
 20
107.597212
  0
LWPOLYLINE
  5
A95
100
AcDbEntity
  8
0
100
AcDbPolyline
 62
2
420
16776960
  6
BYLAYER
 38
0
 90
2
 70
0
 10
141.590889
 20
106.157879
 10
141.358056
 20
106.157879
  0
LWPOLYLINE
  5
A96
100
AcDbEntity
  8
0
100
AcDbPolyline
 62
2
420
16776960
  6
BYLAYER
 38
0
 90
2
 70
0
 10
140.723056
 20
106.157879
 10
140.511389
 20
106.157879
  0
LWPOLYLINE
  5
A97
100
AcDbEntity
  8
0
100
AcDbPolyline
 62
2
420
16776960
  6
BYLAYER
 38
0
 90
2
 70
0
 10
141.358056
 20
106.157879
 10
141.146389
 20
106.157879
  0
LWPOLYLINE
  5
A98
100
AcDbEntity
  8
0
100
AcDbPolyline
 62
2
420
16776960
  6
BYLAYER
 38
0
 90
2
 70
0
 10
140.934722
 20
106.877545
 10
140.934722
 20
107.110379
  0
LWPOLYLINE
  5
A99
100
AcDbEntity
  8
0
100
AcDbPolyline
 62
2
420
16776960
  6
BYLAYER
 38
0
 90
2
 70
0
 10
140.511389
 20
107.110379
 10
140.511389
 20
106.877545
  0
LWPOLYLINE
  5
A9A
100
AcDbEntity
  8
0
100
AcDbPolyline
 62
2
420
16776960
  6
BYLAYER
 38
0
 90
3
 70
0
 10
141.358056
 20
106.390712
 10
141.590889
 20
106.644712
 10
141.358056
 20
106.877545
  0
LWPOLYLINE
  5
A9B
100
AcDbEntity
  8
0
100
AcDbPolyline
 62
2
420
16776960
  6
BYLAYER
 38
0
 90
2
 70
0
 10
141.146389
 20
106.877545
 10
141.146389
 20
106.390712
  0
LWPOLYLINE
  5
A9C
100
AcDbEntity
  8
0
100
AcDbPolyline
 62
2
420
16776960
  6
BYLAYER
 38
0
 90
3
 70
1
 10
140.511389
 20
106.877545
 10
140.723056
 20
106.877545
 10
140.723056
 20
107.110379
  0
LWPOLYLINE
  5
A9D
100
AcDbEntity
  8
0
100
AcDbPolyline
 62
2
420
16776960
  6
BYLAYER
 38
0
 90
3
 70
1
 10
141.146389
 20
106.644712
 10
141.358056
 20
106.390712
 10
141.358056
 20
106.644712
  0
LWPOLYLINE
  5
A9E
100
AcDbEntity
  8
0
100
AcDbPolyline
 62
2
420
16776960
  6
BYLAYER
 38
0
 90
2
 70
0
 10
139.431889
 20
106.157879
 10
139.220222
 20
106.157879
  0
LWPOLYLINE
  5
A9F
100
AcDbEntity
  8
0
100
AcDbPolyline
 62
2
420
16776960
  6
BYLAYER
 38
0
 90
2
 70
0
 10
139.008556
 20
106.157879
 10
138.796889
 20
106.157879
  0
LWPOLYLINE
  5
AA0
100
AcDbEntity
  8
0
100
AcDbPolyline
 62
2
420
16776960
  6
BYLAYER
 38
0
 90
2
 70
0
 10
139.643556
 20
106.157879
 10
139.431889
 20
106.157879
  0
LWPOLYLINE
  5
AA1
100
AcDbEntity
  8
0
100
AcDbPolyline
 62
2
420
16776960
  6
BYLAYER
 38
0
 90
2
 70
0
 10
140.299722
 20
106.157879
 10
140.088056
 20
106.157879
  0
LWPOLYLINE
  5
AA2
100
AcDbEntity
  8
0
100
AcDbPolyline
 62
2
420
16776960
  6
BYLAYER
 38
0
 90
2
 70
0
 10
139.008556
 20
106.390712
 10
139.008556
 20
106.877545
  0
LWPOLYLINE
  5
AA3
100
AcDbEntity
  8
0
100
AcDbPolyline
 62
2
420
16776960
  6
BYLAYER
 38
0
 90
2
 70
0
 10
138.796889
 20
106.877545
 10
138.796889
 20
106.390712
  0
LWPOLYLINE
  5
AA4
100
AcDbEntity
  8
0
100
AcDbPolyline
 62
2
420
16776960
  6
BYLAYER
 38
0
 90
2
 70
0
 10
139.643556
 20
106.877545
 10
139.643556
 20
107.110379
  0
LWPOLYLINE
  5
AA5
100
AcDbEntity
  8
0
100
AcDbPolyline
 62
2
420
16776960
  6
BYLAYER
 38
0
 90
3
 70
0
 10
139.431889
 20
107.110379
 10
139.220222
 20
106.877545
 10
139.431889
 20
106.877545
  0
LWPOLYLINE
  5
AA6
100
AcDbEntity
  8
0
100
AcDbPolyline
 62
2
420
16776960
  6
BYLAYER
 38
0
 90
2
 70
0
 10
140.299722
 20
106.390712
 10
140.299722
 20
106.877545
  0
LWPOLYLINE
  5
AA7
100
AcDbEntity
  8
0
100
AcDbPolyline
 62
2
420
16776960
  6
BYLAYER
 38
0
 90
2
 70
0
 10
139.855222
 20
106.877545
 10
139.855222
 20
106.390712
  0
LWPOLYLINE
  5
AA8
100
AcDbEntity
  8
0
100
AcDbPolyline
 62
2
420
16776960
  6
BYLAYER
 38
0
 90
2
 70
1
 10
138.796889
 20
106.644712
 10
139.008556
 20
106.644712
  0
LWPOLYLINE
  5
AA9
100
AcDbEntity
  8
0
100
AcDbPolyline
 62
2
420
16776960
  6
BYLAYER
 38
0
 90
4
 70
1
 10
139.431889
 20
106.877545
 10
139.431889
 20
107.110379
 10
139.643556
 20
107.110379
 10
139.643556
 20
106.877545
  0
HATCH
  5
AAA
100
AcDbEntity
  8
0
100
AcDbHatch
370
-1
 62
2
420
16776960
 10
0
 20
0
 30
0
210
0
220
0
230
1
  2
SOLID
 70
1
 71
0
 91
1
 92
3
 72
0
 73
1
 93
3
 10
141.590889
 20
106.644712
 10
141.358056
 20
106.644712
 10
141.358056
 20
106.390712
 97
0
 75
0
 76
1
 98
0
  0
LWPOLYLINE
  5
AAB
100
AcDbEntity
  8
0
100
AcDbPolyline
 62
2
420
16776960
  6
BYLAYER
 38
0
 90
3
 70
1
 10
141.590889
 20
106.644712
 10
141.358056
 20
106.644712
 10
141.358056
 20
106.390712
  0
HATCH
  5
AAC
100
AcDbEntity
  8
0
100
AcDbHatch
370
-1
 62
2
420
16776960
 10
0
 20
0
 30
0
210
0
220
0
230
1
  2
SOLID
 70
1
 71
0
 91
1
 92
3
 72
0
 73
1
 93
2
 10
141.590889
 20
106.644712
 10
141.358056
 20
106.390712
 97
0
 75
0
 76
1
 98
0
  0
LWPOLYLINE
  5
AAD
100
AcDbEntity
  8
0
100
AcDbPolyline
 62
2
420
16776960
  6
BYLAYER
 38
0
 90
2
 70
1
 10
141.590889
 20
106.644712
 10
141.358056
 20
106.390712
  0
HATCH
  5
AAE
100
AcDbEntity
  8
0
100
AcDbHatch
370
-1
 62
2
420
16776960
 10
0
 20
0
 30
0
210
0
220
0
230
1
  2
SOLID
 70
1
 71
0
 91
1
 92
3
 72
0
 73
1
 93
2
 10
141.590889
 20
106.157879
 10
141.358056
 20
106.157879
 97
0
 75
0
 76
1
 98
0
  0
LWPOLYLINE
  5
AAF
100
AcDbEntity
  8
0
100
AcDbPolyline
 62
2
420
16776960
  6
BYLAYER
 38
0
 90
2
 70
1
 10
141.590889
 20
106.157879
 10
141.358056
 20
106.157879
  0
HATCH
  5
AB0
100
AcDbEntity
  8
0
100
AcDbHatch
370
-1
 62
2
420
16776960
 10
0
 20
0
 30
0
210
0
220
0
230
1
  2
SOLID
 70
1
 71
0
 91
1
 92
3
 72
0
 73
1
 93
2
 10
141.590889
 20
106.157879
 10
141.358056
 20
106.157879
 97
0
 75
0
 76
1
 98
0
  0
LWPOLYLINE
  5
AB1
100
AcDbEntity
  8
0
100
AcDbPolyline
 62
2
420
16776960
  6
BYLAYER
 38
0
 90
2
 70
1
 10
141.590889
 20
106.157879
 10
141.358056
 20
106.157879
  0
HATCH
  5
AB2
100
AcDbEntity
  8
0
100
AcDbHatch
370
-1
 62
2
420
16776960
 10
0
 20
0
 30
0
210
0
220
0
230
1
  2
SOLID
 70
1
 71
0
 91
1
 92
3
 72
0
 73
1
 93
2
 10
141.358056
 20
107.597212
 10
141.358056
 20
106.877545
 97
0
 75
0
 76
1
 98
0
  0
LWPOLYLINE
  5
AB3
100
AcDbEntity
  8
0
100
AcDbPolyline
 62
2
420
16776960
  6
BYLAYER
 38
0
 90
2
 70
1
 10
141.358056
 20
107.597212
 10
141.358056
 20
106.877545
  0
HATCH
  5
AB4
100
AcDbEntity
  8
0
100
AcDbHatch
370
-1
 62
2
420
16776960
 10
0
 20
0
 30
0
210
0
220
0
230
1
  2
SOLID
 70
1
 71
0
 91
1
 92
3
 72
0
 73
1
 93
3
 10
141.358056
 20
106.644712
 10
141.358056
 20
106.877545
 10
141.358056
 20
106.390712
 97
0
 75
0
 76
1
 98
0
  0
LWPOLYLINE
  5
AB5
100
AcDbEntity
  8
0
100
AcDbPolyline
 62
2
420
16776960
  6
BYLAYER
 38
0
 90
2
 70
1
 10
141.358056
 20
106.644712
 10
141.358056
 20
106.390712
  0
HATCH
  5
AB6
100
AcDbEntity
  8
0
100
AcDbHatch
370
-1
 62
2
420
16776960
 10
0
 20
0
 30
0
210
0
220
0
230
1
  2
SOLID
 70
1
 71
0
 91
1
 92
3
 72
0
 73
1
 93
2
 10
141.358056
 20
106.644712
 10
141.358056
 20
106.390712
 97
0
 75
0
 76
1
 98
0
  0
LWPOLYLINE
  5
AB7
100
AcDbEntity
  8
0
100
AcDbPolyline
 62
2
420
16776960
  6
BYLAYER
 38
0
 90
2
 70
1
 10
141.358056
 20
106.644712
 10
141.358056
 20
106.390712
  0
HATCH
  5
AB8
100
AcDbEntity
  8
0
100
AcDbHatch
370
-1
 62
2
420
16776960
 10
0
 20
0
 30
0
210
0
220
0
230
1
  2
SOLID
 70
1
 71
0
 91
1
 92
3
 72
0
 73
1
 93
2
 10
141.358056
 20
107.597212
 10
141.358056
 20
106.390712
 97
0
 75
0
 76
1
 98
0
  0
LWPOLYLINE
  5
AB9
100
AcDbEntity
  8
0
100
AcDbPolyline
 62
2
420
16776960
  6
BYLAYER
 38
0
 90
2
 70
1
 10
141.358056
 20
107.597212
 10
141.358056
 20
106.390712
  0
HATCH
  5
ABA
100
AcDbEntity
  8
0
100
AcDbHatch
370
-1
 62
2
420
16776960
 10
0
 20
0
 30
0
210
0
220
0
230
1
  2
SOLID
 70
1
 71
0
 91
1
 92
3
 72
0
 73
1
 93
2
 10
141.358056
 20
107.597212
 10
141.358056
 20
106.390712
 97
0
 75
0
 76
1
 98
0
  0
LWPOLYLINE
  5
ABB
100
AcDbEntity
  8
0
100
AcDbPolyline
 62
2
420
16776960
  6
BYLAYER
 38
0
 90
2
 70
1
 10
141.358056
 20
107.597212
 10
141.358056
 20
106.390712
  0
HATCH
  5
ABC
100
AcDbEntity
  8
0
100
AcDbHatch
370
-1
 62
2
420
16776960
 10
0
 20
0
 30
0
210
0
220
0
230
1
  2
SOLID
 70
1
 71
0
 91
1
 92
3
 72
0
 73
1
 93
2
 10
141.358056
 20
107.597212
 10
141.358056
 20
106.157879
 97
0
 75
0
 76
1
 98
0
  0
LWPOLYLINE
  5
ABD
100
AcDbEntity
  8
0
100
AcDbPolyline
 62
2
420
16776960
  6
BYLAYER
 38
0
 90
2
 70
1
 10
141.358056
 20
107.597212
 10
141.358056
 20
106.157879
  0
HATCH
  5
ABE
100
AcDbEntity
  8
0
100
AcDbHatch
370
-1
 62
2
420
16776960
 10
0
 20
0
 30
0
210
0
220
0
230
1
  2
SOLID
 70
1
 71
0
 91
1
 92
3
 72
0
 73
1
 93
2
 10
141.358056
 20
107.597212
 10
141.358056
 20
106.157879
 97
0
 75
0
 76
1
 98
0
  0
LWPOLYLINE
  5
ABF
100
AcDbEntity
  8
0
100
AcDbPolyline
 62
2
420
16776960
  6
BYLAYER
 38
0
 90
2
 70
1
 10
141.358056
 20
107.597212
 10
141.358056
 20
106.157879
  0
HATCH
  5
AC0
100
AcDbEntity
  8
0
100
AcDbHatch
370
-1
 62
2
420
16776960
 10
0
 20
0
 30
0
210
0
220
0
230
1
  2
SOLID
 70
1
 71
0
 91
1
 92
3
 72
0
 73
1
 93
2
 10
141.358056
 20
107.597212
 10
141.358056
 20
106.157879
 97
0
 75
0
 76
1
 98
0
  0
LWPOLYLINE
  5
AC1
100
AcDbEntity
  8
0
100
AcDbPolyline
 62
2
420
16776960
  6
BYLAYER
 38
0
 90
2
 70
1
 10
141.358056
 20
107.597212
 10
141.358056
 20
106.157879
  0
HATCH
  5
AC2
100
AcDbEntity
  8
0
100
AcDbHatch
370
-1
 62
2
420
16776960
 10
0
 20
0
 30
0
210
0
220
0
230
1
  2
SOLID
 70
1
 71
0
 91
1
 92
3
 72
0
 73
1
 93
2
 10
141.358056
 20
107.597212
 10
141.358056
 20
106.157879
 97
0
 75
0
 76
1
 98
0
  0
LWPOLYLINE
  5
AC3
100
AcDbEntity
  8
0
100
AcDbPolyline
 62
2
420
16776960
  6
BYLAYER
 38
0
 90
2
 70
1
 10
141.358056
 20
107.597212
 10
141.358056
 20
106.157879
  0
HATCH
  5
AC4
100
AcDbEntity
  8
0
100
AcDbHatch
370
-1
 62
2
420
16776960
 10
0
 20
0
 30
0
210
0
220
0
230
1
  2
SOLID
 70
1
 71
0
 91
1
 92
3
 72
0
 73
1
 93
2
 10
141.358056
 20
107.597212
 10
141.358056
 20
106.644712
 97
0
 75
0
 76
1
 98
0
  0
LWPOLYLINE
  5
AC5
100
AcDbEntity
  8
0
100
AcDbPolyline
 62
2
420
16776960
  6
BYLAYER
 38
0
 90
2
 70
1
 10
141.358056
 20
107.597212
 10
141.358056
 20
106.644712
  0
HATCH
  5
AC6
100
AcDbEntity
  8
0
100
AcDbHatch
370
-1
 62
2
420
16776960
 10
0
 20
0
 30
0
210
0
220
0
230
1
  2
SOLID
 70
1
 71
0
 91
1
 92
3
 72
0
 73
1
 93
2
 10
141.358056
 20
107.597212
 10
141.358056
 20
106.644712
 97
0
 75
0
 76
1
 98
0
  0
LWPOLYLINE
  5
AC7
100
AcDbEntity
  8
0
100
AcDbPolyline
 62
2
420
16776960
  6
BYLAYER
 38
0
 90
2
 70
1
 10
141.358056
 20
107.597212
 10
141.358056
 20
106.644712
  0
HATCH
  5
AC8
100
AcDbEntity
  8
0
100
AcDbHatch
370
-1
 62
2
420
16776960
 10
0
 20
0
 30
0
210
0
220
0
230
1
  2
SOLID
 70
1
 71
0
 91
1
 92
3
 72
0
 73
1
 93
2
 10
141.358056
 20
106.644712
 10
141.358056
 20
106.157879
 97
0
 75
0
 76
1
 98
0
  0
LWPOLYLINE
  5
AC9
100
AcDbEntity
  8
0
100
AcDbPolyline
 62
2
420
16776960
  6
BYLAYER
 38
0
 90
2
 70
1
 10
141.358056
 20
106.644712
 10
141.358056
 20
106.157879
  0
HATCH
  5
ACA
100
AcDbEntity
  8
0
100
AcDbHatch
370
-1
 62
2
420
16776960
 10
0
 20
0
 30
0
210
0
220
0
230
1
  2
SOLID
 70
1
 71
0
 91
1
 92
3
 72
0
 73
1
 93
2
 10
141.358056
 20
106.644712
 10
141.358056
 20
106.157879
 97
0
 75
0
 76
1
 98
0
  0
LWPOLYLINE
  5
ACB
100
AcDbEntity
  8
0
100
AcDbPolyline
 62
2
420
16776960
  6
BYLAYER
 38
0
 90
2
 70
1
 10
141.358056
 20
106.644712
 10
141.358056
 20
106.157879
  0
HATCH
  5
ACC
100
AcDbEntity
  8
0
100
AcDbHatch
370
-1
 62
2
420
16776960
 10
0
 20
0
 30
0
210
0
220
0
230
1
  2
SOLID
 70
1
 71
0
 91
1
 92
3
 72
0
 73
1
 93
2
 10
141.358056
 20
107.597212
 10
141.358056
 20
106.644712
 97
0
 75
0
 76
1
 98
0
  0
LWPOLYLINE
  5
ACD
100
AcDbEntity
  8
0
100
AcDbPolyline
 62
2
420
16776960
  6
BYLAYER
 38
0
 90
2
 70
1
 10
141.358056
 20
107.597212
 10
141.358056
 20
106.644712
  0
HATCH
  5
ACE
100
AcDbEntity
  8
0
100
AcDbHatch
370
-1
 62
2
420
16776960
 10
0
 20
0
 30
0
210
0
220
0
230
1
  2
SOLID
 70
1
 71
0
 91
1
 92
3
 72
0
 73
1
 93
2
 10
141.358056
 20
107.597212
 10
141.358056
 20
106.644712
 97
0
 75
0
 76
1
 98
0
  0
LWPOLYLINE
  5
ACF
100
AcDbEntity
  8
0
100
AcDbPolyline
 62
2
420
16776960
  6
BYLAYER
 38
0
 90
2
 70
1
 10
141.358056
 20
107.597212
 10
141.358056
 20
106.644712
  0
HATCH
  5
AD0
100
AcDbEntity
  8
0
100
AcDbHatch
370
-1
 62
2
420
16776960
 10
0
 20
0
 30
0
210
0
220
0
230
1
  2
SOLID
 70
1
 71
0
 91
1
 92
3
 72
0
 73
1
 93
2
 10
141.358056
 20
106.644712
 10
141.358056
 20
106.157879
 97
0
 75
0
 76
1
 98
0
  0
LWPOLYLINE
  5
AD1
100
AcDbEntity
  8
0
100
AcDbPolyline
 62
2
420
16776960
  6
BYLAYER
 38
0
 90
2
 70
1
 10
141.358056
 20
106.644712
 10
141.358056
 20
106.157879
  0
HATCH
  5
AD2
100
AcDbEntity
  8
0
100
AcDbHatch
370
-1
 62
2
420
16776960
 10
0
 20
0
 30
0
210
0
220
0
230
1
  2
SOLID
 70
1
 71
0
 91
1
 92
3
 72
0
 73
1
 93
2
 10
141.358056
 20
106.644712
 10
141.358056
 20
106.157879
 97
0
 75
0
 76
1
 98
0
  0
LWPOLYLINE
  5
AD3
100
AcDbEntity
  8
0
100
AcDbPolyline
 62
2
420
16776960
  6
BYLAYER
 38
0
 90
2
 70
1
 10
141.358056
 20
106.644712
 10
141.358056
 20
106.157879
  0
HATCH
  5
AD4
100
AcDbEntity
  8
0
100
AcDbHatch
370
-1
 62
2
420
16776960
 10
0
 20
0
 30
0
210
0
220
0
230
1
  2
SOLID
 70
1
 71
0
 91
1
 92
3
 72
0
 73
1
 93
2
 10
141.358056
 20
107.597212
 10
141.358056
 20
106.644712
 97
0
 75
0
 76
1
 98
0
  0
LWPOLYLINE
  5
AD5
100
AcDbEntity
  8
0
100
AcDbPolyline
 62
2
420
16776960
  6
BYLAYER
 38
0
 90
2
 70
1
 10
141.358056
 20
107.597212
 10
141.358056
 20
106.644712
  0
HATCH
  5
AD6
100
AcDbEntity
  8
0
100
AcDbHatch
370
-1
 62
2
420
16776960
 10
0
 20
0
 30
0
210
0
220
0
230
1
  2
SOLID
 70
1
 71
0
 91
1
 92
3
 72
0
 73
1
 93
2
 10
141.358056
 20
107.597212
 10
141.358056
 20
106.644712
 97
0
 75
0
 76
1
 98
0
  0
LWPOLYLINE
  5
AD7
100
AcDbEntity
  8
0
100
AcDbPolyline
 62
2
420
16776960
  6
BYLAYER
 38
0
 90
2
 70
1
 10
141.358056
 20
107.597212
 10
141.358056
 20
106.644712
  0
HATCH
  5
AD8
100
AcDbEntity
  8
0
100
AcDbHatch
370
-1
 62
2
420
16776960
 10
0
 20
0
 30
0
210
0
220
0
230
1
  2
SOLID
 70
1
 71
0
 91
1
 92
3
 72
0
 73
1
 93
2
 10
141.358056
 20
106.644712
 10
141.358056
 20
106.157879
 97
0
 75
0
 76
1
 98
0
  0
LWPOLYLINE
  5
AD9
100
AcDbEntity
  8
0
100
AcDbPolyline
 62
2
420
16776960
  6
BYLAYER
 38
0
 90
2
 70
1
 10
141.358056
 20
106.644712
 10
141.358056
 20
106.157879
  0
HATCH
  5
ADA
100
AcDbEntity
  8
0
100
AcDbHatch
370
-1
 62
2
420
16776960
 10
0
 20
0
 30
0
210
0
220
0
230
1
  2
SOLID
 70
1
 71
0
 91
1
 92
3
 72
0
 73
1
 93
2
 10
141.358056
 20
106.644712
 10
141.358056
 20
106.157879
 97
0
 75
0
 76
1
 98
0
  0
LWPOLYLINE
  5
ADB
100
AcDbEntity
  8
0
100
AcDbPolyline
 62
2
420
16776960
  6
BYLAYER
 38
0
 90
2
 70
1
 10
141.358056
 20
106.644712
 10
141.358056
 20
106.157879
  0
HATCH
  5
ADC
100
AcDbEntity
  8
0
100
AcDbHatch
370
-1
 62
2
420
16776960
 10
0
 20
0
 30
0
210
0
220
0
230
1
  2
SOLID
 70
1
 71
0
 91
1
 92
3
 72
0
 73
1
 93
2
 10
141.358056
 20
107.597212
 10
141.358056
 20
106.644712
 97
0
 75
0
 76
1
 98
0
  0
LWPOLYLINE
  5
ADD
100
AcDbEntity
  8
0
100
AcDbPolyline
 62
2
420
16776960
  6
BYLAYER
 38
0
 90
2
 70
1
 10
141.358056
 20
107.597212
 10
141.358056
 20
106.644712
  0
HATCH
  5
ADE
100
AcDbEntity
  8
0
100
AcDbHatch
370
-1
 62
2
420
16776960
 10
0
 20
0
 30
0
210
0
220
0
230
1
  2
SOLID
 70
1
 71
0
 91
1
 92
3
 72
0
 73
1
 93
2
 10
141.358056
 20
107.597212
 10
141.358056
 20
106.644712
 97
0
 75
0
 76
1
 98
0
  0
LWPOLYLINE
  5
ADF
100
AcDbEntity
  8
0
100
AcDbPolyline
 62
2
420
16776960
  6
BYLAYER
 38
0
 90
2
 70
1
 10
141.358056
 20
107.597212
 10
141.358056
 20
106.644712
  0
HATCH
  5
AE0
100
AcDbEntity
  8
0
100
AcDbHatch
370
-1
 62
2
420
16776960
 10
0
 20
0
 30
0
210
0
220
0
230
1
  2
SOLID
 70
1
 71
0
 91
1
 92
3
 72
0
 73
1
 93
2
 10
141.358056
 20
106.644712
 10
141.358056
 20
106.157879
 97
0
 75
0
 76
1
 98
0
  0
LWPOLYLINE
  5
AE1
100
AcDbEntity
  8
0
100
AcDbPolyline
 62
2
420
16776960
  6
BYLAYER
 38
0
 90
2
 70
1
 10
141.358056
 20
106.644712
 10
141.358056
 20
106.157879
  0
HATCH
  5
AE2
100
AcDbEntity
  8
0
100
AcDbHatch
370
-1
 62
2
420
16776960
 10
0
 20
0
 30
0
210
0
220
0
230
1
  2
SOLID
 70
1
 71
0
 91
1
 92
3
 72
0
 73
1
 93
2
 10
141.358056
 20
106.644712
 10
141.358056
 20
106.157879
 97
0
 75
0
 76
1
 98
0
  0
LWPOLYLINE
  5
AE3
100
AcDbEntity
  8
0
100
AcDbPolyline
 62
2
420
16776960
  6
BYLAYER
 38
0
 90
2
 70
1
 10
141.358056
 20
106.644712
 10
141.358056
 20
106.157879
  0
HATCH
  5
AE4
100
AcDbEntity
  8
0
100
AcDbHatch
370
-1
 62
2
420
16776960
 10
0
 20
0
 30
0
210
0
220
0
230
1
  2
SOLID
 70
1
 71
0
 91
1
 92
3
 72
0
 73
1
 93
2
 10
141.358056
 20
107.597212
 10
141.358056
 20
106.644712
 97
0
 75
0
 76
1
 98
0
  0
LWPOLYLINE
  5
AE5
100
AcDbEntity
  8
0
100
AcDbPolyline
 62
2
420
16776960
  6
BYLAYER
 38
0
 90
2
 70
1
 10
141.358056
 20
107.597212
 10
141.358056
 20
106.644712
  0
HATCH
  5
AE6
100
AcDbEntity
  8
0
100
AcDbHatch
370
-1
 62
2
420
16776960
 10
0
 20
0
 30
0
210
0
220
0
230
1
  2
SOLID
 70
1
 71
0
 91
1
 92
3
 72
0
 73
1
 93
2
 10
141.358056
 20
107.597212
 10
141.358056
 20
106.644712
 97
0
 75
0
 76
1
 98
0
  0
LWPOLYLINE
  5
AE7
100
AcDbEntity
  8
0
100
AcDbPolyline
 62
2
420
16776960
  6
BYLAYER
 38
0
 90
2
 70
1
 10
141.358056
 20
107.597212
 10
141.358056
 20
106.644712
  0
HATCH
  5
AE8
100
AcDbEntity
  8
0
100
AcDbHatch
370
-1
 62
2
420
16776960
 10
0
 20
0
 30
0
210
0
220
0
230
1
  2
SOLID
 70
1
 71
0
 91
1
 92
3
 72
0
 73
1
 93
2
 10
141.358056
 20
106.390712
 10
141.358056
 20
106.157879
 97
0
 75
0
 76
1
 98
0
  0
LWPOLYLINE
  5
AE9
100
AcDbEntity
  8
0
100
AcDbPolyline
 62
2
420
16776960
  6
BYLAYER
 38
0
 90
2
 70
1
 10
141.358056
 20
106.390712
 10
141.358056
 20
106.157879
  0
HATCH
  5
AEA
100
AcDbEntity
  8
0
100
AcDbHatch
370
-1
 62
2
420
16776960
 10
0
 20
0
 30
0
210
0
220
0
230
1
  2
SOLID
 70
1
 71
0
 91
1
 92
3
 72
0
 73
1
 93
2
 10
141.358056
 20
106.390712
 10
141.358056
 20
106.157879
 97
0
 75
0
 76
1
 98
0
  0
LWPOLYLINE
  5
AEB
100
AcDbEntity
  8
0
100
AcDbPolyline
 62
2
420
16776960
  6
BYLAYER
 38
0
 90
2
 70
1
 10
141.358056
 20
106.390712
 10
141.358056
 20
106.157879
  0
HATCH
  5
AEC
100
AcDbEntity
  8
0
100
AcDbHatch
370
-1
 62
2
420
16776960
 10
0
 20
0
 30
0
210
0
220
0
230
1
  2
SOLID
 70
1
 71
0
 91
1
 92
3
 72
0
 73
1
 93
2
 10
141.358056
 20
107.597212
 10
141.358056
 20
106.644712
 97
0
 75
0
 76
1
 98
0
  0
LWPOLYLINE
  5
AED
100
AcDbEntity
  8
0
100
AcDbPolyline
 62
2
420
16776960
  6
BYLAYER
 38
0
 90
2
 70
1
 10
141.358056
 20
107.597212
 10
141.358056
 20
106.644712
  0
HATCH
  5
AEE
100
AcDbEntity
  8
0
100
AcDbHatch
370
-1
 62
2
420
16776960
 10
0
 20
0
 30
0
210
0
220
0
230
1
  2
SOLID
 70
1
 71
0
 91
1
 92
3
 72
0
 73
1
 93
2
 10
141.358056
 20
107.597212
 10
141.358056
 20
106.644712
 97
0
 75
0
 76
1
 98
0
  0
LWPOLYLINE
  5
AEF
100
AcDbEntity
  8
0
100
AcDbPolyline
 62
2
420
16776960
  6
BYLAYER
 38
0
 90
2
 70
1
 10
141.358056
 20
107.597212
 10
141.358056
 20
106.644712
  0
HATCH
  5
AF0
100
AcDbEntity
  8
0
100
AcDbHatch
370
-1
 62
2
420
16776960
 10
0
 20
0
 30
0
210
0
220
0
230
1
  2
SOLID
 70
1
 71
0
 91
1
 92
3
 72
0
 73
1
 93
2
 10
141.358056
 20
106.390712
 10
141.358056
 20
106.157879
 97
0
 75
0
 76
1
 98
0
  0
LWPOLYLINE
  5
AF1
100
AcDbEntity
  8
0
100
AcDbPolyline
 62
2
420
16776960
  6
BYLAYER
 38
0
 90
2
 70
1
 10
141.358056
 20
106.390712
 10
141.358056
 20
106.157879
  0
HATCH
  5
AF2
100
AcDbEntity
  8
0
100
AcDbHatch
370
-1
 62
2
420
16776960
 10
0
 20
0
 30
0
210
0
220
0
230
1
  2
SOLID
 70
1
 71
0
 91
1
 92
3
 72
0
 73
1
 93
2
 10
141.358056
 20
106.390712
 10
141.358056
 20
106.157879
 97
0
 75
0
 76
1
 98
0
  0
LWPOLYLINE
  5
AF3
100
AcDbEntity
  8
0
100
AcDbPolyline
 62
2
420
16776960
  6
BYLAYER
 38
0
 90
2
 70
1
 10
141.358056
 20
106.390712
 10
141.358056
 20
106.157879
  0
HATCH
  5
AF4
100
AcDbEntity
  8
0
100
AcDbHatch
370
-1
 62
2
420
16776960
 10
0
 20
0
 30
0
210
0
220
0
230
1
  2
SOLID
 70
1
 71
0
 91
1
 92
3
 72
0
 73
1
 93
3
 10
141.358056
 20
107.597212
 10
141.146389
 20
107.597212
 10
141.146389
 20
106.644712
 97
0
 75
0
 76
1
 98
0
  0
LWPOLYLINE
  5
AF5
100
AcDbEntity
  8
0
100
AcDbPolyline
 62
2
420
16776960
  6
BYLAYER
 38
0
 90
3
 70
1
 10
141.358056
 20
107.597212
 10
141.146389
 20
107.597212
 10
141.146389
 20
106.644712
  0
HATCH
  5
AF6
100
AcDbEntity
  8
0
100
AcDbHatch
370
-1
 62
2
420
16776960
 10
0
 20
0
 30
0
210
0
220
0
230
1
  2
SOLID
 70
1
 71
0
 91
1
 92
3
 72
0
 73
1
 93
3
 10
141.358056
 20
107.597212
 10
141.358056
 20
106.644712
 10
141.146389
 20
106.644712
 97
0
 75
0
 76
1
 98
0
  0
LWPOLYLINE
  5
AF7
100
AcDbEntity
  8
0
100
AcDbPolyline
 62
2
420
16776960
  6
BYLAYER
 38
0
 90
3
 70
1
 10
141.358056
 20
107.597212
 10
141.358056
 20
106.644712
 10
141.146389
 20
106.644712
  0
HATCH
  5
AF8
100
AcDbEntity
  8
0
100
AcDbHatch
370
-1
 62
2
420
16776960
 10
0
 20
0
 30
0
210
0
220
0
230
1
  2
SOLID
 70
1
 71
0
 91
1
 92
3
 72
0
 73
1
 93
3
 10
141.358056
 20
106.390712
 10
141.146389
 20
106.644712
 10
141.146389
 20
106.157879
 97
0
 75
0
 76
1
 98
0
  0
LWPOLYLINE
  5
AF9
100
AcDbEntity
  8
0
100
AcDbPolyline
 62
2
420
16776960
  6
BYLAYER
 38
0
 90
3
 70
1
 10
141.358056
 20
106.390712
 10
141.146389
 20
106.644712
 10
141.146389
 20
106.157879
  0
HATCH
  5
AFA
100
AcDbEntity
  8
0
100
AcDbHatch
370
-1
 62
2
420
16776960
 10
0
 20
0
 30
0
210
0
220
0
230
1
  2
SOLID
 70
1
 71
0
 91
1
 92
3
 72
0
 73
1
 93
3
 10
141.358056
 20
106.390712
 10
141.358056
 20
106.157879
 10
141.146389
 20
106.157879
 97
0
 75
0
 76
1
 98
0
  0
LWPOLYLINE
  5
AFB
100
AcDbEntity
  8
0
100
AcDbPolyline
 62
2
420
16776960
  6
BYLAYER
 38
0
 90
3
 70
1
 10
141.358056
 20
106.390712
 10
141.358056
 20
106.157879
 10
141.146389
 20
106.157879
  0
HATCH
  5
AFC
100
AcDbEntity
  8
0
100
AcDbHatch
370
-1
 62
2
420
16776960
 10
0
 20
0
 30
0
210
0
220
0
230
1
  2
SOLID
 70
1
 71
0
 91
1
 92
3
 72
0
 73
1
 93
2
 10
141.358056
 20
106.157879
 10
141.146389
 20
106.157879
 97
0
 75
0
 76
1
 98
0
  0
LWPOLYLINE
  5
AFD
100
AcDbEntity
  8
0
100
AcDbPolyline
 62
2
420
16776960
  6
BYLAYER
 38
0
 90
2
 70
1
 10
141.358056
 20
106.157879
 10
141.146389
 20
106.157879
  0
HATCH
  5
AFE
100
AcDbEntity
  8
0
100
AcDbHatch
370
-1
 62
2
420
16776960
 10
0
 20
0
 30
0
210
0
220
0
230
1
  2
SOLID
 70
1
 71
0
 91
1
 92
3
 72
0
 73
1
 93
2
 10
141.358056
 20
106.157879
 10
141.146389
 20
106.157879
 97
0
 75
0
 76
1
 98
0
  0
LWPOLYLINE
  5
AFF
100
AcDbEntity
  8
0
100
AcDbPolyline
 62
2
420
16776960
  6
BYLAYER
 38
0
 90
2
 70
1
 10
141.358056
 20
106.157879
 10
141.146389
 20
106.157879
  0
HATCH
  5
B00
100
AcDbEntity
  8
0
100
AcDbHatch
370
-1
 62
2
420
16776960
 10
0
 20
0
 30
0
210
0
220
0
230
1
  2
SOLID
 70
1
 71
0
 91
1
 92
3
 72
0
 73
1
 93
2
 10
141.146389
 20
107.597212
 10
141.146389
 20
106.644712
 97
0
 75
0
 76
1
 98
0
  0
LWPOLYLINE
  5
B01
100
AcDbEntity
  8
0
100
AcDbPolyline
 62
2
420
16776960
  6
BYLAYER
 38
0
 90
2
 70
1
 10
141.146389
 20
107.597212
 10
141.146389
 20
106.644712
  0
HATCH
  5
B02
100
AcDbEntity
  8
0
100
AcDbHatch
370
-1
 62
2
420
16776960
 10
0
 20
0
 30
0
210
0
220
0
230
1
  2
SOLID
 70
1
 71
0
 91
1
 92
3
 72
0
 73
1
 93
2
 10
141.146389
 20
107.597212
 10
141.146389
 20
106.644712
 97
0
 75
0
 76
1
 98
0
  0
LWPOLYLINE
  5
B03
100
AcDbEntity
  8
0
100
AcDbPolyline
 62
2
420
16776960
  6
BYLAYER
 38
0
 90
2
 70
1
 10
141.146389
 20
107.597212
 10
141.146389
 20
106.644712
  0
HATCH
  5
B04
100
AcDbEntity
  8
0
100
AcDbHatch
370
-1
 62
2
420
16776960
 10
0
 20
0
 30
0
210
0
220
0
230
1
  2
SOLID
 70
1
 71
0
 91
1
 92
3
 72
0
 73
1
 93
2
 10
141.146389
 20
106.644712
 10
141.146389
 20
106.157879
 97
0
 75
0
 76
1
 98
0
  0
LWPOLYLINE
  5
B05
100
AcDbEntity
  8
0
100
AcDbPolyline
 62
2
420
16776960
  6
BYLAYER
 38
0
 90
2
 70
1
 10
141.146389
 20
106.644712
 10
141.146389
 20
106.157879
  0
HATCH
  5
B06
100
AcDbEntity
  8
0
100
AcDbHatch
370
-1
 62
2
420
16776960
 10
0
 20
0
 30
0
210
0
220
0
230
1
  2
SOLID
 70
1
 71
0
 91
1
 92
3
 72
0
 73
1
 93
2
 10
141.146389
 20
106.644712
 10
141.146389
 20
106.157879
 97
0
 75
0
 76
1
 98
0
  0
LWPOLYLINE
  5
B07
100
AcDbEntity
  8
0
100
AcDbPolyline
 62
2
420
16776960
  6
BYLAYER
 38
0
 90
2
 70
1
 10
141.146389
 20
106.644712
 10
141.146389
 20
106.157879
  0
HATCH
  5
B08
100
AcDbEntity
  8
0
100
AcDbHatch
370
-1
 62
2
420
16776960
 10
0
 20
0
 30
0
210
0
220
0
230
1
  2
SOLID
 70
1
 71
0
 91
1
 92
3
 72
0
 73
1
 93
2
 10
141.146389
 20
107.597212
 10
141.146389
 20
106.644712
 97
0
 75
0
 76
1
 98
0
  0
LWPOLYLINE
  5
B09
100
AcDbEntity
  8
0
100
AcDbPolyline
 62
2
420
16776960
  6
BYLAYER
 38
0
 90
2
 70
1
 10
141.146389
 20
107.597212
 10
141.146389
 20
106.644712
  0
HATCH
  5
B0A
100
AcDbEntity
  8
0
100
AcDbHatch
370
-1
 62
2
420
16776960
 10
0
 20
0
 30
0
210
0
220
0
230
1
  2
SOLID
 70
1
 71
0
 91
1
 92
3
 72
0
 73
1
 93
2
 10
141.146389
 20
107.597212
 10
141.146389
 20
106.644712
 97
0
 75
0
 76
1
 98
0
  0
LWPOLYLINE
  5
B0B
100
AcDbEntity
  8
0
100
AcDbPolyline
 62
2
420
16776960
  6
BYLAYER
 38
0
 90
2
 70
1
 10
141.146389
 20
107.597212
 10
141.146389
 20
106.644712
  0
HATCH
  5
B0C
100
AcDbEntity
  8
0
100
AcDbHatch
370
-1
 62
2
420
16776960
 10
0
 20
0
 30
0
210
0
220
0
230
1
  2
SOLID
 70
1
 71
0
 91
1
 92
3
 72
0
 73
1
 93
2
 10
141.146389
 20
106.644712
 10
141.146389
 20
106.157879
 97
0
 75
0
 76
1
 98
0
  0
LWPOLYLINE
  5
B0D
100
AcDbEntity
  8
0
100
AcDbPolyline
 62
2
420
16776960
  6
BYLAYER
 38
0
 90
2
 70
1
 10
141.146389
 20
106.644712
 10
141.146389
 20
106.157879
  0
HATCH
  5
B0E
100
AcDbEntity
  8
0
100
AcDbHatch
370
-1
 62
2
420
16776960
 10
0
 20
0
 30
0
210
0
220
0
230
1
  2
SOLID
 70
1
 71
0
 91
1
 92
3
 72
0
 73
1
 93
2
 10
141.146389
 20
106.644712
 10
141.146389
 20
106.157879
 97
0
 75
0
 76
1
 98
0
  0
LWPOLYLINE
  5
B0F
100
AcDbEntity
  8
0
100
AcDbPolyline
 62
2
420
16776960
  6
BYLAYER
 38
0
 90
2
 70
1
 10
141.146389
 20
106.644712
 10
141.146389
 20
106.157879
  0
HATCH
  5
B10
100
AcDbEntity
  8
0
100
AcDbHatch
370
-1
 62
2
420
16776960
 10
0
 20
0
 30
0
210
0
220
0
230
1
  2
SOLID
 70
1
 71
0
 91
1
 92
3
 72
0
 73
1
 93
2
 10
141.146389
 20
107.597212
 10
141.146389
 20
106.644712
 97
0
 75
0
 76
1
 98
0
  0
LWPOLYLINE
  5
B11
100
AcDbEntity
  8
0
100
AcDbPolyline
 62
2
420
16776960
  6
BYLAYER
 38
0
 90
2
 70
1
 10
141.146389
 20
107.597212
 10
141.146389
 20
106.644712
  0
HATCH
  5
B12
100
AcDbEntity
  8
0
100
AcDbHatch
370
-1
 62
2
420
16776960
 10
0
 20
0
 30
0
210
0
220
0
230
1
  2
SOLID
 70
1
 71
0
 91
1
 92
3
 72
0
 73
1
 93
2
 10
141.146389
 20
107.597212
 10
141.146389
 20
106.644712
 97
0
 75
0
 76
1
 98
0
  0
LWPOLYLINE
  5
B13
100
AcDbEntity
  8
0
100
AcDbPolyline
 62
2
420
16776960
  6
BYLAYER
 38
0
 90
2
 70
1
 10
141.146389
 20
107.597212
 10
141.146389
 20
106.644712
  0
HATCH
  5
B14
100
AcDbEntity
  8
0
100
AcDbHatch
370
-1
 62
2
420
16776960
 10
0
 20
0
 30
0
210
0
220
0
230
1
  2
SOLID
 70
1
 71
0
 91
1
 92
3
 72
0
 73
1
 93
2
 10
141.146389
 20
106.644712
 10
141.146389
 20
106.157879
 97
0
 75
0
 76
1
 98
0
  0
LWPOLYLINE
  5
B15
100
AcDbEntity
  8
0
100
AcDbPolyline
 62
2
420
16776960
  6
BYLAYER
 38
0
 90
2
 70
1
 10
141.146389
 20
106.644712
 10
141.146389
 20
106.157879
  0
HATCH
  5
B16
100
AcDbEntity
  8
0
100
AcDbHatch
370
-1
 62
2
420
16776960
 10
0
 20
0
 30
0
210
0
220
0
230
1
  2
SOLID
 70
1
 71
0
 91
1
 92
3
 72
0
 73
1
 93
2
 10
141.146389
 20
106.644712
 10
141.146389
 20
106.157879
 97
0
 75
0
 76
1
 98
0
  0
LWPOLYLINE
  5
B17
100
AcDbEntity
  8
0
100
AcDbPolyline
 62
2
420
16776960
  6
BYLAYER
 38
0
 90
2
 70
1
 10
141.146389
 20
106.644712
 10
141.146389
 20
106.157879
  0
HATCH
  5
B18
100
AcDbEntity
  8
0
100
AcDbHatch
370
-1
 62
2
420
16776960
 10
0
 20
0
 30
0
210
0
220
0
230
1
  2
SOLID
 70
1
 71
0
 91
1
 92
3
 72
0
 73
1
 93
2
 10
141.146389
 20
107.597212
 10
141.146389
 20
106.157879
 97
0
 75
0
 76
1
 98
0
  0
LWPOLYLINE
  5
B19
100
AcDbEntity
  8
0
100
AcDbPolyline
 62
2
420
16776960
  6
BYLAYER
 38
0
 90
2
 70
1
 10
141.146389
 20
107.597212
 10
141.146389
 20
106.157879
  0
HATCH
  5
B1A
100
AcDbEntity
  8
0
100
AcDbHatch
370
-1
 62
2
420
16776960
 10
0
 20
0
 30
0
210
0
220
0
230
1
  2
SOLID
 70
1
 71
0
 91
1
 92
3
 72
0
 73
1
 93
2
 10
141.146389
 20
107.597212
 10
141.146389
 20
106.157879
 97
0
 75
0
 76
1
 98
0
  0
LWPOLYLINE
  5
B1B
100
AcDbEntity
  8
0
100
AcDbPolyline
 62
2
420
16776960
  6
BYLAYER
 38
0
 90
2
 70
1
 10
141.146389
 20
107.597212
 10
141.146389
 20
106.157879
  0
HATCH
  5
B1C
100
AcDbEntity
  8
0
100
AcDbHatch
370
-1
 62
2
420
16776960
 10
0
 20
0
 30
0
210
0
220
0
230
1
  2
SOLID
 70
1
 71
0
 91
1
 92
3
 72
0
 73
1
 93
2
 10
141.146389
 20
107.597212
 10
141.146389
 20
106.157879
 97
0
 75
0
 76
1
 98
0
  0
LWPOLYLINE
  5
B1D
100
AcDbEntity
  8
0
100
AcDbPolyline
 62
2
420
16776960
  6
BYLAYER
 38
0
 90
2
 70
1
 10
141.146389
 20
107.597212
 10
141.146389
 20
106.157879
  0
HATCH
  5
B1E
100
AcDbEntity
  8
0
100
AcDbHatch
370
-1
 62
2
420
16776960
 10
0
 20
0
 30
0
210
0
220
0
230
1
  2
SOLID
 70
1
 71
0
 91
1
 92
3
 72
0
 73
1
 93
2
 10
141.146389
 20
107.597212
 10
141.146389
 20
106.157879
 97
0
 75
0
 76
1
 98
0
  0
LWPOLYLINE
  5
B1F
100
AcDbEntity
  8
0
100
AcDbPolyline
 62
2
420
16776960
  6
BYLAYER
 38
0
 90
2
 70
1
 10
141.146389
 20
107.597212
 10
141.146389
 20
106.157879
  0
HATCH
  5
B20
100
AcDbEntity
  8
0
100
AcDbHatch
370
-1
 62
2
420
16776960
 10
0
 20
0
 30
0
210
0
220
0
230
1
  2
SOLID
 70
1
 71
0
 91
1
 92
3
 72
0
 73
1
 93
2
 10
141.146389
 20
107.597212
 10
141.146389
 20
106.157879
 97
0
 75
0
 76
1
 98
0
  0
LWPOLYLINE
  5
B21
100
AcDbEntity
  8
0
100
AcDbPolyline
 62
2
420
16776960
  6
BYLAYER
 38
0
 90
2
 70
1
 10
141.146389
 20
107.597212
 10
141.146389
 20
106.157879
  0
HATCH
  5
B22
100
AcDbEntity
  8
0
100
AcDbHatch
370
-1
 62
2
420
16776960
 10
0
 20
0
 30
0
210
0
220
0
230
1
  2
SOLID
 70
1
 71
0
 91
1
 92
3
 72
0
 73
1
 93
2
 10
141.146389
 20
107.597212
 10
141.146389
 20
106.157879
 97
0
 75
0
 76
1
 98
0
  0
LWPOLYLINE
  5
B23
100
AcDbEntity
  8
0
100
AcDbPolyline
 62
2
420
16776960
  6
BYLAYER
 38
0
 90
2
 70
1
 10
141.146389
 20
107.597212
 10
141.146389
 20
106.157879
  0
HATCH
  5
B24
100
AcDbEntity
  8
0
100
AcDbHatch
370
-1
 62
2
420
16776960
 10
0
 20
0
 30
0
210
0
220
0
230
1
  2
SOLID
 70
1
 71
0
 91
1
 92
3
 72
0
 73
1
 93
2
 10
141.146389
 20
106.877545
 10
141.146389
 20
106.157879
 97
0
 75
0
 76
1
 98
0
  0
LWPOLYLINE
  5
B25
100
AcDbEntity
  8
0
100
AcDbPolyline
 62
2
420
16776960
  6
BYLAYER
 38
0
 90
2
 70
1
 10
141.146389
 20
106.877545
 10
141.146389
 20
106.157879
  0
HATCH
  5
B26
100
AcDbEntity
  8
0
100
AcDbHatch
370
-1
 62
2
420
16776960
 10
0
 20
0
 30
0
210
0
220
0
230
1
  2
SOLID
 70
1
 71
0
 91
1
 92
3
 72
0
 73
1
 93
2
 10
141.146389
 20
106.877545
 10
141.146389
 20
106.157879
 97
0
 75
0
 76
1
 98
0
  0
LWPOLYLINE
  5
B27
100
AcDbEntity
  8
0
100
AcDbPolyline
 62
2
420
16776960
  6
BYLAYER
 38
0
 90
2
 70
1
 10
141.146389
 20
106.877545
 10
141.146389
 20
106.157879
  0
HATCH
  5
B28
100
AcDbEntity
  8
0
100
AcDbHatch
370
-1
 62
2
420
16776960
 10
0
 20
0
 30
0
210
0
220
0
230
1
  2
SOLID
 70
1
 71
0
 91
1
 92
3
 72
0
 73
1
 93
2
 10
141.146389
 20
106.877545
 10
141.146389
 20
106.390712
 97
0
 75
0
 76
1
 98
0
  0
LWPOLYLINE
  5
B29
100
AcDbEntity
  8
0
100
AcDbPolyline
 62
2
420
16776960
  6
BYLAYER
 38
0
 90
2
 70
1
 10
141.146389
 20
106.877545
 10
141.146389
 20
106.390712
  0
HATCH
  5
B2A
100
AcDbEntity
  8
0
100
AcDbHatch
370
-1
 62
2
420
16776960
 10
0
 20
0
 30
0
210
0
220
0
230
1
  2
SOLID
 70
1
 71
0
 91
1
 92
3
 72
0
 73
1
 93
2
 10
141.146389
 20
106.877545
 10
141.146389
 20
106.390712
 97
0
 75
0
 76
1
 98
0
  0
LWPOLYLINE
  5
B2B
100
AcDbEntity
  8
0
100
AcDbPolyline
 62
2
420
16776960
  6
BYLAYER
 38
0
 90
2
 70
1
 10
141.146389
 20
106.877545
 10
141.146389
 20
106.390712
  0
HATCH
  5
B2C
100
AcDbEntity
  8
0
100
AcDbHatch
370
-1
 62
2
420
16776960
 10
0
 20
0
 30
0
210
0
220
0
230
1
  2
SOLID
 70
1
 71
0
 91
1
 92
3
 72
0
 73
1
 93
2
 10
141.146389
 20
106.390712
 10
141.146389
 20
106.157879
 97
0
 75
0
 76
1
 98
0
  0
LWPOLYLINE
  5
B2D
100
AcDbEntity
  8
0
100
AcDbPolyline
 62
2
420
16776960
  6
BYLAYER
 38
0
 90
2
 70
1
 10
141.146389
 20
106.390712
 10
141.146389
 20
106.157879
  0
HATCH
  5
B2E
100
AcDbEntity
  8
0
100
AcDbHatch
370
-1
 62
2
420
16776960
 10
0
 20
0
 30
0
210
0
220
0
230
1
  2
SOLID
 70
1
 71
0
 91
1
 92
3
 72
0
 73
1
 93
2
 10
141.146389
 20
106.390712
 10
141.146389
 20
106.157879
 97
0
 75
0
 76
1
 98
0
  0
LWPOLYLINE
  5
B2F
100
AcDbEntity
  8
0
100
AcDbPolyline
 62
2
420
16776960
  6
BYLAYER
 38
0
 90
2
 70
1
 10
141.146389
 20
106.390712
 10
141.146389
 20
106.157879
  0
HATCH
  5
B30
100
AcDbEntity
  8
0
100
AcDbHatch
370
-1
 62
2
420
16776960
 10
0
 20
0
 30
0
210
0
220
0
230
1
  2
SOLID
 70
1
 71
0
 91
1
 92
3
 72
0
 73
1
 93
2
 10
141.146389
 20
106.877545
 10
141.146389
 20
106.644712
 97
0
 75
0
 76
1
 98
0
  0
LWPOLYLINE
  5
B31
100
AcDbEntity
  8
0
100
AcDbPolyline
 62
2
420
16776960
  6
BYLAYER
 38
0
 90
2
 70
1
 10
141.146389
 20
106.877545
 10
141.146389
 20
106.644712
  0
HATCH
  5
B32
100
AcDbEntity
  8
0
100
AcDbHatch
370
-1
 62
2
420
16776960
 10
0
 20
0
 30
0
210
0
220
0
230
1
  2
SOLID
 70
1
 71
0
 91
1
 92
3
 72
0
 73
1
 93
3
 10
141.146389
 20
106.877545
 10
141.146389
 20
106.390712
 10
141.146389
 20
106.644712
 97
0
 75
0
 76
1
 98
0
  0
LWPOLYLINE
  5
B33
100
AcDbEntity
  8
0
100
AcDbPolyline
 62
2
420
16776960
  6
BYLAYER
 38
0
 90
2
 70
1
 10
141.146389
 20
106.877545
 10
141.146389
 20
106.390712
  0
HATCH
  5
B34
100
AcDbEntity
  8
0
100
AcDbHatch
370
-1
 62
2
420
16776960
 10
0
 20
0
 30
0
210
0
220
0
230
1
  2
SOLID
 70
1
 71
0
 91
1
 92
3
 72
0
 73
1
 93
2
 10
140.934722
 20
106.877545
 10
140.934722
 20
107.110379
 97
0
 75
0
 76
1
 98
0
  0
LWPOLYLINE
  5
B35
100
AcDbEntity
  8
0
100
AcDbPolyline
 62
2
420
16776960
  6
BYLAYER
 38
0
 90
2
 70
1
 10
140.934722
 20
106.877545
 10
140.934722
 20
107.110379
  0
HATCH
  5
B36
100
AcDbEntity
  8
0
100
AcDbHatch
370
-1
 62
2
420
16776960
 10
0
 20
0
 30
0
210
0
220
0
230
1
  2
SOLID
 70
1
 71
0
 91
1
 92
3
 72
0
 73
1
 93
2
 10
140.934722
 20
107.597212
 10
140.934722
 20
107.110379
 97
0
 75
0
 76
1
 98
0
  0
LWPOLYLINE
  5
B37
100
AcDbEntity
  8
0
100
AcDbPolyline
 62
2
420
16776960
  6
BYLAYER
 38
0
 90
2
 70
1
 10
140.934722
 20
107.597212
 10
140.934722
 20
107.110379
  0
HATCH
  5
B38
100
AcDbEntity
  8
0
100
AcDbHatch
370
-1
 62
2
420
16776960
 10
0
 20
0
 30
0
210
0
220
0
230
1
  2
SOLID
 70
1
 71
0
 91
1
 92
3
 72
0
 73
1
 93
2
 10
140.934722
 20
107.110379
 10
140.934722
 20
106.877545
 97
0
 75
0
 76
1
 98
0
  0
LWPOLYLINE
  5
B39
100
AcDbEntity
  8
0
100
AcDbPolyline
 62
2
420
16776960
  6
BYLAYER
 38
0
 90
2
 70
1
 10
140.934722
 20
107.110379
 10
140.934722
 20
106.877545
  0
HATCH
  5
B3A
100
AcDbEntity
  8
0
100
AcDbHatch
370
-1
 62
2
420
16776960
 10
0
 20
0
 30
0
210
0
220
0
230
1
  2
SOLID
 70
1
 71
0
 91
1
 92
3
 72
0
 73
1
 93
2
 10
140.934722
 20
107.110379
 10
140.934722
 20
106.877545
 97
0
 75
0
 76
1
 98
0
  0
LWPOLYLINE
  5
B3B
100
AcDbEntity
  8
0
100
AcDbPolyline
 62
2
420
16776960
  6
BYLAYER
 38
0
 90
2
 70
1
 10
140.934722
 20
107.110379
 10
140.934722
 20
106.877545
  0
HATCH
  5
B3C
100
AcDbEntity
  8
0
100
AcDbHatch
370
-1
 62
2
420
16776960
 10
0
 20
0
 30
0
210
0
220
0
230
1
  2
SOLID
 70
1
 71
0
 91
1
 92
3
 72
0
 73
1
 93
2
 10
140.934722
 20
107.597212
 10
140.934722
 20
106.877545
 97
0
 75
0
 76
1
 98
0
  0
LWPOLYLINE
  5
B3D
100
AcDbEntity
  8
0
100
AcDbPolyline
 62
2
420
16776960
  6
BYLAYER
 38
0
 90
2
 70
1
 10
140.934722
 20
107.597212
 10
140.934722
 20
106.877545
  0
HATCH
  5
B3E
100
AcDbEntity
  8
0
100
AcDbHatch
370
-1
 62
2
420
16776960
 10
0
 20
0
 30
0
210
0
220
0
230
1
  2
SOLID
 70
1
 71
0
 91
1
 92
3
 72
0
 73
1
 93
2
 10
140.934722
 20
107.597212
 10
140.934722
 20
106.877545
 97
0
 75
0
 76
1
 98
0
  0
LWPOLYLINE
  5
B3F
100
AcDbEntity
  8
0
100
AcDbPolyline
 62
2
420
16776960
  6
BYLAYER
 38
0
 90
2
 70
1
 10
140.934722
 20
107.597212
 10
140.934722
 20
106.877545
  0
HATCH
  5
B40
100
AcDbEntity
  8
0
100
AcDbHatch
370
-1
 62
2
420
16776960
 10
0
 20
0
 30
0
210
0
220
0
230
1
  2
SOLID
 70
1
 71
0
 91
1
 92
3
 72
0
 73
1
 93
2
 10
140.934722
 20
107.597212
 10
140.934722
 20
106.157879
 97
0
 75
0
 76
1
 98
0
  0
LWPOLYLINE
  5
B41
100
AcDbEntity
  8
0
100
AcDbPolyline
 62
2
420
16776960
  6
BYLAYER
 38
0
 90
2
 70
1
 10
140.934722
 20
107.597212
 10
140.934722
 20
106.157879
  0
HATCH
  5
B42
100
AcDbEntity
  8
0
100
AcDbHatch
370
-1
 62
2
420
16776960
 10
0
 20
0
 30
0
210
0
220
0
230
1
  2
SOLID
 70
1
 71
0
 91
1
 92
3
 72
0
 73
1
 93
2
 10
140.934722
 20
107.597212
 10
140.934722
 20
106.157879
 97
0
 75
0
 76
1
 98
0
  0
LWPOLYLINE
  5
B43
100
AcDbEntity
  8
0
100
AcDbPolyline
 62
2
420
16776960
  6
BYLAYER
 38
0
 90
2
 70
1
 10
140.934722
 20
107.597212
 10
140.934722
 20
106.157879
  0
HATCH
  5
B44
100
AcDbEntity
  8
0
100
AcDbHatch
370
-1
 62
2
420
16776960
 10
0
 20
0
 30
0
210
0
220
0
230
1
  2
SOLID
 70
1
 71
0
 91
1
 92
3
 72
0
 73
1
 93
3
 10
140.934722
 20
107.597212
 10
140.723056
 20
107.597212
 10
140.723056
 20
106.157879
 97
0
 75
0
 76
1
 98
0
  0
LWPOLYLINE
  5
B45
100
AcDbEntity
  8
0
100
AcDbPolyline
 62
2
420
16776960
  6
BYLAYER
 38
0
 90
3
 70
1
 10
140.934722
 20
107.597212
 10
140.723056
 20
107.597212
 10
140.723056
 20
106.157879
  0
HATCH
  5
B46
100
AcDbEntity
  8
0
100
AcDbHatch
370
-1
 62
2
420
16776960
 10
0
 20
0
 30
0
210
0
220
0
230
1
  2
SOLID
 70
1
 71
0
 91
1
 92
3
 72
0
 73
1
 93
3
 10
140.934722
 20
107.597212
 10
140.934722
 20
106.157879
 10
140.723056
 20
106.157879
 97
0
 75
0
 76
1
 98
0
  0
LWPOLYLINE
  5
B47
100
AcDbEntity
  8
0
100
AcDbPolyline
 62
2
420
16776960
  6
BYLAYER
 38
0
 90
3
 70
1
 10
140.934722
 20
107.597212
 10
140.934722
 20
106.157879
 10
140.723056
 20
106.157879
  0
HATCH
  5
B48
100
AcDbEntity
  8
0
100
AcDbHatch
370
-1
 62
2
420
16776960
 10
0
 20
0
 30
0
210
0
220
0
230
1
  2
SOLID
 70
1
 71
0
 91
1
 92
3
 72
0
 73
1
 93
2
 10
140.723056
 20
107.597212
 10
140.723056
 20
107.110379
 97
0
 75
0
 76
1
 98
0
  0
LWPOLYLINE
  5
B49
100
AcDbEntity
  8
0
100
AcDbPolyline
 62
2
420
16776960
  6
BYLAYER
 38
0
 90
2
 70
1
 10
140.723056
 20
107.597212
 10
140.723056
 20
107.110379
  0
HATCH
  5
B4A
100
AcDbEntity
  8
0
100
AcDbHatch
370
-1
 62
2
420
16776960
 10
0
 20
0
 30
0
210
0
220
0
230
1
  2
SOLID
 70
1
 71
0
 91
1
 92
3
 72
0
 73
1
 93
3
 10
140.723056
 20
107.597212
 10
140.723056
 20
106.877545
 10
140.723056
 20
107.110379
 97
0
 75
0
 76
1
 98
0
  0
LWPOLYLINE
  5
B4B
100
AcDbEntity
  8
0
100
AcDbPolyline
 62
2
420
16776960
  6
BYLAYER
 38
0
 90
2
 70
1
 10
140.723056
 20
107.597212
 10
140.723056
 20
106.877545
  0
HATCH
  5
B4C
100
AcDbEntity
  8
0
100
AcDbHatch
370
-1
 62
2
420
16776960
 10
0
 20
0
 30
0
210
0
220
0
230
1
  2
SOLID
 70
1
 71
0
 91
1
 92
3
 72
0
 73
1
 93
2
 10
140.723056
 20
106.877545
 10
140.723056
 20
106.157879
 97
0
 75
0
 76
1
 98
0
  0
LWPOLYLINE
  5
B4D
100
AcDbEntity
  8
0
100
AcDbPolyline
 62
2
420
16776960
  6
BYLAYER
 38
0
 90
2
 70
1
 10
140.723056
 20
106.877545
 10
140.723056
 20
106.157879
  0
HATCH
  5
B4E
100
AcDbEntity
  8
0
100
AcDbHatch
370
-1
 62
2
420
16776960
 10
0
 20
0
 30
0
210
0
220
0
230
1
  2
SOLID
 70
1
 71
0
 91
1
 92
3
 72
0
 73
1
 93
2
 10
140.723056
 20
106.877545
 10
140.723056
 20
106.157879
 97
0
 75
0
 76
1
 98
0
  0
LWPOLYLINE
  5
B4F
100
AcDbEntity
  8
0
100
AcDbPolyline
 62
2
420
16776960
  6
BYLAYER
 38
0
 90
2
 70
1
 10
140.723056
 20
106.877545
 10
140.723056
 20
106.157879
  0
HATCH
  5
B50
100
AcDbEntity
  8
0
100
AcDbHatch
370
-1
 62
2
420
16776960
 10
0
 20
0
 30
0
210
0
220
0
230
1
  2
SOLID
 70
1
 71
0
 91
1
 92
3
 72
0
 73
1
 93
2
 10
140.723056
 20
107.597212
 10
140.723056
 20
107.110379
 97
0
 75
0
 76
1
 98
0
  0
LWPOLYLINE
  5
B51
100
AcDbEntity
  8
0
100
AcDbPolyline
 62
2
420
16776960
  6
BYLAYER
 38
0
 90
2
 70
1
 10
140.723056
 20
107.597212
 10
140.723056
 20
107.110379
  0
HATCH
  5
B52
100
AcDbEntity
  8
0
100
AcDbHatch
370
-1
 62
2
420
16776960
 10
0
 20
0
 30
0
210
0
220
0
230
1
  2
SOLID
 70
1
 71
0
 91
1
 92
3
 72
0
 73
1
 93
2
 10
140.723056
 20
107.597212
 10
140.723056
 20
107.110379
 97
0
 75
0
 76
1
 98
0
  0
LWPOLYLINE
  5
B53
100
AcDbEntity
  8
0
100
AcDbPolyline
 62
2
420
16776960
  6
BYLAYER
 38
0
 90
2
 70
1
 10
140.723056
 20
107.597212
 10
140.723056
 20
107.110379
  0
HATCH
  5
B54
100
AcDbEntity
  8
0
100
AcDbHatch
370
-1
 62
2
420
16776960
 10
0
 20
0
 30
0
210
0
220
0
230
1
  2
SOLID
 70
1
 71
0
 91
1
 92
3
 72
0
 73
1
 93
2
 10
140.723056
 20
106.877545
 10
140.723056
 20
106.157879
 97
0
 75
0
 76
1
 98
0
  0
LWPOLYLINE
  5
B55
100
AcDbEntity
  8
0
100
AcDbPolyline
 62
2
420
16776960
  6
BYLAYER
 38
0
 90
2
 70
1
 10
140.723056
 20
106.877545
 10
140.723056
 20
106.157879
  0
HATCH
  5
B56
100
AcDbEntity
  8
0
100
AcDbHatch
370
-1
 62
2
420
16776960
 10
0
 20
0
 30
0
210
0
220
0
230
1
  2
SOLID
 70
1
 71
0
 91
1
 92
3
 72
0
 73
1
 93
2
 10
140.723056
 20
106.877545
 10
140.723056
 20
106.157879
 97
0
 75
0
 76
1
 98
0
  0
LWPOLYLINE
  5
B57
100
AcDbEntity
  8
0
100
AcDbPolyline
 62
2
420
16776960
  6
BYLAYER
 38
0
 90
2
 70
1
 10
140.723056
 20
106.877545
 10
140.723056
 20
106.157879
  0
HATCH
  5
B58
100
AcDbEntity
  8
0
100
AcDbHatch
370
-1
 62
2
420
16776960
 10
0
 20
0
 30
0
210
0
220
0
230
1
  2
SOLID
 70
1
 71
0
 91
1
 92
3
 72
0
 73
1
 93
2
 10
140.723056
 20
107.597212
 10
140.723056
 20
107.110379
 97
0
 75
0
 76
1
 98
0
  0
LWPOLYLINE
  5
B59
100
AcDbEntity
  8
0
100
AcDbPolyline
 62
2
420
16776960
  6
BYLAYER
 38
0
 90
2
 70
1
 10
140.723056
 20
107.597212
 10
140.723056
 20
107.110379
  0
HATCH
  5
B5A
100
AcDbEntity
  8
0
100
AcDbHatch
370
-1
 62
2
420
16776960
 10
0
 20
0
 30
0
210
0
220
0
230
1
  2
SOLID
 70
1
 71
0
 91
1
 92
3
 72
0
 73
1
 93
2
 10
140.723056
 20
107.597212
 10
140.723056
 20
107.110379
 97
0
 75
0
 76
1
 98
0
  0
LWPOLYLINE
  5
B5B
100
AcDbEntity
  8
0
100
AcDbPolyline
 62
2
420
16776960
  6
BYLAYER
 38
0
 90
2
 70
1
 10
140.723056
 20
107.597212
 10
140.723056
 20
107.110379
  0
HATCH
  5
B5C
100
AcDbEntity
  8
0
100
AcDbHatch
370
-1
 62
2
420
16776960
 10
0
 20
0
 30
0
210
0
220
0
230
1
  2
SOLID
 70
1
 71
0
 91
1
 92
3
 72
0
 73
1
 93
2
 10
140.723056
 20
106.877545
 10
140.723056
 20
106.157879
 97
0
 75
0
 76
1
 98
0
  0
LWPOLYLINE
  5
B5D
100
AcDbEntity
  8
0
100
AcDbPolyline
 62
2
420
16776960
  6
BYLAYER
 38
0
 90
2
 70
1
 10
140.723056
 20
106.877545
 10
140.723056
 20
106.157879
  0
HATCH
  5
B5E
100
AcDbEntity
  8
0
100
AcDbHatch
370
-1
 62
2
420
16776960
 10
0
 20
0
 30
0
210
0
220
0
230
1
  2
SOLID
 70
1
 71
0
 91
1
 92
3
 72
0
 73
1
 93
2
 10
140.723056
 20
106.877545
 10
140.723056
 20
106.157879
 97
0
 75
0
 76
1
 98
0
  0
LWPOLYLINE
  5
B5F
100
AcDbEntity
  8
0
100
AcDbPolyline
 62
2
420
16776960
  6
BYLAYER
 38
0
 90
2
 70
1
 10
140.723056
 20
106.877545
 10
140.723056
 20
106.157879
  0
HATCH
  5
B60
100
AcDbEntity
  8
0
100
AcDbHatch
370
-1
 62
2
420
16776960
 10
0
 20
0
 30
0
210
0
220
0
230
1
  2
SOLID
 70
1
 71
0
 91
1
 92
3
 72
0
 73
1
 93
2
 10
140.723056
 20
107.597212
 10
140.723056
 20
107.110379
 97
0
 75
0
 76
1
 98
0
  0
LWPOLYLINE
  5
B61
100
AcDbEntity
  8
0
100
AcDbPolyline
 62
2
420
16776960
  6
BYLAYER
 38
0
 90
2
 70
1
 10
140.723056
 20
107.597212
 10
140.723056
 20
107.110379
  0
HATCH
  5
B62
100
AcDbEntity
  8
0
100
AcDbHatch
370
-1
 62
2
420
16776960
 10
0
 20
0
 30
0
210
0
220
0
230
1
  2
SOLID
 70
1
 71
0
 91
1
 92
3
 72
0
 73
1
 93
2
 10
140.723056
 20
107.597212
 10
140.723056
 20
107.110379
 97
0
 75
0
 76
1
 98
0
  0
LWPOLYLINE
  5
B63
100
AcDbEntity
  8
0
100
AcDbPolyline
 62
2
420
16776960
  6
BYLAYER
 38
0
 90
2
 70
1
 10
140.723056
 20
107.597212
 10
140.723056
 20
107.110379
  0
HATCH
  5
B64
100
AcDbEntity
  8
0
100
AcDbHatch
370
-1
 62
2
420
16776960
 10
0
 20
0
 30
0
210
0
220
0
230
1
  2
SOLID
 70
1
 71
0
 91
1
 92
3
 72
0
 73
1
 93
2
 10
140.723056
 20
106.877545
 10
140.723056
 20
106.157879
 97
0
 75
0
 76
1
 98
0
  0
LWPOLYLINE
  5
B65
100
AcDbEntity
  8
0
100
AcDbPolyline
 62
2
420
16776960
  6
BYLAYER
 38
0
 90
2
 70
1
 10
140.723056
 20
106.877545
 10
140.723056
 20
106.157879
  0
HATCH
  5
B66
100
AcDbEntity
  8
0
100
AcDbHatch
370
-1
 62
2
420
16776960
 10
0
 20
0
 30
0
210
0
220
0
230
1
  2
SOLID
 70
1
 71
0
 91
1
 92
3
 72
0
 73
1
 93
2
 10
140.723056
 20
106.877545
 10
140.723056
 20
106.157879
 97
0
 75
0
 76
1
 98
0
  0
LWPOLYLINE
  5
B67
100
AcDbEntity
  8
0
100
AcDbPolyline
 62
2
420
16776960
  6
BYLAYER
 38
0
 90
2
 70
1
 10
140.723056
 20
106.877545
 10
140.723056
 20
106.157879
  0
HATCH
  5
B68
100
AcDbEntity
  8
0
100
AcDbHatch
370
-1
 62
2
420
16776960
 10
0
 20
0
 30
0
210
0
220
0
230
1
  2
SOLID
 70
1
 71
0
 91
1
 92
3
 72
0
 73
1
 93
2
 10
140.723056
 20
107.597212
 10
140.723056
 20
107.110379
 97
0
 75
0
 76
1
 98
0
  0
LWPOLYLINE
  5
B69
100
AcDbEntity
  8
0
100
AcDbPolyline
 62
2
420
16776960
  6
BYLAYER
 38
0
 90
2
 70
1
 10
140.723056
 20
107.597212
 10
140.723056
 20
107.110379
  0
HATCH
  5
B6A
100
AcDbEntity
  8
0
100
AcDbHatch
370
-1
 62
2
420
16776960
 10
0
 20
0
 30
0
210
0
220
0
230
1
  2
SOLID
 70
1
 71
0
 91
1
 92
3
 72
0
 73
1
 93
2
 10
140.723056
 20
107.597212
 10
140.723056
 20
107.110379
 97
0
 75
0
 76
1
 98
0
  0
LWPOLYLINE
  5
B6B
100
AcDbEntity
  8
0
100
AcDbPolyline
 62
2
420
16776960
  6
BYLAYER
 38
0
 90
2
 70
1
 10
140.723056
 20
107.597212
 10
140.723056
 20
107.110379
  0
HATCH
  5
B6C
100
AcDbEntity
  8
0
100
AcDbHatch
370
-1
 62
2
420
16776960
 10
0
 20
0
 30
0
210
0
220
0
230
1
  2
SOLID
 70
1
 71
0
 91
1
 92
3
 72
0
 73
1
 93
2
 10
140.723056
 20
106.877545
 10
140.723056
 20
106.157879
 97
0
 75
0
 76
1
 98
0
  0
LWPOLYLINE
  5
B6D
100
AcDbEntity
  8
0
100
AcDbPolyline
 62
2
420
16776960
  6
BYLAYER
 38
0
 90
2
 70
1
 10
140.723056
 20
106.877545
 10
140.723056
 20
106.157879
  0
HATCH
  5
B6E
100
AcDbEntity
  8
0
100
AcDbHatch
370
-1
 62
2
420
16776960
 10
0
 20
0
 30
0
210
0
220
0
230
1
  2
SOLID
 70
1
 71
0
 91
1
 92
3
 72
0
 73
1
 93
2
 10
140.723056
 20
106.877545
 10
140.723056
 20
106.157879
 97
0
 75
0
 76
1
 98
0
  0
LWPOLYLINE
  5
B6F
100
AcDbEntity
  8
0
100
AcDbPolyline
 62
2
420
16776960
  6
BYLAYER
 38
0
 90
2
 70
1
 10
140.723056
 20
106.877545
 10
140.723056
 20
106.157879
  0
HATCH
  5
B70
100
AcDbEntity
  8
0
100
AcDbHatch
370
-1
 62
2
420
16776960
 10
0
 20
0
 30
0
210
0
220
0
230
1
  2
SOLID
 70
1
 71
0
 91
1
 92
3
 72
0
 73
1
 93
2
 10
140.723056
 20
107.597212
 10
140.723056
 20
107.110379
 97
0
 75
0
 76
1
 98
0
  0
LWPOLYLINE
  5
B71
100
AcDbEntity
  8
0
100
AcDbPolyline
 62
2
420
16776960
  6
BYLAYER
 38
0
 90
2
 70
1
 10
140.723056
 20
107.597212
 10
140.723056
 20
107.110379
  0
HATCH
  5
B72
100
AcDbEntity
  8
0
100
AcDbHatch
370
-1
 62
2
420
16776960
 10
0
 20
0
 30
0
210
0
220
0
230
1
  2
SOLID
 70
1
 71
0
 91
1
 92
3
 72
0
 73
1
 93
2
 10
140.723056
 20
107.597212
 10
140.723056
 20
107.110379
 97
0
 75
0
 76
1
 98
0
  0
LWPOLYLINE
  5
B73
100
AcDbEntity
  8
0
100
AcDbPolyline
 62
2
420
16776960
  6
BYLAYER
 38
0
 90
2
 70
1
 10
140.723056
 20
107.597212
 10
140.723056
 20
107.110379
  0
HATCH
  5
B74
100
AcDbEntity
  8
0
100
AcDbHatch
370
-1
 62
2
420
16776960
 10
0
 20
0
 30
0
210
0
220
0
230
1
  2
SOLID
 70
1
 71
0
 91
1
 92
3
 72
0
 73
1
 93
2
 10
140.723056
 20
106.877545
 10
140.723056
 20
106.157879
 97
0
 75
0
 76
1
 98
0
  0
LWPOLYLINE
  5
B75
100
AcDbEntity
  8
0
100
AcDbPolyline
 62
2
420
16776960
  6
BYLAYER
 38
0
 90
2
 70
1
 10
140.723056
 20
106.877545
 10
140.723056
 20
106.157879
  0
HATCH
  5
B76
100
AcDbEntity
  8
0
100
AcDbHatch
370
-1
 62
2
420
16776960
 10
0
 20
0
 30
0
210
0
220
0
230
1
  2
SOLID
 70
1
 71
0
 91
1
 92
3
 72
0
 73
1
 93
2
 10
140.723056
 20
106.877545
 10
140.723056
 20
106.157879
 97
0
 75
0
 76
1
 98
0
  0
LWPOLYLINE
  5
B77
100
AcDbEntity
  8
0
100
AcDbPolyline
 62
2
420
16776960
  6
BYLAYER
 38
0
 90
2
 70
1
 10
140.723056
 20
106.877545
 10
140.723056
 20
106.157879
  0
HATCH
  5
B78
100
AcDbEntity
  8
0
100
AcDbHatch
370
-1
 62
2
420
16776960
 10
0
 20
0
 30
0
210
0
220
0
230
1
  2
SOLID
 70
1
 71
0
 91
1
 92
3
 72
0
 73
1
 93
2
 10
140.723056
 20
107.597212
 10
140.723056
 20
107.110379
 97
0
 75
0
 76
1
 98
0
  0
LWPOLYLINE
  5
B79
100
AcDbEntity
  8
0
100
AcDbPolyline
 62
2
420
16776960
  6
BYLAYER
 38
0
 90
2
 70
1
 10
140.723056
 20
107.597212
 10
140.723056
 20
107.110379
  0
HATCH
  5
B7A
100
AcDbEntity
  8
0
100
AcDbHatch
370
-1
 62
2
420
16776960
 10
0
 20
0
 30
0
210
0
220
0
230
1
  2
SOLID
 70
1
 71
0
 91
1
 92
3
 72
0
 73
1
 93
2
 10
140.723056
 20
107.597212
 10
140.723056
 20
107.110379
 97
0
 75
0
 76
1
 98
0
  0
LWPOLYLINE
  5
B7B
100
AcDbEntity
  8
0
100
AcDbPolyline
 62
2
420
16776960
  6
BYLAYER
 38
0
 90
2
 70
1
 10
140.723056
 20
107.597212
 10
140.723056
 20
107.110379
  0
HATCH
  5
B7C
100
AcDbEntity
  8
0
100
AcDbHatch
370
-1
 62
2
420
16776960
 10
0
 20
0
 30
0
210
0
220
0
230
1
  2
SOLID
 70
1
 71
0
 91
1
 92
3
 72
0
 73
1
 93
2
 10
140.723056
 20
106.877545
 10
140.723056
 20
106.157879
 97
0
 75
0
 76
1
 98
0
  0
LWPOLYLINE
  5
B7D
100
AcDbEntity
  8
0
100
AcDbPolyline
 62
2
420
16776960
  6
BYLAYER
 38
0
 90
2
 70
1
 10
140.723056
 20
106.877545
 10
140.723056
 20
106.157879
  0
HATCH
  5
B7E
100
AcDbEntity
  8
0
100
AcDbHatch
370
-1
 62
2
420
16776960
 10
0
 20
0
 30
0
210
0
220
0
230
1
  2
SOLID
 70
1
 71
0
 91
1
 92
3
 72
0
 73
1
 93
2
 10
140.723056
 20
106.877545
 10
140.723056
 20
106.157879
 97
0
 75
0
 76
1
 98
0
  0
LWPOLYLINE
  5
B7F
100
AcDbEntity
  8
0
100
AcDbPolyline
 62
2
420
16776960
  6
BYLAYER
 38
0
 90
2
 70
1
 10
140.723056
 20
106.877545
 10
140.723056
 20
106.157879
  0
HATCH
  5
B80
100
AcDbEntity
  8
0
100
AcDbHatch
370
-1
 62
2
420
16776960
 10
0
 20
0
 30
0
210
0
220
0
230
1
  2
SOLID
 70
1
 71
0
 91
1
 92
3
 72
0
 73
1
 93
2
 10
140.723056
 20
107.597212
 10
140.723056
 20
107.110379
 97
0
 75
0
 76
1
 98
0
  0
LWPOLYLINE
  5
B81
100
AcDbEntity
  8
0
100
AcDbPolyline
 62
2
420
16776960
  6
BYLAYER
 38
0
 90
2
 70
1
 10
140.723056
 20
107.597212
 10
140.723056
 20
107.110379
  0
HATCH
  5
B82
100
AcDbEntity
  8
0
100
AcDbHatch
370
-1
 62
2
420
16776960
 10
0
 20
0
 30
0
210
0
220
0
230
1
  2
SOLID
 70
1
 71
0
 91
1
 92
3
 72
0
 73
1
 93
2
 10
140.723056
 20
107.597212
 10
140.723056
 20
107.110379
 97
0
 75
0
 76
1
 98
0
  0
LWPOLYLINE
  5
B83
100
AcDbEntity
  8
0
100
AcDbPolyline
 62
2
420
16776960
  6
BYLAYER
 38
0
 90
2
 70
1
 10
140.723056
 20
107.597212
 10
140.723056
 20
107.110379
  0
HATCH
  5
B84
100
AcDbEntity
  8
0
100
AcDbHatch
370
-1
 62
2
420
16776960
 10
0
 20
0
 30
0
210
0
220
0
230
1
  2
SOLID
 70
1
 71
0
 91
1
 92
3
 72
0
 73
1
 93
2
 10
140.723056
 20
106.877545
 10
140.723056
 20
106.157879
 97
0
 75
0
 76
1
 98
0
  0
LWPOLYLINE
  5
B85
100
AcDbEntity
  8
0
100
AcDbPolyline
 62
2
420
16776960
  6
BYLAYER
 38
0
 90
2
 70
1
 10
140.723056
 20
106.877545
 10
140.723056
 20
106.157879
  0
HATCH
  5
B86
100
AcDbEntity
  8
0
100
AcDbHatch
370
-1
 62
2
420
16776960
 10
0
 20
0
 30
0
210
0
220
0
230
1
  2
SOLID
 70
1
 71
0
 91
1
 92
3
 72
0
 73
1
 93
2
 10
140.723056
 20
106.877545
 10
140.723056
 20
106.157879
 97
0
 75
0
 76
1
 98
0
  0
LWPOLYLINE
  5
B87
100
AcDbEntity
  8
0
100
AcDbPolyline
 62
2
420
16776960
  6
BYLAYER
 38
0
 90
2
 70
1
 10
140.723056
 20
106.877545
 10
140.723056
 20
106.157879
  0
HATCH
  5
B88
100
AcDbEntity
  8
0
100
AcDbHatch
370
-1
 62
2
420
16776960
 10
0
 20
0
 30
0
210
0
220
0
230
1
  2
SOLID
 70
1
 71
0
 91
1
 92
3
 72
0
 73
1
 93
2
 10
140.723056
 20
107.597212
 10
140.723056
 20
107.110379
 97
0
 75
0
 76
1
 98
0
  0
LWPOLYLINE
  5
B89
100
AcDbEntity
  8
0
100
AcDbPolyline
 62
2
420
16776960
  6
BYLAYER
 38
0
 90
2
 70
1
 10
140.723056
 20
107.597212
 10
140.723056
 20
107.110379
  0
HATCH
  5
B8A
100
AcDbEntity
  8
0
100
AcDbHatch
370
-1
 62
2
420
16776960
 10
0
 20
0
 30
0
210
0
220
0
230
1
  2
SOLID
 70
1
 71
0
 91
1
 92
3
 72
0
 73
1
 93
2
 10
140.723056
 20
107.597212
 10
140.723056
 20
107.110379
 97
0
 75
0
 76
1
 98
0
  0
LWPOLYLINE
  5
B8B
100
AcDbEntity
  8
0
100
AcDbPolyline
 62
2
420
16776960
  6
BYLAYER
 38
0
 90
2
 70
1
 10
140.723056
 20
107.597212
 10
140.723056
 20
107.110379
  0
HATCH
  5
B8C
100
AcDbEntity
  8
0
100
AcDbHatch
370
-1
 62
2
420
16776960
 10
0
 20
0
 30
0
210
0
220
0
230
1
  2
SOLID
 70
1
 71
0
 91
1
 92
3
 72
0
 73
1
 93
2
 10
140.723056
 20
106.877545
 10
140.723056
 20
106.157879
 97
0
 75
0
 76
1
 98
0
  0
LWPOLYLINE
  5
B8D
100
AcDbEntity
  8
0
100
AcDbPolyline
 62
2
420
16776960
  6
BYLAYER
 38
0
 90
2
 70
1
 10
140.723056
 20
106.877545
 10
140.723056
 20
106.157879
  0
HATCH
  5
B8E
100
AcDbEntity
  8
0
100
AcDbHatch
370
-1
 62
2
420
16776960
 10
0
 20
0
 30
0
210
0
220
0
230
1
  2
SOLID
 70
1
 71
0
 91
1
 92
3
 72
0
 73
1
 93
2
 10
140.723056
 20
106.877545
 10
140.723056
 20
106.157879
 97
0
 75
0
 76
1
 98
0
  0
LWPOLYLINE
  5
B8F
100
AcDbEntity
  8
0
100
AcDbPolyline
 62
2
420
16776960
  6
BYLAYER
 38
0
 90
2
 70
1
 10
140.723056
 20
106.877545
 10
140.723056
 20
106.157879
  0
HATCH
  5
B90
100
AcDbEntity
  8
0
100
AcDbHatch
370
-1
 62
2
420
16776960
 10
0
 20
0
 30
0
210
0
220
0
230
1
  2
SOLID
 70
1
 71
0
 91
1
 92
3
 72
0
 73
1
 93
3
 10
140.723056
 20
107.597212
 10
140.511389
 20
107.597212
 10
140.511389
 20
106.877545
 97
0
 75
0
 76
1
 98
0
  0
LWPOLYLINE
  5
B91
100
AcDbEntity
  8
0
100
AcDbPolyline
 62
2
420
16776960
  6
BYLAYER
 38
0
 90
3
 70
1
 10
140.723056
 20
107.597212
 10
140.511389
 20
107.597212
 10
140.511389
 20
106.877545
  0
HATCH
  5
B92
100
AcDbEntity
  8
0
100
AcDbHatch
370
-1
 62
2
420
16776960
 10
0
 20
0
 30
0
210
0
220
0
230
1
  2
SOLID
 70
1
 71
0
 91
1
 92
3
 72
0
 73
1
 93
3
 10
140.723056
 20
107.597212
 10
140.723056
 20
107.110379
 10
140.511389
 20
106.877545
 97
0
 75
0
 76
1
 98
0
  0
LWPOLYLINE
  5
B93
100
AcDbEntity
  8
0
100
AcDbPolyline
 62
2
420
16776960
  6
BYLAYER
 38
0
 90
3
 70
1
 10
140.723056
 20
107.597212
 10
140.723056
 20
107.110379
 10
140.511389
 20
106.877545
  0
HATCH
  5
B94
100
AcDbEntity
  8
0
100
AcDbHatch
370
-1
 62
2
420
16776960
 10
0
 20
0
 30
0
210
0
220
0
230
1
  2
SOLID
 70
1
 71
0
 91
1
 92
3
 72
0
 73
1
 93
3
 10
140.723056
 20
106.877545
 10
140.511389
 20
106.877545
 10
140.511389
 20
106.157879
 97
0
 75
0
 76
1
 98
0
  0
LWPOLYLINE
  5
B95
100
AcDbEntity
  8
0
100
AcDbPolyline
 62
2
420
16776960
  6
BYLAYER
 38
0
 90
3
 70
1
 10
140.723056
 20
106.877545
 10
140.511389
 20
106.877545
 10
140.511389
 20
106.157879
  0
HATCH
  5
B96
100
AcDbEntity
  8
0
100
AcDbHatch
370
-1
 62
2
420
16776960
 10
0
 20
0
 30
0
210
0
220
0
230
1
  2
SOLID
 70
1
 71
0
 91
1
 92
3
 72
0
 73
1
 93
3
 10
140.723056
 20
106.877545
 10
140.723056
 20
106.157879
 10
140.511389
 20
106.157879
 97
0
 75
0
 76
1
 98
0
  0
LWPOLYLINE
  5
B97
100
AcDbEntity
  8
0
100
AcDbPolyline
 62
2
420
16776960
  6
BYLAYER
 38
0
 90
3
 70
1
 10
140.723056
 20
106.877545
 10
140.723056
 20
106.157879
 10
140.511389
 20
106.157879
  0
HATCH
  5
B98
100
AcDbEntity
  8
0
100
AcDbHatch
370
-1
 62
2
420
16776960
 10
0
 20
0
 30
0
210
0
220
0
230
1
  2
SOLID
 70
1
 71
0
 91
1
 92
3
 72
0
 73
1
 93
2
 10
140.723056
 20
106.157879
 10
140.511389
 20
106.157879
 97
0
 75
0
 76
1
 98
0
  0
LWPOLYLINE
  5
B99
100
AcDbEntity
  8
0
100
AcDbPolyline
 62
2
420
16776960
  6
BYLAYER
 38
0
 90
2
 70
1
 10
140.723056
 20
106.157879
 10
140.511389
 20
106.157879
  0
HATCH
  5
B9A
100
AcDbEntity
  8
0
100
AcDbHatch
370
-1
 62
2
420
16776960
 10
0
 20
0
 30
0
210
0
220
0
230
1
  2
SOLID
 70
1
 71
0
 91
1
 92
3
 72
0
 73
1
 93
2
 10
140.723056
 20
106.157879
 10
140.511389
 20
106.157879
 97
0
 75
0
 76
1
 98
0
  0
LWPOLYLINE
  5
B9B
100
AcDbEntity
  8
0
100
AcDbPolyline
 62
2
420
16776960
  6
BYLAYER
 38
0
 90
2
 70
1
 10
140.723056
 20
106.157879
 10
140.511389
 20
106.157879
  0
HATCH
  5
B9C
100
AcDbEntity
  8
0
100
AcDbHatch
370
-1
 62
2
420
16776960
 10
0
 20
0
 30
0
210
0
220
0
230
1
  2
SOLID
 70
1
 71
0
 91
1
 92
3
 72
0
 73
1
 93
2
 10
140.511389
 20
107.597212
 10
140.511389
 20
106.157879
 97
0
 75
0
 76
1
 98
0
  0
LWPOLYLINE
  5
B9D
100
AcDbEntity
  8
0
100
AcDbPolyline
 62
2
420
16776960
  6
BYLAYER
 38
0
 90
2
 70
1
 10
140.511389
 20
107.597212
 10
140.511389
 20
106.157879
  0
HATCH
  5
B9E
100
AcDbEntity
  8
0
100
AcDbHatch
370
-1
 62
2
420
16776960
 10
0
 20
0
 30
0
210
0
220
0
230
1
  2
SOLID
 70
1
 71
0
 91
1
 92
3
 72
0
 73
1
 93
2
 10
140.511389
 20
107.597212
 10
140.511389
 20
106.157879
 97
0
 75
0
 76
1
 98
0
  0
LWPOLYLINE
  5
B9F
100
AcDbEntity
  8
0
100
AcDbPolyline
 62
2
420
16776960
  6
BYLAYER
 38
0
 90
2
 70
1
 10
140.511389
 20
107.597212
 10
140.511389
 20
106.157879
  0
HATCH
  5
BA0
100
AcDbEntity
  8
0
100
AcDbHatch
370
-1
 62
2
420
16776960
 10
0
 20
0
 30
0
210
0
220
0
230
1
  2
SOLID
 70
1
 71
0
 91
1
 92
3
 72
0
 73
1
 93
2
 10
140.511389
 20
107.597212
 10
140.511389
 20
106.157879
 97
0
 75
0
 76
1
 98
0
  0
LWPOLYLINE
  5
BA1
100
AcDbEntity
  8
0
100
AcDbPolyline
 62
2
420
16776960
  6
BYLAYER
 38
0
 90
2
 70
1
 10
140.511389
 20
107.597212
 10
140.511389
 20
106.157879
  0
HATCH
  5
BA2
100
AcDbEntity
  8
0
100
AcDbHatch
370
-1
 62
2
420
16776960
 10
0
 20
0
 30
0
210
0
220
0
230
1
  2
SOLID
 70
1
 71
0
 91
1
 92
3
 72
0
 73
1
 93
2
 10
140.511389
 20
107.597212
 10
140.511389
 20
106.157879
 97
0
 75
0
 76
1
 98
0
  0
LWPOLYLINE
  5
BA3
100
AcDbEntity
  8
0
100
AcDbPolyline
 62
2
420
16776960
  6
BYLAYER
 38
0
 90
2
 70
1
 10
140.511389
 20
107.597212
 10
140.511389
 20
106.157879
  0
HATCH
  5
BA4
100
AcDbEntity
  8
0
100
AcDbHatch
370
-1
 62
2
420
16776960
 10
0
 20
0
 30
0
210
0
220
0
230
1
  2
SOLID
 70
1
 71
0
 91
1
 92
3
 72
0
 73
1
 93
2
 10
140.511389
 20
107.597212
 10
140.511389
 20
106.157879
 97
0
 75
0
 76
1
 98
0
  0
LWPOLYLINE
  5
BA5
100
AcDbEntity
  8
0
100
AcDbPolyline
 62
2
420
16776960
  6
BYLAYER
 38
0
 90
2
 70
1
 10
140.511389
 20
107.597212
 10
140.511389
 20
106.157879
  0
HATCH
  5
BA6
100
AcDbEntity
  8
0
100
AcDbHatch
370
-1
 62
2
420
16776960
 10
0
 20
0
 30
0
210
0
220
0
230
1
  2
SOLID
 70
1
 71
0
 91
1
 92
3
 72
0
 73
1
 93
2
 10
140.511389
 20
107.597212
 10
140.511389
 20
106.157879
 97
0
 75
0
 76
1
 98
0
  0
LWPOLYLINE
  5
BA7
100
AcDbEntity
  8
0
100
AcDbPolyline
 62
2
420
16776960
  6
BYLAYER
 38
0
 90
2
 70
1
 10
140.511389
 20
107.597212
 10
140.511389
 20
106.157879
  0
HATCH
  5
BA8
100
AcDbEntity
  8
0
100
AcDbHatch
370
-1
 62
2
420
16776960
 10
0
 20
0
 30
0
210
0
220
0
230
1
  2
SOLID
 70
1
 71
0
 91
1
 92
3
 72
0
 73
1
 93
2
 10
140.511389
 20
107.110379
 10
140.511389
 20
106.157879
 97
0
 75
0
 76
1
 98
0
  0
LWPOLYLINE
  5
BA9
100
AcDbEntity
  8
0
100
AcDbPolyline
 62
2
420
16776960
  6
BYLAYER
 38
0
 90
2
 70
1
 10
140.511389
 20
107.110379
 10
140.511389
 20
106.157879
  0
HATCH
  5
BAA
100
AcDbEntity
  8
0
100
AcDbHatch
370
-1
 62
2
420
16776960
 10
0
 20
0
 30
0
210
0
220
0
230
1
  2
SOLID
 70
1
 71
0
 91
1
 92
3
 72
0
 73
1
 93
2
 10
140.511389
 20
107.110379
 10
140.511389
 20
106.157879
 97
0
 75
0
 76
1
 98
0
  0
LWPOLYLINE
  5
BAB
100
AcDbEntity
  8
0
100
AcDbPolyline
 62
2
420
16776960
  6
BYLAYER
 38
0
 90
2
 70
1
 10
140.511389
 20
107.110379
 10
140.511389
 20
106.157879
  0
HATCH
  5
BAC
100
AcDbEntity
  8
0
100
AcDbHatch
370
-1
 62
2
420
16776960
 10
0
 20
0
 30
0
210
0
220
0
230
1
  2
SOLID
 70
1
 71
0
 91
1
 92
3
 72
0
 73
1
 93
2
 10
140.511389
 20
107.110379
 10
140.511389
 20
106.877545
 97
0
 75
0
 76
1
 98
0
  0
LWPOLYLINE
  5
BAD
100
AcDbEntity
  8
0
100
AcDbPolyline
 62
2
420
16776960
  6
BYLAYER
 38
0
 90
2
 70
1
 10
140.511389
 20
107.110379
 10
140.511389
 20
106.877545
  0
HATCH
  5
BAE
100
AcDbEntity
  8
0
100
AcDbHatch
370
-1
 62
2
420
16776960
 10
0
 20
0
 30
0
210
0
220
0
230
1
  2
SOLID
 70
1
 71
0
 91
1
 92
3
 72
0
 73
1
 93
2
 10
140.511389
 20
107.110379
 10
140.511389
 20
106.877545
 97
0
 75
0
 76
1
 98
0
  0
LWPOLYLINE
  5
BAF
100
AcDbEntity
  8
0
100
AcDbPolyline
 62
2
420
16776960
  6
BYLAYER
 38
0
 90
2
 70
1
 10
140.511389
 20
107.110379
 10
140.511389
 20
106.877545
  0
HATCH
  5
BB0
100
AcDbEntity
  8
0
100
AcDbHatch
370
-1
 62
2
420
16776960
 10
0
 20
0
 30
0
210
0
220
0
230
1
  2
SOLID
 70
1
 71
0
 91
1
 92
3
 72
0
 73
1
 93
2
 10
140.511389
 20
106.877545
 10
140.511389
 20
106.157879
 97
0
 75
0
 76
1
 98
0
  0
LWPOLYLINE
  5
BB1
100
AcDbEntity
  8
0
100
AcDbPolyline
 62
2
420
16776960
  6
BYLAYER
 38
0
 90
2
 70
1
 10
140.511389
 20
106.877545
 10
140.511389
 20
106.157879
  0
HATCH
  5
BB2
100
AcDbEntity
  8
0
100
AcDbHatch
370
-1
 62
2
420
16776960
 10
0
 20
0
 30
0
210
0
220
0
230
1
  2
SOLID
 70
1
 71
0
 91
1
 92
3
 72
0
 73
1
 93
2
 10
140.511389
 20
106.877545
 10
140.511389
 20
106.157879
 97
0
 75
0
 76
1
 98
0
  0
LWPOLYLINE
  5
BB3
100
AcDbEntity
  8
0
100
AcDbPolyline
 62
2
420
16776960
  6
BYLAYER
 38
0
 90
2
 70
1
 10
140.511389
 20
106.877545
 10
140.511389
 20
106.157879
  0
HATCH
  5
BB4
100
AcDbEntity
  8
0
100
AcDbHatch
370
-1
 62
2
420
16776960
 10
0
 20
0
 30
0
210
0
220
0
230
1
  2
SOLID
 70
1
 71
0
 91
1
 92
3
 72
0
 73
1
 93
2
 10
140.511389
 20
107.110379
 10
140.511389
 20
106.877545
 97
0
 75
0
 76
1
 98
0
  0
LWPOLYLINE
  5
BB5
100
AcDbEntity
  8
0
100
AcDbPolyline
 62
2
420
16776960
  6
BYLAYER
 38
0
 90
2
 70
1
 10
140.511389
 20
107.110379
 10
140.511389
 20
106.877545
  0
HATCH
  5
BB6
100
AcDbEntity
  8
0
100
AcDbHatch
370
-1
 62
2
420
16776960
 10
0
 20
0
 30
0
210
0
220
0
230
1
  2
SOLID
 70
1
 71
0
 91
1
 92
3
 72
0
 73
1
 93
2
 10
140.511389
 20
107.110379
 10
140.511389
 20
106.877545
 97
0
 75
0
 76
1
 98
0
  0
LWPOLYLINE
  5
BB7
100
AcDbEntity
  8
0
100
AcDbPolyline
 62
2
420
16776960
  6
BYLAYER
 38
0
 90
2
 70
1
 10
140.511389
 20
107.110379
 10
140.511389
 20
106.877545
  0
HATCH
  5
BB8
100
AcDbEntity
  8
0
100
AcDbHatch
370
-1
 62
2
420
16776960
 10
0
 20
0
 30
0
210
0
220
0
230
1
  2
SOLID
 70
1
 71
0
 91
1
 92
3
 72
0
 73
1
 93
3
 10
140.299722
 20
106.644712
 10
140.299722
 20
106.877545
 10
140.299722
 20
106.390712
 97
0
 75
0
 76
1
 98
0
  0
LWPOLYLINE
  5
BB9
100
AcDbEntity
  8
0
100
AcDbPolyline
 62
2
420
16776960
  6
BYLAYER
 38
0
 90
2
 70
1
 10
140.299722
 20
106.644712
 10
140.299722
 20
106.390712
  0
HATCH
  5
BBA
100
AcDbEntity
  8
0
100
AcDbHatch
370
-1
 62
2
420
16776960
 10
0
 20
0
 30
0
210
0
220
0
230
1
  2
SOLID
 70
1
 71
0
 91
1
 92
3
 72
0
 73
1
 93
2
 10
140.299722
 20
106.644712
 10
140.299722
 20
106.390712
 97
0
 75
0
 76
1
 98
0
  0
LWPOLYLINE
  5
BBB
100
AcDbEntity
  8
0
100
AcDbPolyline
 62
2
420
16776960
  6
BYLAYER
 38
0
 90
2
 70
1
 10
140.299722
 20
106.644712
 10
140.299722
 20
106.390712
  0
HATCH
  5
BBC
100
AcDbEntity
  8
0
100
AcDbHatch
370
-1
 62
2
420
16776960
 10
0
 20
0
 30
0
210
0
220
0
230
1
  2
SOLID
 70
1
 71
0
 91
1
 92
3
 72
0
 73
1
 93
2
 10
140.299722
 20
107.597212
 10
140.299722
 20
106.877545
 97
0
 75
0
 76
1
 98
0
  0
LWPOLYLINE
  5
BBD
100
AcDbEntity
  8
0
100
AcDbPolyline
 62
2
420
16776960
  6
BYLAYER
 38
0
 90
2
 70
1
 10
140.299722
 20
107.597212
 10
140.299722
 20
106.877545
  0
HATCH
  5
BBE
100
AcDbEntity
  8
0
100
AcDbHatch
370
-1
 62
2
420
16776960
 10
0
 20
0
 30
0
210
0
220
0
230
1
  2
SOLID
 70
1
 71
0
 91
1
 92
3
 72
0
 73
1
 93
2
 10
140.299722
 20
106.877545
 10
140.299722
 20
106.390712
 97
0
 75
0
 76
1
 98
0
  0
LWPOLYLINE
  5
BBF
100
AcDbEntity
  8
0
100
AcDbPolyline
 62
2
420
16776960
  6
BYLAYER
 38
0
 90
2
 70
1
 10
140.299722
 20
106.877545
 10
140.299722
 20
106.390712
  0
HATCH
  5
BC0
100
AcDbEntity
  8
0
100
AcDbHatch
370
-1
 62
2
420
16776960
 10
0
 20
0
 30
0
210
0
220
0
230
1
  2
SOLID
 70
1
 71
0
 91
1
 92
3
 72
0
 73
1
 93
2
 10
140.299722
 20
106.877545
 10
140.299722
 20
106.390712
 97
0
 75
0
 76
1
 98
0
  0
LWPOLYLINE
  5
BC1
100
AcDbEntity
  8
0
100
AcDbPolyline
 62
2
420
16776960
  6
BYLAYER
 38
0
 90
2
 70
1
 10
140.299722
 20
106.877545
 10
140.299722
 20
106.390712
  0
HATCH
  5
BC2
100
AcDbEntity
  8
0
100
AcDbHatch
370
-1
 62
2
420
16776960
 10
0
 20
0
 30
0
210
0
220
0
230
1
  2
SOLID
 70
1
 71
0
 91
1
 92
3
 72
0
 73
1
 93
2
 10
140.299722
 20
107.597212
 10
140.299722
 20
106.390712
 97
0
 75
0
 76
1
 98
0
  0
LWPOLYLINE
  5
BC3
100
AcDbEntity
  8
0
100
AcDbPolyline
 62
2
420
16776960
  6
BYLAYER
 38
0
 90
2
 70
1
 10
140.299722
 20
107.597212
 10
140.299722
 20
106.390712
  0
HATCH
  5
BC4
100
AcDbEntity
  8
0
100
AcDbHatch
370
-1
 62
2
420
16776960
 10
0
 20
0
 30
0
210
0
220
0
230
1
  2
SOLID
 70
1
 71
0
 91
1
 92
3
 72
0
 73
1
 93
2
 10
140.299722
 20
107.597212
 10
140.299722
 20
106.390712
 97
0
 75
0
 76
1
 98
0
  0
LWPOLYLINE
  5
BC5
100
AcDbEntity
  8
0
100
AcDbPolyline
 62
2
420
16776960
  6
BYLAYER
 38
0
 90
2
 70
1
 10
140.299722
 20
107.597212
 10
140.299722
 20
106.390712
  0
HATCH
  5
BC6
100
AcDbEntity
  8
0
100
AcDbHatch
370
-1
 62
2
420
16776960
 10
0
 20
0
 30
0
210
0
220
0
230
1
  2
SOLID
 70
1
 71
0
 91
1
 92
3
 72
0
 73
1
 93
2
 10
140.299722
 20
107.597212
 10
140.299722
 20
106.157879
 97
0
 75
0
 76
1
 98
0
  0
LWPOLYLINE
  5
BC7
100
AcDbEntity
  8
0
100
AcDbPolyline
 62
2
420
16776960
  6
BYLAYER
 38
0
 90
2
 70
1
 10
140.299722
 20
107.597212
 10
140.299722
 20
106.157879
  0
HATCH
  5
BC8
100
AcDbEntity
  8
0
100
AcDbHatch
370
-1
 62
2
420
16776960
 10
0
 20
0
 30
0
210
0
220
0
230
1
  2
SOLID
 70
1
 71
0
 91
1
 92
3
 72
0
 73
1
 93
2
 10
140.299722
 20
107.597212
 10
140.299722
 20
106.157879
 97
0
 75
0
 76
1
 98
0
  0
LWPOLYLINE
  5
BC9
100
AcDbEntity
  8
0
100
AcDbPolyline
 62
2
420
16776960
  6
BYLAYER
 38
0
 90
2
 70
1
 10
140.299722
 20
107.597212
 10
140.299722
 20
106.157879
  0
HATCH
  5
BCA
100
AcDbEntity
  8
0
100
AcDbHatch
370
-1
 62
2
420
16776960
 10
0
 20
0
 30
0
210
0
220
0
230
1
  2
SOLID
 70
1
 71
0
 91
1
 92
3
 72
0
 73
1
 93
2
 10
140.299722
 20
107.597212
 10
140.299722
 20
106.157879
 97
0
 75
0
 76
1
 98
0
  0
LWPOLYLINE
  5
BCB
100
AcDbEntity
  8
0
100
AcDbPolyline
 62
2
420
16776960
  6
BYLAYER
 38
0
 90
2
 70
1
 10
140.299722
 20
107.597212
 10
140.299722
 20
106.157879
  0
HATCH
  5
BCC
100
AcDbEntity
  8
0
100
AcDbHatch
370
-1
 62
2
420
16776960
 10
0
 20
0
 30
0
210
0
220
0
230
1
  2
SOLID
 70
1
 71
0
 91
1
 92
3
 72
0
 73
1
 93
2
 10
140.299722
 20
107.597212
 10
140.299722
 20
106.157879
 97
0
 75
0
 76
1
 98
0
  0
LWPOLYLINE
  5
BCD
100
AcDbEntity
  8
0
100
AcDbPolyline
 62
2
420
16776960
  6
BYLAYER
 38
0
 90
2
 70
1
 10
140.299722
 20
107.597212
 10
140.299722
 20
106.157879
  0
HATCH
  5
BCE
100
AcDbEntity
  8
0
100
AcDbHatch
370
-1
 62
2
420
16776960
 10
0
 20
0
 30
0
210
0
220
0
230
1
  2
SOLID
 70
1
 71
0
 91
1
 92
3
 72
0
 73
1
 93
3
 10
140.299722
 20
107.597212
 10
140.088056
 20
107.597212
 10
140.088056
 20
106.644712
 97
0
 75
0
 76
1
 98
0
  0
LWPOLYLINE
  5
BCF
100
AcDbEntity
  8
0
100
AcDbPolyline
 62
2
420
16776960
  6
BYLAYER
 38
0
 90
3
 70
1
 10
140.299722
 20
107.597212
 10
140.088056
 20
107.597212
 10
140.088056
 20
106.644712
  0
HATCH
  5
BD0
100
AcDbEntity
  8
0
100
AcDbHatch
370
-1
 62
2
420
16776960
 10
0
 20
0
 30
0
210
0
220
0
230
1
  2
SOLID
 70
1
 71
0
 91
1
 92
3
 72
0
 73
1
 93
3
 10
140.299722
 20
107.597212
 10
140.299722
 20
106.644712
 10
140.088056
 20
106.644712
 97
0
 75
0
 76
1
 98
0
  0
LWPOLYLINE
  5
BD1
100
AcDbEntity
  8
0
100
AcDbPolyline
 62
2
420
16776960
  6
BYLAYER
 38
0
 90
3
 70
1
 10
140.299722
 20
107.597212
 10
140.299722
 20
106.644712
 10
140.088056
 20
106.644712
  0
HATCH
  5
BD2
100
AcDbEntity
  8
0
100
AcDbHatch
370
-1
 62
2
420
16776960
 10
0
 20
0
 30
0
210
0
220
0
230
1
  2
SOLID
 70
1
 71
0
 91
1
 92
3
 72
0
 73
1
 93
3
 10
140.299722
 20
106.644712
 10
140.088056
 20
106.644712
 10
140.088056
 20
106.157879
 97
0
 75
0
 76
1
 98
0
  0
LWPOLYLINE
  5
BD3
100
AcDbEntity
  8
0
100
AcDbPolyline
 62
2
420
16776960
  6
BYLAYER
 38
0
 90
3
 70
1
 10
140.299722
 20
106.644712
 10
140.088056
 20
106.644712
 10
140.088056
 20
106.157879
  0
HATCH
  5
BD4
100
AcDbEntity
  8
0
100
AcDbHatch
370
-1
 62
2
420
16776960
 10
0
 20
0
 30
0
210
0
220
0
230
1
  2
SOLID
 70
1
 71
0
 91
1
 92
3
 72
0
 73
1
 93
3
 10
140.299722
 20
106.644712
 10
140.299722
 20
106.157879
 10
140.088056
 20
106.157879
 97
0
 75
0
 76
1
 98
0
  0
LWPOLYLINE
  5
BD5
100
AcDbEntity
  8
0
100
AcDbPolyline
 62
2
420
16776960
  6
BYLAYER
 38
0
 90
3
 70
1
 10
140.299722
 20
106.644712
 10
140.299722
 20
106.157879
 10
140.088056
 20
106.157879
  0
HATCH
  5
BD6
100
AcDbEntity
  8
0
100
AcDbHatch
370
-1
 62
2
420
16776960
 10
0
 20
0
 30
0
210
0
220
0
230
1
  2
SOLID
 70
1
 71
0
 91
1
 92
3
 72
0
 73
1
 93
2
 10
140.088056
 20
107.597212
 10
140.088056
 20
106.644712
 97
0
 75
0
 76
1
 98
0
  0
LWPOLYLINE
  5
BD7
100
AcDbEntity
  8
0
100
AcDbPolyline
 62
2
420
16776960
  6
BYLAYER
 38
0
 90
2
 70
1
 10
140.088056
 20
107.597212
 10
140.088056
 20
106.644712
  0
HATCH
  5
BD8
100
AcDbEntity
  8
0
100
AcDbHatch
370
-1
 62
2
420
16776960
 10
0
 20
0
 30
0
210
0
220
0
230
1
  2
SOLID
 70
1
 71
0
 91
1
 92
3
 72
0
 73
1
 93
2
 10
140.088056
 20
107.597212
 10
140.088056
 20
106.644712
 97
0
 75
0
 76
1
 98
0
  0
LWPOLYLINE
  5
BD9
100
AcDbEntity
  8
0
100
AcDbPolyline
 62
2
420
16776960
  6
BYLAYER
 38
0
 90
2
 70
1
 10
140.088056
 20
107.597212
 10
140.088056
 20
106.644712
  0
HATCH
  5
BDA
100
AcDbEntity
  8
0
100
AcDbHatch
370
-1
 62
2
420
16776960
 10
0
 20
0
 30
0
210
0
220
0
230
1
  2
SOLID
 70
1
 71
0
 91
1
 92
3
 72
0
 73
1
 93
2
 10
140.088056
 20
106.644712
 10
140.088056
 20
106.157879
 97
0
 75
0
 76
1
 98
0
  0
LWPOLYLINE
  5
BDB
100
AcDbEntity
  8
0
100
AcDbPolyline
 62
2
420
16776960
  6
BYLAYER
 38
0
 90
2
 70
1
 10
140.088056
 20
106.644712
 10
140.088056
 20
106.157879
  0
HATCH
  5
BDC
100
AcDbEntity
  8
0
100
AcDbHatch
370
-1
 62
2
420
16776960
 10
0
 20
0
 30
0
210
0
220
0
230
1
  2
SOLID
 70
1
 71
0
 91
1
 92
3
 72
0
 73
1
 93
2
 10
140.088056
 20
106.644712
 10
140.088056
 20
106.157879
 97
0
 75
0
 76
1
 98
0
  0
LWPOLYLINE
  5
BDD
100
AcDbEntity
  8
0
100
AcDbPolyline
 62
2
420
16776960
  6
BYLAYER
 38
0
 90
2
 70
1
 10
140.088056
 20
106.644712
 10
140.088056
 20
106.157879
  0
HATCH
  5
BDE
100
AcDbEntity
  8
0
100
AcDbHatch
370
-1
 62
2
420
16776960
 10
0
 20
0
 30
0
210
0
220
0
230
1
  2
SOLID
 70
1
 71
0
 91
1
 92
3
 72
0
 73
1
 93
2
 10
140.088056
 20
107.597212
 10
140.088056
 20
106.644712
 97
0
 75
0
 76
1
 98
0
  0
LWPOLYLINE
  5
BDF
100
AcDbEntity
  8
0
100
AcDbPolyline
 62
2
420
16776960
  6
BYLAYER
 38
0
 90
2
 70
1
 10
140.088056
 20
107.597212
 10
140.088056
 20
106.644712
  0
HATCH
  5
BE0
100
AcDbEntity
  8
0
100
AcDbHatch
370
-1
 62
2
420
16776960
 10
0
 20
0
 30
0
210
0
220
0
230
1
  2
SOLID
 70
1
 71
0
 91
1
 92
3
 72
0
 73
1
 93
2
 10
140.088056
 20
107.597212
 10
140.088056
 20
106.644712
 97
0
 75
0
 76
1
 98
0
  0
LWPOLYLINE
  5
BE1
100
AcDbEntity
  8
0
100
AcDbPolyline
 62
2
420
16776960
  6
BYLAYER
 38
0
 90
2
 70
1
 10
140.088056
 20
107.597212
 10
140.088056
 20
106.644712
  0
HATCH
  5
BE2
100
AcDbEntity
  8
0
100
AcDbHatch
370
-1
 62
2
420
16776960
 10
0
 20
0
 30
0
210
0
220
0
230
1
  2
SOLID
 70
1
 71
0
 91
1
 92
3
 72
0
 73
1
 93
2
 10
140.088056
 20
106.644712
 10
140.088056
 20
106.157879
 97
0
 75
0
 76
1
 98
0
  0
LWPOLYLINE
  5
BE3
100
AcDbEntity
  8
0
100
AcDbPolyline
 62
2
420
16776960
  6
BYLAYER
 38
0
 90
2
 70
1
 10
140.088056
 20
106.644712
 10
140.088056
 20
106.157879
  0
HATCH
  5
BE4
100
AcDbEntity
  8
0
100
AcDbHatch
370
-1
 62
2
420
16776960
 10
0
 20
0
 30
0
210
0
220
0
230
1
  2
SOLID
 70
1
 71
0
 91
1
 92
3
 72
0
 73
1
 93
2
 10
140.088056
 20
106.644712
 10
140.088056
 20
106.157879
 97
0
 75
0
 76
1
 98
0
  0
LWPOLYLINE
  5
BE5
100
AcDbEntity
  8
0
100
AcDbPolyline
 62
2
420
16776960
  6
BYLAYER
 38
0
 90
2
 70
1
 10
140.088056
 20
106.644712
 10
140.088056
 20
106.157879
  0
HATCH
  5
BE6
100
AcDbEntity
  8
0
100
AcDbHatch
370
-1
 62
2
420
16776960
 10
0
 20
0
 30
0
210
0
220
0
230
1
  2
SOLID
 70
1
 71
0
 91
1
 92
3
 72
0
 73
1
 93
2
 10
140.088056
 20
107.597212
 10
140.088056
 20
106.644712
 97
0
 75
0
 76
1
 98
0
  0
LWPOLYLINE
  5
BE7
100
AcDbEntity
  8
0
100
AcDbPolyline
 62
2
420
16776960
  6
BYLAYER
 38
0
 90
2
 70
1
 10
140.088056
 20
107.597212
 10
140.088056
 20
106.644712
  0
HATCH
  5
BE8
100
AcDbEntity
  8
0
100
AcDbHatch
370
-1
 62
2
420
16776960
 10
0
 20
0
 30
0
210
0
220
0
230
1
  2
SOLID
 70
1
 71
0
 91
1
 92
3
 72
0
 73
1
 93
2
 10
140.088056
 20
107.597212
 10
140.088056
 20
106.644712
 97
0
 75
0
 76
1
 98
0
  0
LWPOLYLINE
  5
BE9
100
AcDbEntity
  8
0
100
AcDbPolyline
 62
2
420
16776960
  6
BYLAYER
 38
0
 90
2
 70
1
 10
140.088056
 20
107.597212
 10
140.088056
 20
106.644712
  0
HATCH
  5
BEA
100
AcDbEntity
  8
0
100
AcDbHatch
370
-1
 62
2
420
16776960
 10
0
 20
0
 30
0
210
0
220
0
230
1
  2
SOLID
 70
1
 71
0
 91
1
 92
3
 72
0
 73
1
 93
2
 10
140.088056
 20
106.644712
 10
140.088056
 20
106.157879
 97
0
 75
0
 76
1
 98
0
  0
LWPOLYLINE
  5
BEB
100
AcDbEntity
  8
0
100
AcDbPolyline
 62
2
420
16776960
  6
BYLAYER
 38
0
 90
2
 70
1
 10
140.088056
 20
106.644712
 10
140.088056
 20
106.157879
  0
HATCH
  5
BEC
100
AcDbEntity
  8
0
100
AcDbHatch
370
-1
 62
2
420
16776960
 10
0
 20
0
 30
0
210
0
220
0
230
1
  2
SOLID
 70
1
 71
0
 91
1
 92
3
 72
0
 73
1
 93
2
 10
140.088056
 20
106.644712
 10
140.088056
 20
106.157879
 97
0
 75
0
 76
1
 98
0
  0
LWPOLYLINE
  5
BED
100
AcDbEntity
  8
0
100
AcDbPolyline
 62
2
420
16776960
  6
BYLAYER
 38
0
 90
2
 70
1
 10
140.088056
 20
106.644712
 10
140.088056
 20
106.157879
  0
HATCH
  5
BEE
100
AcDbEntity
  8
0
100
AcDbHatch
370
-1
 62
2
420
16776960
 10
0
 20
0
 30
0
210
0
220
0
230
1
  2
SOLID
 70
1
 71
0
 91
1
 92
3
 72
0
 73
1
 93
2
 10
140.088056
 20
107.597212
 10
140.088056
 20
106.644712
 97
0
 75
0
 76
1
 98
0
  0
LWPOLYLINE
  5
BEF
100
AcDbEntity
  8
0
100
AcDbPolyline
 62
2
420
16776960
  6
BYLAYER
 38
0
 90
2
 70
1
 10
140.088056
 20
107.597212
 10
140.088056
 20
106.644712
  0
HATCH
  5
BF0
100
AcDbEntity
  8
0
100
AcDbHatch
370
-1
 62
2
420
16776960
 10
0
 20
0
 30
0
210
0
220
0
230
1
  2
SOLID
 70
1
 71
0
 91
1
 92
3
 72
0
 73
1
 93
2
 10
140.088056
 20
107.597212
 10
140.088056
 20
106.644712
 97
0
 75
0
 76
1
 98
0
  0
LWPOLYLINE
  5
BF1
100
AcDbEntity
  8
0
100
AcDbPolyline
 62
2
420
16776960
  6
BYLAYER
 38
0
 90
2
 70
1
 10
140.088056
 20
107.597212
 10
140.088056
 20
106.644712
  0
HATCH
  5
BF2
100
AcDbEntity
  8
0
100
AcDbHatch
370
-1
 62
2
420
16776960
 10
0
 20
0
 30
0
210
0
220
0
230
1
  2
SOLID
 70
1
 71
0
 91
1
 92
3
 72
0
 73
1
 93
2
 10
140.088056
 20
106.644712
 10
140.088056
 20
106.157879
 97
0
 75
0
 76
1
 98
0
  0
LWPOLYLINE
  5
BF3
100
AcDbEntity
  8
0
100
AcDbPolyline
 62
2
420
16776960
  6
BYLAYER
 38
0
 90
2
 70
1
 10
140.088056
 20
106.644712
 10
140.088056
 20
106.157879
  0
HATCH
  5
BF4
100
AcDbEntity
  8
0
100
AcDbHatch
370
-1
 62
2
420
16776960
 10
0
 20
0
 30
0
210
0
220
0
230
1
  2
SOLID
 70
1
 71
0
 91
1
 92
3
 72
0
 73
1
 93
2
 10
140.088056
 20
106.644712
 10
140.088056
 20
106.157879
 97
0
 75
0
 76
1
 98
0
  0
LWPOLYLINE
  5
BF5
100
AcDbEntity
  8
0
100
AcDbPolyline
 62
2
420
16776960
  6
BYLAYER
 38
0
 90
2
 70
1
 10
140.088056
 20
106.644712
 10
140.088056
 20
106.157879
  0
HATCH
  5
BF6
100
AcDbEntity
  8
0
100
AcDbHatch
370
-1
 62
2
420
16776960
 10
0
 20
0
 30
0
210
0
220
0
230
1
  2
SOLID
 70
1
 71
0
 91
1
 92
3
 72
0
 73
1
 93
2
 10
140.088056
 20
107.597212
 10
140.088056
 20
106.644712
 97
0
 75
0
 76
1
 98
0
  0
LWPOLYLINE
  5
BF7
100
AcDbEntity
  8
0
100
AcDbPolyline
 62
2
420
16776960
  6
BYLAYER
 38
0
 90
2
 70
1
 10
140.088056
 20
107.597212
 10
140.088056
 20
106.644712
  0
HATCH
  5
BF8
100
AcDbEntity
  8
0
100
AcDbHatch
370
-1
 62
2
420
16776960
 10
0
 20
0
 30
0
210
0
220
0
230
1
  2
SOLID
 70
1
 71
0
 91
1
 92
3
 72
0
 73
1
 93
2
 10
140.088056
 20
107.597212
 10
140.088056
 20
106.644712
 97
0
 75
0
 76
1
 98
0
  0
LWPOLYLINE
  5
BF9
100
AcDbEntity
  8
0
100
AcDbPolyline
 62
2
420
16776960
  6
BYLAYER
 38
0
 90
2
 70
1
 10
140.088056
 20
107.597212
 10
140.088056
 20
106.644712
  0
HATCH
  5
BFA
100
AcDbEntity
  8
0
100
AcDbHatch
370
-1
 62
2
420
16776960
 10
0
 20
0
 30
0
210
0
220
0
230
1
  2
SOLID
 70
1
 71
0
 91
1
 92
3
 72
0
 73
1
 93
2
 10
140.088056
 20
106.644712
 10
140.088056
 20
106.157879
 97
0
 75
0
 76
1
 98
0
  0
LWPOLYLINE
  5
BFB
100
AcDbEntity
  8
0
100
AcDbPolyline
 62
2
420
16776960
  6
BYLAYER
 38
0
 90
2
 70
1
 10
140.088056
 20
106.644712
 10
140.088056
 20
106.157879
  0
HATCH
  5
BFC
100
AcDbEntity
  8
0
100
AcDbHatch
370
-1
 62
2
420
16776960
 10
0
 20
0
 30
0
210
0
220
0
230
1
  2
SOLID
 70
1
 71
0
 91
1
 92
3
 72
0
 73
1
 93
2
 10
140.088056
 20
106.644712
 10
140.088056
 20
106.157879
 97
0
 75
0
 76
1
 98
0
  0
LWPOLYLINE
  5
BFD
100
AcDbEntity
  8
0
100
AcDbPolyline
 62
2
420
16776960
  6
BYLAYER
 38
0
 90
2
 70
1
 10
140.088056
 20
106.644712
 10
140.088056
 20
106.157879
  0
HATCH
  5
BFE
100
AcDbEntity
  8
0
100
AcDbHatch
370
-1
 62
2
420
16776960
 10
0
 20
0
 30
0
210
0
220
0
230
1
  2
SOLID
 70
1
 71
0
 91
1
 92
3
 72
0
 73
1
 93
2
 10
140.088056
 20
107.597212
 10
140.088056
 20
106.644712
 97
0
 75
0
 76
1
 98
0
  0
LWPOLYLINE
  5
BFF
100
AcDbEntity
  8
0
100
AcDbPolyline
 62
2
420
16776960
  6
BYLAYER
 38
0
 90
2
 70
1
 10
140.088056
 20
107.597212
 10
140.088056
 20
106.644712
  0
HATCH
  5
C00
100
AcDbEntity
  8
0
100
AcDbHatch
370
-1
 62
2
420
16776960
 10
0
 20
0
 30
0
210
0
220
0
230
1
  2
SOLID
 70
1
 71
0
 91
1
 92
3
 72
0
 73
1
 93
2
 10
140.088056
 20
107.597212
 10
140.088056
 20
106.644712
 97
0
 75
0
 76
1
 98
0
  0
LWPOLYLINE
  5
C01
100
AcDbEntity
  8
0
100
AcDbPolyline
 62
2
420
16776960
  6
BYLAYER
 38
0
 90
2
 70
1
 10
140.088056
 20
107.597212
 10
140.088056
 20
106.644712
  0
HATCH
  5
C02
100
AcDbEntity
  8
0
100
AcDbHatch
370
-1
 62
2
420
16776960
 10
0
 20
0
 30
0
210
0
220
0
230
1
  2
SOLID
 70
1
 71
0
 91
1
 92
3
 72
0
 73
1
 93
2
 10
140.088056
 20
106.644712
 10
140.088056
 20
106.157879
 97
0
 75
0
 76
1
 98
0
  0
LWPOLYLINE
  5
C03
100
AcDbEntity
  8
0
100
AcDbPolyline
 62
2
420
16776960
  6
BYLAYER
 38
0
 90
2
 70
1
 10
140.088056
 20
106.644712
 10
140.088056
 20
106.157879
  0
HATCH
  5
C04
100
AcDbEntity
  8
0
100
AcDbHatch
370
-1
 62
2
420
16776960
 10
0
 20
0
 30
0
210
0
220
0
230
1
  2
SOLID
 70
1
 71
0
 91
1
 92
3
 72
0
 73
1
 93
2
 10
140.088056
 20
106.644712
 10
140.088056
 20
106.157879
 97
0
 75
0
 76
1
 98
0
  0
LWPOLYLINE
  5
C05
100
AcDbEntity
  8
0
100
AcDbPolyline
 62
2
420
16776960
  6
BYLAYER
 38
0
 90
2
 70
1
 10
140.088056
 20
106.644712
 10
140.088056
 20
106.157879
  0
HATCH
  5
C06
100
AcDbEntity
  8
0
100
AcDbHatch
370
-1
 62
2
420
16776960
 10
0
 20
0
 30
0
210
0
220
0
230
1
  2
SOLID
 70
1
 71
0
 91
1
 92
3
 72
0
 73
1
 93
2
 10
140.088056
 20
107.597212
 10
140.088056
 20
106.644712
 97
0
 75
0
 76
1
 98
0
  0
LWPOLYLINE
  5
C07
100
AcDbEntity
  8
0
100
AcDbPolyline
 62
2
420
16776960
  6
BYLAYER
 38
0
 90
2
 70
1
 10
140.088056
 20
107.597212
 10
140.088056
 20
106.644712
  0
HATCH
  5
C08
100
AcDbEntity
  8
0
100
AcDbHatch
370
-1
 62
2
420
16776960
 10
0
 20
0
 30
0
210
0
220
0
230
1
  2
SOLID
 70
1
 71
0
 91
1
 92
3
 72
0
 73
1
 93
2
 10
140.088056
 20
107.597212
 10
140.088056
 20
106.644712
 97
0
 75
0
 76
1
 98
0
  0
LWPOLYLINE
  5
C09
100
AcDbEntity
  8
0
100
AcDbPolyline
 62
2
420
16776960
  6
BYLAYER
 38
0
 90
2
 70
1
 10
140.088056
 20
107.597212
 10
140.088056
 20
106.644712
  0
HATCH
  5
C0A
100
AcDbEntity
  8
0
100
AcDbHatch
370
-1
 62
2
420
16776960
 10
0
 20
0
 30
0
210
0
220
0
230
1
  2
SOLID
 70
1
 71
0
 91
1
 92
3
 72
0
 73
1
 93
2
 10
140.088056
 20
106.644712
 10
140.088056
 20
106.157879
 97
0
 75
0
 76
1
 98
0
  0
LWPOLYLINE
  5
C0B
100
AcDbEntity
  8
0
100
AcDbPolyline
 62
2
420
16776960
  6
BYLAYER
 38
0
 90
2
 70
1
 10
140.088056
 20
106.644712
 10
140.088056
 20
106.157879
  0
HATCH
  5
C0C
100
AcDbEntity
  8
0
100
AcDbHatch
370
-1
 62
2
420
16776960
 10
0
 20
0
 30
0
210
0
220
0
230
1
  2
SOLID
 70
1
 71
0
 91
1
 92
3
 72
0
 73
1
 93
2
 10
140.088056
 20
106.644712
 10
140.088056
 20
106.157879
 97
0
 75
0
 76
1
 98
0
  0
LWPOLYLINE
  5
C0D
100
AcDbEntity
  8
0
100
AcDbPolyline
 62
2
420
16776960
  6
BYLAYER
 38
0
 90
2
 70
1
 10
140.088056
 20
106.644712
 10
140.088056
 20
106.157879
  0
HATCH
  5
C0E
100
AcDbEntity
  8
0
100
AcDbHatch
370
-1
 62
2
420
16776960
 10
0
 20
0
 30
0
210
0
220
0
230
1
  2
SOLID
 70
1
 71
0
 91
1
 92
3
 72
0
 73
1
 93
2
 10
140.088056
 20
107.597212
 10
140.088056
 20
106.644712
 97
0
 75
0
 76
1
 98
0
  0
LWPOLYLINE
  5
C0F
100
AcDbEntity
  8
0
100
AcDbPolyline
 62
2
420
16776960
  6
BYLAYER
 38
0
 90
2
 70
1
 10
140.088056
 20
107.597212
 10
140.088056
 20
106.644712
  0
HATCH
  5
C10
100
AcDbEntity
  8
0
100
AcDbHatch
370
-1
 62
2
420
16776960
 10
0
 20
0
 30
0
210
0
220
0
230
1
  2
SOLID
 70
1
 71
0
 91
1
 92
3
 72
0
 73
1
 93
2
 10
140.088056
 20
107.597212
 10
140.088056
 20
106.644712
 97
0
 75
0
 76
1
 98
0
  0
LWPOLYLINE
  5
C11
100
AcDbEntity
  8
0
100
AcDbPolyline
 62
2
420
16776960
  6
BYLAYER
 38
0
 90
2
 70
1
 10
140.088056
 20
107.597212
 10
140.088056
 20
106.644712
  0
HATCH
  5
C12
100
AcDbEntity
  8
0
100
AcDbHatch
370
-1
 62
2
420
16776960
 10
0
 20
0
 30
0
210
0
220
0
230
1
  2
SOLID
 70
1
 71
0
 91
1
 92
3
 72
0
 73
1
 93
2
 10
140.088056
 20
106.644712
 10
140.088056
 20
106.157879
 97
0
 75
0
 76
1
 98
0
  0
LWPOLYLINE
  5
C13
100
AcDbEntity
  8
0
100
AcDbPolyline
 62
2
420
16776960
  6
BYLAYER
 38
0
 90
2
 70
1
 10
140.088056
 20
106.644712
 10
140.088056
 20
106.157879
  0
HATCH
  5
C14
100
AcDbEntity
  8
0
100
AcDbHatch
370
-1
 62
2
420
16776960
 10
0
 20
0
 30
0
210
0
220
0
230
1
  2
SOLID
 70
1
 71
0
 91
1
 92
3
 72
0
 73
1
 93
2
 10
140.088056
 20
106.644712
 10
140.088056
 20
106.157879
 97
0
 75
0
 76
1
 98
0
  0
LWPOLYLINE
  5
C15
100
AcDbEntity
  8
0
100
AcDbPolyline
 62
2
420
16776960
  6
BYLAYER
 38
0
 90
2
 70
1
 10
140.088056
 20
106.644712
 10
140.088056
 20
106.157879
  0
HATCH
  5
C16
100
AcDbEntity
  8
0
100
AcDbHatch
370
-1
 62
2
420
16776960
 10
0
 20
0
 30
0
210
0
220
0
230
1
  2
SOLID
 70
1
 71
0
 91
1
 92
3
 72
0
 73
1
 93
2
 10
140.088056
 20
107.597212
 10
140.088056
 20
106.644712
 97
0
 75
0
 76
1
 98
0
  0
LWPOLYLINE
  5
C17
100
AcDbEntity
  8
0
100
AcDbPolyline
 62
2
420
16776960
  6
BYLAYER
 38
0
 90
2
 70
1
 10
140.088056
 20
107.597212
 10
140.088056
 20
106.644712
  0
HATCH
  5
C18
100
AcDbEntity
  8
0
100
AcDbHatch
370
-1
 62
2
420
16776960
 10
0
 20
0
 30
0
210
0
220
0
230
1
  2
SOLID
 70
1
 71
0
 91
1
 92
3
 72
0
 73
1
 93
2
 10
140.088056
 20
107.597212
 10
140.088056
 20
106.644712
 97
0
 75
0
 76
1
 98
0
  0
LWPOLYLINE
  5
C19
100
AcDbEntity
  8
0
100
AcDbPolyline
 62
2
420
16776960
  6
BYLAYER
 38
0
 90
2
 70
1
 10
140.088056
 20
107.597212
 10
140.088056
 20
106.644712
  0
HATCH
  5
C1A
100
AcDbEntity
  8
0
100
AcDbHatch
370
-1
 62
2
420
16776960
 10
0
 20
0
 30
0
210
0
220
0
230
1
  2
SOLID
 70
1
 71
0
 91
1
 92
3
 72
0
 73
1
 93
2
 10
140.088056
 20
106.644712
 10
140.088056
 20
106.157879
 97
0
 75
0
 76
1
 98
0
  0
LWPOLYLINE
  5
C1B
100
AcDbEntity
  8
0
100
AcDbPolyline
 62
2
420
16776960
  6
BYLAYER
 38
0
 90
2
 70
1
 10
140.088056
 20
106.644712
 10
140.088056
 20
106.157879
  0
HATCH
  5
C1C
100
AcDbEntity
  8
0
100
AcDbHatch
370
-1
 62
2
420
16776960
 10
0
 20
0
 30
0
210
0
220
0
230
1
  2
SOLID
 70
1
 71
0
 91
1
 92
3
 72
0
 73
1
 93
2
 10
140.088056
 20
106.644712
 10
140.088056
 20
106.157879
 97
0
 75
0
 76
1
 98
0
  0
LWPOLYLINE
  5
C1D
100
AcDbEntity
  8
0
100
AcDbPolyline
 62
2
420
16776960
  6
BYLAYER
 38
0
 90
2
 70
1
 10
140.088056
 20
106.644712
 10
140.088056
 20
106.157879
  0
HATCH
  5
C1E
100
AcDbEntity
  8
0
100
AcDbHatch
370
-1
 62
2
420
16776960
 10
0
 20
0
 30
0
210
0
220
0
230
1
  2
SOLID
 70
1
 71
0
 91
1
 92
3
 72
0
 73
1
 93
2
 10
140.088056
 20
107.597212
 10
140.088056
 20
106.157879
 97
0
 75
0
 76
1
 98
0
  0
LWPOLYLINE
  5
C1F
100
AcDbEntity
  8
0
100
AcDbPolyline
 62
2
420
16776960
  6
BYLAYER
 38
0
 90
2
 70
1
 10
140.088056
 20
107.597212
 10
140.088056
 20
106.157879
  0
HATCH
  5
C20
100
AcDbEntity
  8
0
100
AcDbHatch
370
-1
 62
2
420
16776960
 10
0
 20
0
 30
0
210
0
220
0
230
1
  2
SOLID
 70
1
 71
0
 91
1
 92
3
 72
0
 73
1
 93
2
 10
140.088056
 20
107.597212
 10
140.088056
 20
106.157879
 97
0
 75
0
 76
1
 98
0
  0
LWPOLYLINE
  5
C21
100
AcDbEntity
  8
0
100
AcDbPolyline
 62
2
420
16776960
  6
BYLAYER
 38
0
 90
2
 70
1
 10
140.088056
 20
107.597212
 10
140.088056
 20
106.157879
  0
HATCH
  5
C22
100
AcDbEntity
  8
0
100
AcDbHatch
370
-1
 62
2
420
16776960
 10
0
 20
0
 30
0
210
0
220
0
230
1
  2
SOLID
 70
1
 71
0
 91
1
 92
3
 72
0
 73
1
 93
3
 10
140.088056
 20
107.597212
 10
139.855222
 20
107.597212
 10
139.855222
 20
106.157879
 97
0
 75
0
 76
1
 98
0
  0
LWPOLYLINE
  5
C23
100
AcDbEntity
  8
0
100
AcDbPolyline
 62
2
420
16776960
  6
BYLAYER
 38
0
 90
3
 70
1
 10
140.088056
 20
107.597212
 10
139.855222
 20
107.597212
 10
139.855222
 20
106.157879
  0
HATCH
  5
C24
100
AcDbEntity
  8
0
100
AcDbHatch
370
-1
 62
2
420
16776960
 10
0
 20
0
 30
0
210
0
220
0
230
1
  2
SOLID
 70
1
 71
0
 91
1
 92
3
 72
0
 73
1
 93
3
 10
140.088056
 20
107.597212
 10
140.088056
 20
106.157879
 10
139.855222
 20
106.157879
 97
0
 75
0
 76
1
 98
0
  0
LWPOLYLINE
  5
C25
100
AcDbEntity
  8
0
100
AcDbPolyline
 62
2
420
16776960
  6
BYLAYER
 38
0
 90
3
 70
1
 10
140.088056
 20
107.597212
 10
140.088056
 20
106.157879
 10
139.855222
 20
106.157879
  0
HATCH
  5
C26
100
AcDbEntity
  8
0
100
AcDbHatch
370
-1
 62
2
420
16776960
 10
0
 20
0
 30
0
210
0
220
0
230
1
  2
SOLID
 70
1
 71
0
 91
1
 92
3
 72
0
 73
1
 93
2
 10
139.855222
 20
107.597212
 10
139.855222
 20
106.157879
 97
0
 75
0
 76
1
 98
0
  0
LWPOLYLINE
  5
C27
100
AcDbEntity
  8
0
100
AcDbPolyline
 62
2
420
16776960
  6
BYLAYER
 38
0
 90
2
 70
1
 10
139.855222
 20
107.597212
 10
139.855222
 20
106.157879
  0
HATCH
  5
C28
100
AcDbEntity
  8
0
100
AcDbHatch
370
-1
 62
2
420
16776960
 10
0
 20
0
 30
0
210
0
220
0
230
1
  2
SOLID
 70
1
 71
0
 91
1
 92
3
 72
0
 73
1
 93
2
 10
139.855222
 20
107.597212
 10
139.855222
 20
106.157879
 97
0
 75
0
 76
1
 98
0
  0
LWPOLYLINE
  5
C29
100
AcDbEntity
  8
0
100
AcDbPolyline
 62
2
420
16776960
  6
BYLAYER
 38
0
 90
2
 70
1
 10
139.855222
 20
107.597212
 10
139.855222
 20
106.157879
  0
HATCH
  5
C2A
100
AcDbEntity
  8
0
100
AcDbHatch
370
-1
 62
2
420
16776960
 10
0
 20
0
 30
0
210
0
220
0
230
1
  2
SOLID
 70
1
 71
0
 91
1
 92
3
 72
0
 73
1
 93
2
 10
139.855222
 20
106.877545
 10
139.855222
 20
106.157879
 97
0
 75
0
 76
1
 98
0
  0
LWPOLYLINE
  5
C2B
100
AcDbEntity
  8
0
100
AcDbPolyline
 62
2
420
16776960
  6
BYLAYER
 38
0
 90
2
 70
1
 10
139.855222
 20
106.877545
 10
139.855222
 20
106.157879
  0
HATCH
  5
C2C
100
AcDbEntity
  8
0
100
AcDbHatch
370
-1
 62
2
420
16776960
 10
0
 20
0
 30
0
210
0
220
0
230
1
  2
SOLID
 70
1
 71
0
 91
1
 92
3
 72
0
 73
1
 93
2
 10
139.855222
 20
106.877545
 10
139.855222
 20
106.157879
 97
0
 75
0
 76
1
 98
0
  0
LWPOLYLINE
  5
C2D
100
AcDbEntity
  8
0
100
AcDbPolyline
 62
2
420
16776960
  6
BYLAYER
 38
0
 90
2
 70
1
 10
139.855222
 20
106.877545
 10
139.855222
 20
106.157879
  0
HATCH
  5
C2E
100
AcDbEntity
  8
0
100
AcDbHatch
370
-1
 62
2
420
16776960
 10
0
 20
0
 30
0
210
0
220
0
230
1
  2
SOLID
 70
1
 71
0
 91
1
 92
3
 72
0
 73
1
 93
2
 10
139.855222
 20
106.877545
 10
139.855222
 20
106.390712
 97
0
 75
0
 76
1
 98
0
  0
LWPOLYLINE
  5
C2F
100
AcDbEntity
  8
0
100
AcDbPolyline
 62
2
420
16776960
  6
BYLAYER
 38
0
 90
2
 70
1
 10
139.855222
 20
106.877545
 10
139.855222
 20
106.390712
  0
HATCH
  5
C30
100
AcDbEntity
  8
0
100
AcDbHatch
370
-1
 62
2
420
16776960
 10
0
 20
0
 30
0
210
0
220
0
230
1
  2
SOLID
 70
1
 71
0
 91
1
 92
3
 72
0
 73
1
 93
2
 10
139.855222
 20
106.877545
 10
139.855222
 20
106.390712
 97
0
 75
0
 76
1
 98
0
  0
LWPOLYLINE
  5
C31
100
AcDbEntity
  8
0
100
AcDbPolyline
 62
2
420
16776960
  6
BYLAYER
 38
0
 90
2
 70
1
 10
139.855222
 20
106.877545
 10
139.855222
 20
106.390712
  0
HATCH
  5
C32
100
AcDbEntity
  8
0
100
AcDbHatch
370
-1
 62
2
420
16776960
 10
0
 20
0
 30
0
210
0
220
0
230
1
  2
SOLID
 70
1
 71
0
 91
1
 92
3
 72
0
 73
1
 93
2
 10
139.855222
 20
106.390712
 10
139.855222
 20
106.157879
 97
0
 75
0
 76
1
 98
0
  0
LWPOLYLINE
  5
C33
100
AcDbEntity
  8
0
100
AcDbPolyline
 62
2
420
16776960
  6
BYLAYER
 38
0
 90
2
 70
1
 10
139.855222
 20
106.390712
 10
139.855222
 20
106.157879
  0
HATCH
  5
C34
100
AcDbEntity
  8
0
100
AcDbHatch
370
-1
 62
2
420
16776960
 10
0
 20
0
 30
0
210
0
220
0
230
1
  2
SOLID
 70
1
 71
0
 91
1
 92
3
 72
0
 73
1
 93
2
 10
139.855222
 20
106.390712
 10
139.855222
 20
106.157879
 97
0
 75
0
 76
1
 98
0
  0
LWPOLYLINE
  5
C35
100
AcDbEntity
  8
0
100
AcDbPolyline
 62
2
420
16776960
  6
BYLAYER
 38
0
 90
2
 70
1
 10
139.855222
 20
106.390712
 10
139.855222
 20
106.157879
  0
HATCH
  5
C36
100
AcDbEntity
  8
0
100
AcDbHatch
370
-1
 62
2
420
16776960
 10
0
 20
0
 30
0
210
0
220
0
230
1
  2
SOLID
 70
1
 71
0
 91
1
 92
3
 72
0
 73
1
 93
2
 10
139.855222
 20
106.877545
 10
139.855222
 20
106.644712
 97
0
 75
0
 76
1
 98
0
  0
LWPOLYLINE
  5
C37
100
AcDbEntity
  8
0
100
AcDbPolyline
 62
2
420
16776960
  6
BYLAYER
 38
0
 90
2
 70
1
 10
139.855222
 20
106.877545
 10
139.855222
 20
106.644712
  0
HATCH
  5
C38
100
AcDbEntity
  8
0
100
AcDbHatch
370
-1
 62
2
420
16776960
 10
0
 20
0
 30
0
210
0
220
0
230
1
  2
SOLID
 70
1
 71
0
 91
1
 92
3
 72
0
 73
1
 93
3
 10
139.855222
 20
106.877545
 10
139.855222
 20
106.390712
 10
139.855222
 20
106.644712
 97
0
 75
0
 76
1
 98
0
  0
LWPOLYLINE
  5
C39
100
AcDbEntity
  8
0
100
AcDbPolyline
 62
2
420
16776960
  6
BYLAYER
 38
0
 90
2
 70
1
 10
139.855222
 20
106.877545
 10
139.855222
 20
106.390712
  0
HATCH
  5
C3A
100
AcDbEntity
  8
0
100
AcDbHatch
370
-1
 62
2
420
16776960
 10
0
 20
0
 30
0
210
0
220
0
230
1
  2
SOLID
 70
1
 71
0
 91
1
 92
3
 72
0
 73
1
 93
2
 10
139.643556
 20
106.877545
 10
139.643556
 20
107.110379
 97
0
 75
0
 76
1
 98
0
  0
LWPOLYLINE
  5
C3B
100
AcDbEntity
  8
0
100
AcDbPolyline
 62
2
420
16776960
  6
BYLAYER
 38
0
 90
2
 70
1
 10
139.643556
 20
106.877545
 10
139.643556
 20
107.110379
  0
HATCH
  5
C3C
100
AcDbEntity
  8
0
100
AcDbHatch
370
-1
 62
2
420
16776960
 10
0
 20
0
 30
0
210
0
220
0
230
1
  2
SOLID
 70
1
 71
0
 91
1
 92
3
 72
0
 73
1
 93
2
 10
139.643556
 20
107.597212
 10
139.643556
 20
107.110379
 97
0
 75
0
 76
1
 98
0
  0
LWPOLYLINE
  5
C3D
100
AcDbEntity
  8
0
100
AcDbPolyline
 62
2
420
16776960
  6
BYLAYER
 38
0
 90
2
 70
1
 10
139.643556
 20
107.597212
 10
139.643556
 20
107.110379
  0
HATCH
  5
C3E
100
AcDbEntity
  8
0
100
AcDbHatch
370
-1
 62
2
420
16776960
 10
0
 20
0
 30
0
210
0
220
0
230
1
  2
SOLID
 70
1
 71
0
 91
1
 92
3
 72
0
 73
1
 93
2
 10
139.643556
 20
107.110379
 10
139.643556
 20
106.877545
 97
0
 75
0
 76
1
 98
0
  0
LWPOLYLINE
  5
C3F
100
AcDbEntity
  8
0
100
AcDbPolyline
 62
2
420
16776960
  6
BYLAYER
 38
0
 90
2
 70
1
 10
139.643556
 20
107.110379
 10
139.643556
 20
106.877545
  0
HATCH
  5
C40
100
AcDbEntity
  8
0
100
AcDbHatch
370
-1
 62
2
420
16776960
 10
0
 20
0
 30
0
210
0
220
0
230
1
  2
SOLID
 70
1
 71
0
 91
1
 92
3
 72
0
 73
1
 93
2
 10
139.643556
 20
107.110379
 10
139.643556
 20
106.877545
 97
0
 75
0
 76
1
 98
0
  0
LWPOLYLINE
  5
C41
100
AcDbEntity
  8
0
100
AcDbPolyline
 62
2
420
16776960
  6
BYLAYER
 38
0
 90
2
 70
1
 10
139.643556
 20
107.110379
 10
139.643556
 20
106.877545
  0
HATCH
  5
C42
100
AcDbEntity
  8
0
100
AcDbHatch
370
-1
 62
2
420
16776960
 10
0
 20
0
 30
0
210
0
220
0
230
1
  2
SOLID
 70
1
 71
0
 91
1
 92
3
 72
0
 73
1
 93
2
 10
139.643556
 20
107.597212
 10
139.643556
 20
106.877545
 97
0
 75
0
 76
1
 98
0
  0
LWPOLYLINE
  5
C43
100
AcDbEntity
  8
0
100
AcDbPolyline
 62
2
420
16776960
  6
BYLAYER
 38
0
 90
2
 70
1
 10
139.643556
 20
107.597212
 10
139.643556
 20
106.877545
  0
HATCH
  5
C44
100
AcDbEntity
  8
0
100
AcDbHatch
370
-1
 62
2
420
16776960
 10
0
 20
0
 30
0
210
0
220
0
230
1
  2
SOLID
 70
1
 71
0
 91
1
 92
3
 72
0
 73
1
 93
2
 10
139.643556
 20
107.597212
 10
139.643556
 20
106.877545
 97
0
 75
0
 76
1
 98
0
  0
LWPOLYLINE
  5
C45
100
AcDbEntity
  8
0
100
AcDbPolyline
 62
2
420
16776960
  6
BYLAYER
 38
0
 90
2
 70
1
 10
139.643556
 20
107.597212
 10
139.643556
 20
106.877545
  0
HATCH
  5
C46
100
AcDbEntity
  8
0
100
AcDbHatch
370
-1
 62
2
420
16776960
 10
0
 20
0
 30
0
210
0
220
0
230
1
  2
SOLID
 70
1
 71
0
 91
1
 92
3
 72
0
 73
1
 93
2
 10
139.643556
 20
107.597212
 10
139.643556
 20
106.157879
 97
0
 75
0
 76
1
 98
0
  0
LWPOLYLINE
  5
C47
100
AcDbEntity
  8
0
100
AcDbPolyline
 62
2
420
16776960
  6
BYLAYER
 38
0
 90
2
 70
1
 10
139.643556
 20
107.597212
 10
139.643556
 20
106.157879
  0
HATCH
  5
C48
100
AcDbEntity
  8
0
100
AcDbHatch
370
-1
 62
2
420
16776960
 10
0
 20
0
 30
0
210
0
220
0
230
1
  2
SOLID
 70
1
 71
0
 91
1
 92
3
 72
0
 73
1
 93
2
 10
139.643556
 20
107.597212
 10
139.643556
 20
106.157879
 97
0
 75
0
 76
1
 98
0
  0
LWPOLYLINE
  5
C49
100
AcDbEntity
  8
0
100
AcDbPolyline
 62
2
420
16776960
  6
BYLAYER
 38
0
 90
2
 70
1
 10
139.643556
 20
107.597212
 10
139.643556
 20
106.157879
  0
HATCH
  5
C4A
100
AcDbEntity
  8
0
100
AcDbHatch
370
-1
 62
2
420
16776960
 10
0
 20
0
 30
0
210
0
220
0
230
1
  2
SOLID
 70
1
 71
0
 91
1
 92
3
 72
0
 73
1
 93
2
 10
139.643556
 20
107.597212
 10
139.643556
 20
106.157879
 97
0
 75
0
 76
1
 98
0
  0
LWPOLYLINE
  5
C4B
100
AcDbEntity
  8
0
100
AcDbPolyline
 62
2
420
16776960
  6
BYLAYER
 38
0
 90
2
 70
1
 10
139.643556
 20
107.597212
 10
139.643556
 20
106.157879
  0
HATCH
  5
C4C
100
AcDbEntity
  8
0
100
AcDbHatch
370
-1
 62
2
420
16776960
 10
0
 20
0
 30
0
210
0
220
0
230
1
  2
SOLID
 70
1
 71
0
 91
1
 92
3
 72
0
 73
1
 93
2
 10
139.643556
 20
107.597212
 10
139.643556
 20
106.157879
 97
0
 75
0
 76
1
 98
0
  0
LWPOLYLINE
  5
C4D
100
AcDbEntity
  8
0
100
AcDbPolyline
 62
2
420
16776960
  6
BYLAYER
 38
0
 90
2
 70
1
 10
139.643556
 20
107.597212
 10
139.643556
 20
106.157879
  0
HATCH
  5
C4E
100
AcDbEntity
  8
0
100
AcDbHatch
370
-1
 62
2
420
16776960
 10
0
 20
0
 30
0
210
0
220
0
230
1
  2
SOLID
 70
1
 71
0
 91
1
 92
3
 72
0
 73
1
 93
2
 10
139.643556
 20
107.597212
 10
139.643556
 20
107.110379
 97
0
 75
0
 76
1
 98
0
  0
LWPOLYLINE
  5
C4F
100
AcDbEntity
  8
0
100
AcDbPolyline
 62
2
420
16776960
  6
BYLAYER
 38
0
 90
2
 70
1
 10
139.643556
 20
107.597212
 10
139.643556
 20
107.110379
  0
HATCH
  5
C50
100
AcDbEntity
  8
0
100
AcDbHatch
370
-1
 62
2
420
16776960
 10
0
 20
0
 30
0
210
0
220
0
230
1
  2
SOLID
 70
1
 71
0
 91
1
 92
3
 72
0
 73
1
 93
3
 10
139.643556
 20
107.597212
 10
139.643556
 20
106.877545
 10
139.643556
 20
107.110379
 97
0
 75
0
 76
1
 98
0
  0
LWPOLYLINE
  5
C51
100
AcDbEntity
  8
0
100
AcDbPolyline
 62
2
420
16776960
  6
BYLAYER
 38
0
 90
2
 70
1
 10
139.643556
 20
107.597212
 10
139.643556
 20
106.877545
  0
HATCH
  5
C52
100
AcDbEntity
  8
0
100
AcDbHatch
370
-1
 62
2
420
16776960
 10
0
 20
0
 30
0
210
0
220
0
230
1
  2
SOLID
 70
1
 71
0
 91
1
 92
3
 72
0
 73
1
 93
2
 10
139.643556
 20
106.877545
 10
139.643556
 20
106.157879
 97
0
 75
0
 76
1
 98
0
  0
LWPOLYLINE
  5
C53
100
AcDbEntity
  8
0
100
AcDbPolyline
 62
2
420
16776960
  6
BYLAYER
 38
0
 90
2
 70
1
 10
139.643556
 20
106.877545
 10
139.643556
 20
106.157879
  0
HATCH
  5
C54
100
AcDbEntity
  8
0
100
AcDbHatch
370
-1
 62
2
420
16776960
 10
0
 20
0
 30
0
210
0
220
0
230
1
  2
SOLID
 70
1
 71
0
 91
1
 92
3
 72
0
 73
1
 93
2
 10
139.643556
 20
106.877545
 10
139.643556
 20
106.157879
 97
0
 75
0
 76
1
 98
0
  0
LWPOLYLINE
  5
C55
100
AcDbEntity
  8
0
100
AcDbPolyline
 62
2
420
16776960
  6
BYLAYER
 38
0
 90
2
 70
1
 10
139.643556
 20
106.877545
 10
139.643556
 20
106.157879
  0
HATCH
  5
C56
100
AcDbEntity
  8
0
100
AcDbHatch
370
-1
 62
2
420
16776960
 10
0
 20
0
 30
0
210
0
220
0
230
1
  2
SOLID
 70
1
 71
0
 91
1
 92
3
 72
0
 73
1
 93
2
 10
139.643556
 20
107.597212
 10
139.643556
 20
107.110379
 97
0
 75
0
 76
1
 98
0
  0
LWPOLYLINE
  5
C57
100
AcDbEntity
  8
0
100
AcDbPolyline
 62
2
420
16776960
  6
BYLAYER
 38
0
 90
2
 70
1
 10
139.643556
 20
107.597212
 10
139.643556
 20
107.110379
  0
HATCH
  5
C58
100
AcDbEntity
  8
0
100
AcDbHatch
370
-1
 62
2
420
16776960
 10
0
 20
0
 30
0
210
0
220
0
230
1
  2
SOLID
 70
1
 71
0
 91
1
 92
3
 72
0
 73
1
 93
2
 10
139.643556
 20
107.597212
 10
139.643556
 20
107.110379
 97
0
 75
0
 76
1
 98
0
  0
LWPOLYLINE
  5
C59
100
AcDbEntity
  8
0
100
AcDbPolyline
 62
2
420
16776960
  6
BYLAYER
 38
0
 90
2
 70
1
 10
139.643556
 20
107.597212
 10
139.643556
 20
107.110379
  0
HATCH
  5
C5A
100
AcDbEntity
  8
0
100
AcDbHatch
370
-1
 62
2
420
16776960
 10
0
 20
0
 30
0
210
0
220
0
230
1
  2
SOLID
 70
1
 71
0
 91
1
 92
3
 72
0
 73
1
 93
2
 10
139.643556
 20
106.877545
 10
139.643556
 20
106.157879
 97
0
 75
0
 76
1
 98
0
  0
LWPOLYLINE
  5
C5B
100
AcDbEntity
  8
0
100
AcDbPolyline
 62
2
420
16776960
  6
BYLAYER
 38
0
 90
2
 70
1
 10
139.643556
 20
106.877545
 10
139.643556
 20
106.157879
  0
HATCH
  5
C5C
100
AcDbEntity
  8
0
100
AcDbHatch
370
-1
 62
2
420
16776960
 10
0
 20
0
 30
0
210
0
220
0
230
1
  2
SOLID
 70
1
 71
0
 91
1
 92
3
 72
0
 73
1
 93
2
 10
139.643556
 20
106.877545
 10
139.643556
 20
106.157879
 97
0
 75
0
 76
1
 98
0
  0
LWPOLYLINE
  5
C5D
100
AcDbEntity
  8
0
100
AcDbPolyline
 62
2
420
16776960
  6
BYLAYER
 38
0
 90
2
 70
1
 10
139.643556
 20
106.877545
 10
139.643556
 20
106.157879
  0
HATCH
  5
C5E
100
AcDbEntity
  8
0
100
AcDbHatch
370
-1
 62
2
420
16776960
 10
0
 20
0
 30
0
210
0
220
0
230
1
  2
SOLID
 70
1
 71
0
 91
1
 92
3
 72
0
 73
1
 93
2
 10
139.643556
 20
107.597212
 10
139.643556
 20
107.110379
 97
0
 75
0
 76
1
 98
0
  0
LWPOLYLINE
  5
C5F
100
AcDbEntity
  8
0
100
AcDbPolyline
 62
2
420
16776960
  6
BYLAYER
 38
0
 90
2
 70
1
 10
139.643556
 20
107.597212
 10
139.643556
 20
107.110379
  0
HATCH
  5
C60
100
AcDbEntity
  8
0
100
AcDbHatch
370
-1
 62
2
420
16776960
 10
0
 20
0
 30
0
210
0
220
0
230
1
  2
SOLID
 70
1
 71
0
 91
1
 92
3
 72
0
 73
1
 93
2
 10
139.643556
 20
107.597212
 10
139.643556
 20
107.110379
 97
0
 75
0
 76
1
 98
0
  0
LWPOLYLINE
  5
C61
100
AcDbEntity
  8
0
100
AcDbPolyline
 62
2
420
16776960
  6
BYLAYER
 38
0
 90
2
 70
1
 10
139.643556
 20
107.597212
 10
139.643556
 20
107.110379
  0
HATCH
  5
C62
100
AcDbEntity
  8
0
100
AcDbHatch
370
-1
 62
2
420
16776960
 10
0
 20
0
 30
0
210
0
220
0
230
1
  2
SOLID
 70
1
 71
0
 91
1
 92
3
 72
0
 73
1
 93
2
 10
139.643556
 20
106.877545
 10
139.643556
 20
106.157879
 97
0
 75
0
 76
1
 98
0
  0
LWPOLYLINE
  5
C63
100
AcDbEntity
  8
0
100
AcDbPolyline
 62
2
420
16776960
  6
BYLAYER
 38
0
 90
2
 70
1
 10
139.643556
 20
106.877545
 10
139.643556
 20
106.157879
  0
HATCH
  5
C64
100
AcDbEntity
  8
0
100
AcDbHatch
370
-1
 62
2
420
16776960
 10
0
 20
0
 30
0
210
0
220
0
230
1
  2
SOLID
 70
1
 71
0
 91
1
 92
3
 72
0
 73
1
 93
2
 10
139.643556
 20
106.877545
 10
139.643556
 20
106.157879
 97
0
 75
0
 76
1
 98
0
  0
LWPOLYLINE
  5
C65
100
AcDbEntity
  8
0
100
AcDbPolyline
 62
2
420
16776960
  6
BYLAYER
 38
0
 90
2
 70
1
 10
139.643556
 20
106.877545
 10
139.643556
 20
106.157879
  0
HATCH
  5
C66
100
AcDbEntity
  8
0
100
AcDbHatch
370
-1
 62
2
420
16776960
 10
0
 20
0
 30
0
210
0
220
0
230
1
  2
SOLID
 70
1
 71
0
 91
1
 92
3
 72
0
 73
1
 93
3
 10
139.643556
 20
107.597212
 10
139.431889
 20
107.597212
 10
139.431889
 20
107.110379
 97
0
 75
0
 76
1
 98
0
  0
LWPOLYLINE
  5
C67
100
AcDbEntity
  8
0
100
AcDbPolyline
 62
2
420
16776960
  6
BYLAYER
 38
0
 90
3
 70
1
 10
139.643556
 20
107.597212
 10
139.431889
 20
107.597212
 10
139.431889
 20
107.110379
  0
HATCH
  5
C68
100
AcDbEntity
  8
0
100
AcDbHatch
370
-1
 62
2
420
16776960
 10
0
 20
0
 30
0
210
0
220
0
230
1
  2
SOLID
 70
1
 71
0
 91
1
 92
3
 72
0
 73
1
 93
3
 10
139.643556
 20
107.597212
 10
139.643556
 20
107.110379
 10
139.431889
 20
107.110379
 97
0
 75
0
 76
1
 98
0
  0
LWPOLYLINE
  5
C69
100
AcDbEntity
  8
0
100
AcDbPolyline
 62
2
420
16776960
  6
BYLAYER
 38
0
 90
3
 70
1
 10
139.643556
 20
107.597212
 10
139.643556
 20
107.110379
 10
139.431889
 20
107.110379
  0
HATCH
  5
C6A
100
AcDbEntity
  8
0
100
AcDbHatch
370
-1
 62
2
420
16776960
 10
0
 20
0
 30
0
210
0
220
0
230
1
  2
SOLID
 70
1
 71
0
 91
1
 92
3
 72
0
 73
1
 93
3
 10
139.643556
 20
106.877545
 10
139.431889
 20
106.877545
 10
139.431889
 20
106.157879
 97
0
 75
0
 76
1
 98
0
  0
LWPOLYLINE
  5
C6B
100
AcDbEntity
  8
0
100
AcDbPolyline
 62
2
420
16776960
  6
BYLAYER
 38
0
 90
3
 70
1
 10
139.643556
 20
106.877545
 10
139.431889
 20
106.877545
 10
139.431889
 20
106.157879
  0
HATCH
  5
C6C
100
AcDbEntity
  8
0
100
AcDbHatch
370
-1
 62
2
420
16776960
 10
0
 20
0
 30
0
210
0
220
0
230
1
  2
SOLID
 70
1
 71
0
 91
1
 92
3
 72
0
 73
1
 93
3
 10
139.643556
 20
106.877545
 10
139.643556
 20
106.157879
 10
139.431889
 20
106.157879
 97
0
 75
0
 76
1
 98
0
  0
LWPOLYLINE
  5
C6D
100
AcDbEntity
  8
0
100
AcDbPolyline
 62
2
420
16776960
  6
BYLAYER
 38
0
 90
3
 70
1
 10
139.643556
 20
106.877545
 10
139.643556
 20
106.157879
 10
139.431889
 20
106.157879
  0
HATCH
  5
C6E
100
AcDbEntity
  8
0
100
AcDbHatch
370
-1
 62
2
420
16776960
 10
0
 20
0
 30
0
210
0
220
0
230
1
  2
SOLID
 70
1
 71
0
 91
1
 92
3
 72
0
 73
1
 93
2
 10
139.643556
 20
106.157879
 10
139.431889
 20
106.157879
 97
0
 75
0
 76
1
 98
0
  0
LWPOLYLINE
  5
C6F
100
AcDbEntity
  8
0
100
AcDbPolyline
 62
2
420
16776960
  6
BYLAYER
 38
0
 90
2
 70
1
 10
139.643556
 20
106.157879
 10
139.431889
 20
106.157879
  0
HATCH
  5
C70
100
AcDbEntity
  8
0
100
AcDbHatch
370
-1
 62
2
420
16776960
 10
0
 20
0
 30
0
210
0
220
0
230
1
  2
SOLID
 70
1
 71
0
 91
1
 92
3
 72
0
 73
1
 93
2
 10
139.643556
 20
106.157879
 10
139.431889
 20
106.157879
 97
0
 75
0
 76
1
 98
0
  0
LWPOLYLINE
  5
C71
100
AcDbEntity
  8
0
100
AcDbPolyline
 62
2
420
16776960
  6
BYLAYER
 38
0
 90
2
 70
1
 10
139.643556
 20
106.157879
 10
139.431889
 20
106.157879
  0
HATCH
  5
C72
100
AcDbEntity
  8
0
100
AcDbHatch
370
-1
 62
2
420
16776960
 10
0
 20
0
 30
0
210
0
220
0
230
1
  2
SOLID
 70
1
 71
0
 91
1
 92
3
 72
0
 73
1
 93
2
 10
139.431889
 20
107.597212
 10
139.431889
 20
107.110379
 97
0
 75
0
 76
1
 98
0
  0
LWPOLYLINE
  5
C73
100
AcDbEntity
  8
0
100
AcDbPolyline
 62
2
420
16776960
  6
BYLAYER
 38
0
 90
2
 70
1
 10
139.431889
 20
107.597212
 10
139.431889
 20
107.110379
  0
HATCH
  5
C74
100
AcDbEntity
  8
0
100
AcDbHatch
370
-1
 62
2
420
16776960
 10
0
 20
0
 30
0
210
0
220
0
230
1
  2
SOLID
 70
1
 71
0
 91
1
 92
3
 72
0
 73
1
 93
2
 10
139.431889
 20
107.597212
 10
139.431889
 20
107.110379
 97
0
 75
0
 76
1
 98
0
  0
LWPOLYLINE
  5
C75
100
AcDbEntity
  8
0
100
AcDbPolyline
 62
2
420
16776960
  6
BYLAYER
 38
0
 90
2
 70
1
 10
139.431889
 20
107.597212
 10
139.431889
 20
107.110379
  0
HATCH
  5
C76
100
AcDbEntity
  8
0
100
AcDbHatch
370
-1
 62
2
420
16776960
 10
0
 20
0
 30
0
210
0
220
0
230
1
  2
SOLID
 70
1
 71
0
 91
1
 92
3
 72
0
 73
1
 93
2
 10
139.431889
 20
106.877545
 10
139.431889
 20
106.157879
 97
0
 75
0
 76
1
 98
0
  0
LWPOLYLINE
  5
C77
100
AcDbEntity
  8
0
100
AcDbPolyline
 62
2
420
16776960
  6
BYLAYER
 38
0
 90
2
 70
1
 10
139.431889
 20
106.877545
 10
139.431889
 20
106.157879
  0
HATCH
  5
C78
100
AcDbEntity
  8
0
100
AcDbHatch
370
-1
 62
2
420
16776960
 10
0
 20
0
 30
0
210
0
220
0
230
1
  2
SOLID
 70
1
 71
0
 91
1
 92
3
 72
0
 73
1
 93
2
 10
139.431889
 20
106.877545
 10
139.431889
 20
106.157879
 97
0
 75
0
 76
1
 98
0
  0
LWPOLYLINE
  5
C79
100
AcDbEntity
  8
0
100
AcDbPolyline
 62
2
420
16776960
  6
BYLAYER
 38
0
 90
2
 70
1
 10
139.431889
 20
106.877545
 10
139.431889
 20
106.157879
  0
HATCH
  5
C7A
100
AcDbEntity
  8
0
100
AcDbHatch
370
-1
 62
2
420
16776960
 10
0
 20
0
 30
0
210
0
220
0
230
1
  2
SOLID
 70
1
 71
0
 91
1
 92
3
 72
0
 73
1
 93
2
 10
139.431889
 20
107.597212
 10
139.431889
 20
107.110379
 97
0
 75
0
 76
1
 98
0
  0
LWPOLYLINE
  5
C7B
100
AcDbEntity
  8
0
100
AcDbPolyline
 62
2
420
16776960
  6
BYLAYER
 38
0
 90
2
 70
1
 10
139.431889
 20
107.597212
 10
139.431889
 20
107.110379
  0
HATCH
  5
C7C
100
AcDbEntity
  8
0
100
AcDbHatch
370
-1
 62
2
420
16776960
 10
0
 20
0
 30
0
210
0
220
0
230
1
  2
SOLID
 70
1
 71
0
 91
1
 92
3
 72
0
 73
1
 93
2
 10
139.431889
 20
107.597212
 10
139.431889
 20
107.110379
 97
0
 75
0
 76
1
 98
0
  0
LWPOLYLINE
  5
C7D
100
AcDbEntity
  8
0
100
AcDbPolyline
 62
2
420
16776960
  6
BYLAYER
 38
0
 90
2
 70
1
 10
139.431889
 20
107.597212
 10
139.431889
 20
107.110379
  0
HATCH
  5
C7E
100
AcDbEntity
  8
0
100
AcDbHatch
370
-1
 62
2
420
16776960
 10
0
 20
0
 30
0
210
0
220
0
230
1
  2
SOLID
 70
1
 71
0
 91
1
 92
3
 72
0
 73
1
 93
2
 10
139.431889
 20
106.877545
 10
139.431889
 20
106.157879
 97
0
 75
0
 76
1
 98
0
  0
LWPOLYLINE
  5
C7F
100
AcDbEntity
  8
0
100
AcDbPolyline
 62
2
420
16776960
  6
BYLAYER
 38
0
 90
2
 70
1
 10
139.431889
 20
106.877545
 10
139.431889
 20
106.157879
  0
HATCH
  5
C80
100
AcDbEntity
  8
0
100
AcDbHatch
370
-1
 62
2
420
16776960
 10
0
 20
0
 30
0
210
0
220
0
230
1
  2
SOLID
 70
1
 71
0
 91
1
 92
3
 72
0
 73
1
 93
2
 10
139.431889
 20
106.877545
 10
139.431889
 20
106.157879
 97
0
 75
0
 76
1
 98
0
  0
LWPOLYLINE
  5
C81
100
AcDbEntity
  8
0
100
AcDbPolyline
 62
2
420
16776960
  6
BYLAYER
 38
0
 90
2
 70
1
 10
139.431889
 20
106.877545
 10
139.431889
 20
106.157879
  0
HATCH
  5
C82
100
AcDbEntity
  8
0
100
AcDbHatch
370
-1
 62
2
420
16776960
 10
0
 20
0
 30
0
210
0
220
0
230
1
  2
SOLID
 70
1
 71
0
 91
1
 92
3
 72
0
 73
1
 93
2
 10
139.431889
 20
107.597212
 10
139.431889
 20
107.110379
 97
0
 75
0
 76
1
 98
0
  0
LWPOLYLINE
  5
C83
100
AcDbEntity
  8
0
100
AcDbPolyline
 62
2
420
16776960
  6
BYLAYER
 38
0
 90
2
 70
1
 10
139.431889
 20
107.597212
 10
139.431889
 20
107.110379
  0
HATCH
  5
C84
100
AcDbEntity
  8
0
100
AcDbHatch
370
-1
 62
2
420
16776960
 10
0
 20
0
 30
0
210
0
220
0
230
1
  2
SOLID
 70
1
 71
0
 91
1
 92
3
 72
0
 73
1
 93
2
 10
139.431889
 20
107.597212
 10
139.431889
 20
107.110379
 97
0
 75
0
 76
1
 98
0
  0
LWPOLYLINE
  5
C85
100
AcDbEntity
  8
0
100
AcDbPolyline
 62
2
420
16776960
  6
BYLAYER
 38
0
 90
2
 70
1
 10
139.431889
 20
107.597212
 10
139.431889
 20
107.110379
  0
HATCH
  5
C86
100
AcDbEntity
  8
0
100
AcDbHatch
370
-1
 62
2
420
16776960
 10
0
 20
0
 30
0
210
0
220
0
230
1
  2
SOLID
 70
1
 71
0
 91
1
 92
3
 72
0
 73
1
 93
2
 10
139.431889
 20
106.877545
 10
139.431889
 20
106.157879
 97
0
 75
0
 76
1
 98
0
  0
LWPOLYLINE
  5
C87
100
AcDbEntity
  8
0
100
AcDbPolyline
 62
2
420
16776960
  6
BYLAYER
 38
0
 90
2
 70
1
 10
139.431889
 20
106.877545
 10
139.431889
 20
106.157879
  0
HATCH
  5
C88
100
AcDbEntity
  8
0
100
AcDbHatch
370
-1
 62
2
420
16776960
 10
0
 20
0
 30
0
210
0
220
0
230
1
  2
SOLID
 70
1
 71
0
 91
1
 92
3
 72
0
 73
1
 93
2
 10
139.431889
 20
106.877545
 10
139.431889
 20
106.157879
 97
0
 75
0
 76
1
 98
0
  0
LWPOLYLINE
  5
C89
100
AcDbEntity
  8
0
100
AcDbPolyline
 62
2
420
16776960
  6
BYLAYER
 38
0
 90
2
 70
1
 10
139.431889
 20
106.877545
 10
139.431889
 20
106.157879
  0
HATCH
  5
C8A
100
AcDbEntity
  8
0
100
AcDbHatch
370
-1
 62
2
420
16776960
 10
0
 20
0
 30
0
210
0
220
0
230
1
  2
SOLID
 70
1
 71
0
 91
1
 92
3
 72
0
 73
1
 93
2
 10
139.431889
 20
107.597212
 10
139.431889
 20
107.110379
 97
0
 75
0
 76
1
 98
0
  0
LWPOLYLINE
  5
C8B
100
AcDbEntity
  8
0
100
AcDbPolyline
 62
2
420
16776960
  6
BYLAYER
 38
0
 90
2
 70
1
 10
139.431889
 20
107.597212
 10
139.431889
 20
107.110379
  0
HATCH
  5
C8C
100
AcDbEntity
  8
0
100
AcDbHatch
370
-1
 62
2
420
16776960
 10
0
 20
0
 30
0
210
0
220
0
230
1
  2
SOLID
 70
1
 71
0
 91
1
 92
3
 72
0
 73
1
 93
2
 10
139.431889
 20
107.597212
 10
139.431889
 20
107.110379
 97
0
 75
0
 76
1
 98
0
  0
LWPOLYLINE
  5
C8D
100
AcDbEntity
  8
0
100
AcDbPolyline
 62
2
420
16776960
  6
BYLAYER
 38
0
 90
2
 70
1
 10
139.431889
 20
107.597212
 10
139.431889
 20
107.110379
  0
HATCH
  5
C8E
100
AcDbEntity
  8
0
100
AcDbHatch
370
-1
 62
2
420
16776960
 10
0
 20
0
 30
0
210
0
220
0
230
1
  2
SOLID
 70
1
 71
0
 91
1
 92
3
 72
0
 73
1
 93
2
 10
139.431889
 20
106.877545
 10
139.431889
 20
106.157879
 97
0
 75
0
 76
1
 98
0
  0
LWPOLYLINE
  5
C8F
100
AcDbEntity
  8
0
100
AcDbPolyline
 62
2
420
16776960
  6
BYLAYER
 38
0
 90
2
 70
1
 10
139.431889
 20
106.877545
 10
139.431889
 20
106.157879
  0
HATCH
  5
C90
100
AcDbEntity
  8
0
100
AcDbHatch
370
-1
 62
2
420
16776960
 10
0
 20
0
 30
0
210
0
220
0
230
1
  2
SOLID
 70
1
 71
0
 91
1
 92
3
 72
0
 73
1
 93
2
 10
139.431889
 20
106.877545
 10
139.431889
 20
106.157879
 97
0
 75
0
 76
1
 98
0
  0
LWPOLYLINE
  5
C91
100
AcDbEntity
  8
0
100
AcDbPolyline
 62
2
420
16776960
  6
BYLAYER
 38
0
 90
2
 70
1
 10
139.431889
 20
106.877545
 10
139.431889
 20
106.157879
  0
HATCH
  5
C92
100
AcDbEntity
  8
0
100
AcDbHatch
370
-1
 62
2
420
16776960
 10
0
 20
0
 30
0
210
0
220
0
230
1
  2
SOLID
 70
1
 71
0
 91
1
 92
3
 72
0
 73
1
 93
2
 10
139.431889
 20
107.597212
 10
139.431889
 20
107.110379
 97
0
 75
0
 76
1
 98
0
  0
LWPOLYLINE
  5
C93
100
AcDbEntity
  8
0
100
AcDbPolyline
 62
2
420
16776960
  6
BYLAYER
 38
0
 90
2
 70
1
 10
139.431889
 20
107.597212
 10
139.431889
 20
107.110379
  0
HATCH
  5
C94
100
AcDbEntity
  8
0
100
AcDbHatch
370
-1
 62
2
420
16776960
 10
0
 20
0
 30
0
210
0
220
0
230
1
  2
SOLID
 70
1
 71
0
 91
1
 92
3
 72
0
 73
1
 93
2
 10
139.431889
 20
107.597212
 10
139.431889
 20
107.110379
 97
0
 75
0
 76
1
 98
0
  0
LWPOLYLINE
  5
C95
100
AcDbEntity
  8
0
100
AcDbPolyline
 62
2
420
16776960
  6
BYLAYER
 38
0
 90
2
 70
1
 10
139.431889
 20
107.597212
 10
139.431889
 20
107.110379
  0
HATCH
  5
C96
100
AcDbEntity
  8
0
100
AcDbHatch
370
-1
 62
2
420
16776960
 10
0
 20
0
 30
0
210
0
220
0
230
1
  2
SOLID
 70
1
 71
0
 91
1
 92
3
 72
0
 73
1
 93
2
 10
139.431889
 20
106.877545
 10
139.431889
 20
106.157879
 97
0
 75
0
 76
1
 98
0
  0
LWPOLYLINE
  5
C97
100
AcDbEntity
  8
0
100
AcDbPolyline
 62
2
420
16776960
  6
BYLAYER
 38
0
 90
2
 70
1
 10
139.431889
 20
106.877545
 10
139.431889
 20
106.157879
  0
HATCH
  5
C98
100
AcDbEntity
  8
0
100
AcDbHatch
370
-1
 62
2
420
16776960
 10
0
 20
0
 30
0
210
0
220
0
230
1
  2
SOLID
 70
1
 71
0
 91
1
 92
3
 72
0
 73
1
 93
2
 10
139.431889
 20
106.877545
 10
139.431889
 20
106.157879
 97
0
 75
0
 76
1
 98
0
  0
LWPOLYLINE
  5
C99
100
AcDbEntity
  8
0
100
AcDbPolyline
 62
2
420
16776960
  6
BYLAYER
 38
0
 90
2
 70
1
 10
139.431889
 20
106.877545
 10
139.431889
 20
106.157879
  0
HATCH
  5
C9A
100
AcDbEntity
  8
0
100
AcDbHatch
370
-1
 62
2
420
16776960
 10
0
 20
0
 30
0
210
0
220
0
230
1
  2
SOLID
 70
1
 71
0
 91
1
 92
3
 72
0
 73
1
 93
2
 10
139.431889
 20
107.597212
 10
139.431889
 20
106.877545
 97
0
 75
0
 76
1
 98
0
  0
LWPOLYLINE
  5
C9B
100
AcDbEntity
  8
0
100
AcDbPolyline
 62
2
420
16776960
  6
BYLAYER
 38
0
 90
2
 70
1
 10
139.431889
 20
107.597212
 10
139.431889
 20
106.877545
  0
HATCH
  5
C9C
100
AcDbEntity
  8
0
100
AcDbHatch
370
-1
 62
2
420
16776960
 10
0
 20
0
 30
0
210
0
220
0
230
1
  2
SOLID
 70
1
 71
0
 91
1
 92
3
 72
0
 73
1
 93
2
 10
139.431889
 20
107.597212
 10
139.431889
 20
106.877545
 97
0
 75
0
 76
1
 98
0
  0
LWPOLYLINE
  5
C9D
100
AcDbEntity
  8
0
100
AcDbPolyline
 62
2
420
16776960
  6
BYLAYER
 38
0
 90
2
 70
1
 10
139.431889
 20
107.597212
 10
139.431889
 20
106.877545
  0
HATCH
  5
C9E
100
AcDbEntity
  8
0
100
AcDbHatch
370
-1
 62
2
420
16776960
 10
0
 20
0
 30
0
210
0
220
0
230
1
  2
SOLID
 70
1
 71
0
 91
1
 92
3
 72
0
 73
1
 93
2
 10
139.431889
 20
106.877545
 10
139.431889
 20
106.157879
 97
0
 75
0
 76
1
 98
0
  0
LWPOLYLINE
  5
C9F
100
AcDbEntity
  8
0
100
AcDbPolyline
 62
2
420
16776960
  6
BYLAYER
 38
0
 90
2
 70
1
 10
139.431889
 20
106.877545
 10
139.431889
 20
106.157879
  0
HATCH
  5
CA0
100
AcDbEntity
  8
0
100
AcDbHatch
370
-1
 62
2
420
16776960
 10
0
 20
0
 30
0
210
0
220
0
230
1
  2
SOLID
 70
1
 71
0
 91
1
 92
3
 72
0
 73
1
 93
2
 10
139.431889
 20
106.877545
 10
139.431889
 20
106.157879
 97
0
 75
0
 76
1
 98
0
  0
LWPOLYLINE
  5
CA1
100
AcDbEntity
  8
0
100
AcDbPolyline
 62
2
420
16776960
  6
BYLAYER
 38
0
 90
2
 70
1
 10
139.431889
 20
106.877545
 10
139.431889
 20
106.157879
  0
HATCH
  5
CA2
100
AcDbEntity
  8
0
100
AcDbHatch
370
-1
 62
2
420
16776960
 10
0
 20
0
 30
0
210
0
220
0
230
1
  2
SOLID
 70
1
 71
0
 91
1
 92
3
 72
0
 73
1
 93
2
 10
139.431889
 20
107.597212
 10
139.431889
 20
106.157879
 97
0
 75
0
 76
1
 98
0
  0
LWPOLYLINE
  5
CA3
100
AcDbEntity
  8
0
100
AcDbPolyline
 62
2
420
16776960
  6
BYLAYER
 38
0
 90
2
 70
1
 10
139.431889
 20
107.597212
 10
139.431889
 20
106.157879
  0
HATCH
  5
CA4
100
AcDbEntity
  8
0
100
AcDbHatch
370
-1
 62
2
420
16776960
 10
0
 20
0
 30
0
210
0
220
0
230
1
  2
SOLID
 70
1
 71
0
 91
1
 92
3
 72
0
 73
1
 93
2
 10
139.431889
 20
107.597212
 10
139.431889
 20
106.157879
 97
0
 75
0
 76
1
 98
0
  0
LWPOLYLINE
  5
CA5
100
AcDbEntity
  8
0
100
AcDbPolyline
 62
2
420
16776960
  6
BYLAYER
 38
0
 90
2
 70
1
 10
139.431889
 20
107.597212
 10
139.431889
 20
106.157879
  0
HATCH
  5
CA6
100
AcDbEntity
  8
0
100
AcDbHatch
370
-1
 62
2
420
16776960
 10
0
 20
0
 30
0
210
0
220
0
230
1
  2
SOLID
 70
1
 71
0
 91
1
 92
3
 72
0
 73
1
 93
2
 10
139.431889
 20
107.597212
 10
139.431889
 20
106.157879
 97
0
 75
0
 76
1
 98
0
  0
LWPOLYLINE
  5
CA7
100
AcDbEntity
  8
0
100
AcDbPolyline
 62
2
420
16776960
  6
BYLAYER
 38
0
 90
2
 70
1
 10
139.431889
 20
107.597212
 10
139.431889
 20
106.157879
  0
HATCH
  5
CA8
100
AcDbEntity
  8
0
100
AcDbHatch
370
-1
 62
2
420
16776960
 10
0
 20
0
 30
0
210
0
220
0
230
1
  2
SOLID
 70
1
 71
0
 91
1
 92
3
 72
0
 73
1
 93
2
 10
139.431889
 20
107.597212
 10
139.431889
 20
106.157879
 97
0
 75
0
 76
1
 98
0
  0
LWPOLYLINE
  5
CA9
100
AcDbEntity
  8
0
100
AcDbPolyline
 62
2
420
16776960
  6
BYLAYER
 38
0
 90
2
 70
1
 10
139.431889
 20
107.597212
 10
139.431889
 20
106.157879
  0
HATCH
  5
CAA
100
AcDbEntity
  8
0
100
AcDbHatch
370
-1
 62
2
420
16776960
 10
0
 20
0
 30
0
210
0
220
0
230
1
  2
SOLID
 70
1
 71
0
 91
1
 92
3
 72
0
 73
1
 93
2
 10
139.431889
 20
107.597212
 10
139.431889
 20
106.157879
 97
0
 75
0
 76
1
 98
0
  0
LWPOLYLINE
  5
CAB
100
AcDbEntity
  8
0
100
AcDbPolyline
 62
2
420
16776960
  6
BYLAYER
 38
0
 90
2
 70
1
 10
139.431889
 20
107.597212
 10
139.431889
 20
106.157879
  0
HATCH
  5
CAC
100
AcDbEntity
  8
0
100
AcDbHatch
370
-1
 62
2
420
16776960
 10
0
 20
0
 30
0
210
0
220
0
230
1
  2
SOLID
 70
1
 71
0
 91
1
 92
3
 72
0
 73
1
 93
2
 10
139.431889
 20
107.597212
 10
139.431889
 20
106.157879
 97
0
 75
0
 76
1
 98
0
  0
LWPOLYLINE
  5
CAD
100
AcDbEntity
  8
0
100
AcDbPolyline
 62
2
420
16776960
  6
BYLAYER
 38
0
 90
2
 70
1
 10
139.431889
 20
107.597212
 10
139.431889
 20
106.157879
  0
HATCH
  5
CAE
100
AcDbEntity
  8
0
100
AcDbHatch
370
-1
 62
2
420
16776960
 10
0
 20
0
 30
0
210
0
220
0
230
1
  2
SOLID
 70
1
 71
0
 91
1
 92
3
 72
0
 73
1
 93
2
 10
139.431889
 20
107.110379
 10
139.431889
 20
106.157879
 97
0
 75
0
 76
1
 98
0
  0
LWPOLYLINE
  5
CAF
100
AcDbEntity
  8
0
100
AcDbPolyline
 62
2
420
16776960
  6
BYLAYER
 38
0
 90
2
 70
1
 10
139.431889
 20
107.110379
 10
139.431889
 20
106.157879
  0
HATCH
  5
CB0
100
AcDbEntity
  8
0
100
AcDbHatch
370
-1
 62
2
420
16776960
 10
0
 20
0
 30
0
210
0
220
0
230
1
  2
SOLID
 70
1
 71
0
 91
1
 92
3
 72
0
 73
1
 93
2
 10
139.431889
 20
107.110379
 10
139.431889
 20
106.157879
 97
0
 75
0
 76
1
 98
0
  0
LWPOLYLINE
  5
CB1
100
AcDbEntity
  8
0
100
AcDbPolyline
 62
2
420
16776960
  6
BYLAYER
 38
0
 90
2
 70
1
 10
139.431889
 20
107.110379
 10
139.431889
 20
106.157879
  0
HATCH
  5
CB2
100
AcDbEntity
  8
0
100
AcDbHatch
370
-1
 62
2
420
16776960
 10
0
 20
0
 30
0
210
0
220
0
230
1
  2
SOLID
 70
1
 71
0
 91
1
 92
3
 72
0
 73
1
 93
2
 10
139.431889
 20
107.110379
 10
139.431889
 20
106.877545
 97
0
 75
0
 76
1
 98
0
  0
LWPOLYLINE
  5
CB3
100
AcDbEntity
  8
0
100
AcDbPolyline
 62
2
420
16776960
  6
BYLAYER
 38
0
 90
2
 70
1
 10
139.431889
 20
107.110379
 10
139.431889
 20
106.877545
  0
HATCH
  5
CB4
100
AcDbEntity
  8
0
100
AcDbHatch
370
-1
 62
2
420
16776960
 10
0
 20
0
 30
0
210
0
220
0
230
1
  2
SOLID
 70
1
 71
0
 91
1
 92
3
 72
0
 73
1
 93
2
 10
139.431889
 20
107.110379
 10
139.431889
 20
106.877545
 97
0
 75
0
 76
1
 98
0
  0
LWPOLYLINE
  5
CB5
100
AcDbEntity
  8
0
100
AcDbPolyline
 62
2
420
16776960
  6
BYLAYER
 38
0
 90
2
 70
1
 10
139.431889
 20
107.110379
 10
139.431889
 20
106.877545
  0
HATCH
  5
CB6
100
AcDbEntity
  8
0
100
AcDbHatch
370
-1
 62
2
420
16776960
 10
0
 20
0
 30
0
210
0
220
0
230
1
  2
SOLID
 70
1
 71
0
 91
1
 92
3
 72
0
 73
1
 93
2
 10
139.431889
 20
106.877545
 10
139.431889
 20
106.157879
 97
0
 75
0
 76
1
 98
0
  0
LWPOLYLINE
  5
CB7
100
AcDbEntity
  8
0
100
AcDbPolyline
 62
2
420
16776960
  6
BYLAYER
 38
0
 90
2
 70
1
 10
139.431889
 20
106.877545
 10
139.431889
 20
106.157879
  0
HATCH
  5
CB8
100
AcDbEntity
  8
0
100
AcDbHatch
370
-1
 62
2
420
16776960
 10
0
 20
0
 30
0
210
0
220
0
230
1
  2
SOLID
 70
1
 71
0
 91
1
 92
3
 72
0
 73
1
 93
2
 10
139.431889
 20
106.877545
 10
139.431889
 20
106.157879
 97
0
 75
0
 76
1
 98
0
  0
LWPOLYLINE
  5
CB9
100
AcDbEntity
  8
0
100
AcDbPolyline
 62
2
420
16776960
  6
BYLAYER
 38
0
 90
2
 70
1
 10
139.431889
 20
106.877545
 10
139.431889
 20
106.157879
  0
HATCH
  5
CBA
100
AcDbEntity
  8
0
100
AcDbHatch
370
-1
 62
2
420
16776960
 10
0
 20
0
 30
0
210
0
220
0
230
1
  2
SOLID
 70
1
 71
0
 91
1
 92
3
 72
0
 73
1
 93
2
 10
139.431889
 20
107.110379
 10
139.220222
 20
106.877545
 97
0
 75
0
 76
1
 98
0
  0
LWPOLYLINE
  5
CBB
100
AcDbEntity
  8
0
100
AcDbPolyline
 62
2
420
16776960
  6
BYLAYER
 38
0
 90
2
 70
1
 10
139.431889
 20
107.110379
 10
139.220222
 20
106.877545
  0
HATCH
  5
CBC
100
AcDbEntity
  8
0
100
AcDbHatch
370
-1
 62
2
420
16776960
 10
0
 20
0
 30
0
210
0
220
0
230
1
  2
SOLID
 70
1
 71
0
 91
1
 92
3
 72
0
 73
1
 93
3
 10
139.431889
 20
107.110379
 10
139.431889
 20
106.877545
 10
139.220222
 20
106.877545
 97
0
 75
0
 76
1
 98
0
  0
LWPOLYLINE
  5
CBD
100
AcDbEntity
  8
0
100
AcDbPolyline
 62
2
420
16776960
  6
BYLAYER
 38
0
 90
3
 70
1
 10
139.431889
 20
107.110379
 10
139.431889
 20
106.877545
 10
139.220222
 20
106.877545
  0
HATCH
  5
CBE
100
AcDbEntity
  8
0
100
AcDbHatch
370
-1
 62
2
420
16776960
 10
0
 20
0
 30
0
210
0
220
0
230
1
  2
SOLID
 70
1
 71
0
 91
1
 92
3
 72
0
 73
1
 93
2
 10
139.431889
 20
106.157879
 10
139.220222
 20
106.157879
 97
0
 75
0
 76
1
 98
0
  0
LWPOLYLINE
  5
CBF
100
AcDbEntity
  8
0
100
AcDbPolyline
 62
2
420
16776960
  6
BYLAYER
 38
0
 90
2
 70
1
 10
139.431889
 20
106.157879
 10
139.220222
 20
106.157879
  0
HATCH
  5
CC0
100
AcDbEntity
  8
0
100
AcDbHatch
370
-1
 62
2
420
16776960
 10
0
 20
0
 30
0
210
0
220
0
230
1
  2
SOLID
 70
1
 71
0
 91
1
 92
3
 72
0
 73
1
 93
2
 10
139.431889
 20
106.157879
 10
139.220222
 20
106.157879
 97
0
 75
0
 76
1
 98
0
  0
LWPOLYLINE
  5
CC1
100
AcDbEntity
  8
0
100
AcDbPolyline
 62
2
420
16776960
  6
BYLAYER
 38
0
 90
2
 70
1
 10
139.431889
 20
106.157879
 10
139.220222
 20
106.157879
  0
HATCH
  5
CC2
100
AcDbEntity
  8
0
100
AcDbHatch
370
-1
 62
2
420
16776960
 10
0
 20
0
 30
0
210
0
220
0
230
1
  2
SOLID
 70
1
 71
0
 91
1
 92
3
 72
0
 73
1
 93
3
 10
139.008556
 20
106.644712
 10
139.008556
 20
106.877545
 10
139.008556
 20
106.390712
 97
0
 75
0
 76
1
 98
0
  0
LWPOLYLINE
  5
CC3
100
AcDbEntity
  8
0
100
AcDbPolyline
 62
2
420
16776960
  6
BYLAYER
 38
0
 90
2
 70
1
 10
139.008556
 20
106.644712
 10
139.008556
 20
106.390712
  0
HATCH
  5
CC4
100
AcDbEntity
  8
0
100
AcDbHatch
370
-1
 62
2
420
16776960
 10
0
 20
0
 30
0
210
0
220
0
230
1
  2
SOLID
 70
1
 71
0
 91
1
 92
3
 72
0
 73
1
 93
2
 10
139.008556
 20
106.644712
 10
139.008556
 20
106.390712
 97
0
 75
0
 76
1
 98
0
  0
LWPOLYLINE
  5
CC5
100
AcDbEntity
  8
0
100
AcDbPolyline
 62
2
420
16776960
  6
BYLAYER
 38
0
 90
2
 70
1
 10
139.008556
 20
106.644712
 10
139.008556
 20
106.390712
  0
HATCH
  5
CC6
100
AcDbEntity
  8
0
100
AcDbHatch
370
-1
 62
2
420
16776960
 10
0
 20
0
 30
0
210
0
220
0
230
1
  2
SOLID
 70
1
 71
0
 91
1
 92
3
 72
0
 73
1
 93
2
 10
139.008556
 20
107.597212
 10
139.008556
 20
106.877545
 97
0
 75
0
 76
1
 98
0
  0
LWPOLYLINE
  5
CC7
100
AcDbEntity
  8
0
100
AcDbPolyline
 62
2
420
16776960
  6
BYLAYER
 38
0
 90
2
 70
1
 10
139.008556
 20
107.597212
 10
139.008556
 20
106.877545
  0
HATCH
  5
CC8
100
AcDbEntity
  8
0
100
AcDbHatch
370
-1
 62
2
420
16776960
 10
0
 20
0
 30
0
210
0
220
0
230
1
  2
SOLID
 70
1
 71
0
 91
1
 92
3
 72
0
 73
1
 93
2
 10
139.008556
 20
106.877545
 10
139.008556
 20
106.390712
 97
0
 75
0
 76
1
 98
0
  0
LWPOLYLINE
  5
CC9
100
AcDbEntity
  8
0
100
AcDbPolyline
 62
2
420
16776960
  6
BYLAYER
 38
0
 90
2
 70
1
 10
139.008556
 20
106.877545
 10
139.008556
 20
106.390712
  0
HATCH
  5
CCA
100
AcDbEntity
  8
0
100
AcDbHatch
370
-1
 62
2
420
16776960
 10
0
 20
0
 30
0
210
0
220
0
230
1
  2
SOLID
 70
1
 71
0
 91
1
 92
3
 72
0
 73
1
 93
2
 10
139.008556
 20
106.877545
 10
139.008556
 20
106.390712
 97
0
 75
0
 76
1
 98
0
  0
LWPOLYLINE
  5
CCB
100
AcDbEntity
  8
0
100
AcDbPolyline
 62
2
420
16776960
  6
BYLAYER
 38
0
 90
2
 70
1
 10
139.008556
 20
106.877545
 10
139.008556
 20
106.390712
  0
HATCH
  5
CCC
100
AcDbEntity
  8
0
100
AcDbHatch
370
-1
 62
2
420
16776960
 10
0
 20
0
 30
0
210
0
220
0
230
1
  2
SOLID
 70
1
 71
0
 91
1
 92
3
 72
0
 73
1
 93
2
 10
139.008556
 20
107.597212
 10
139.008556
 20
106.390712
 97
0
 75
0
 76
1
 98
0
  0
LWPOLYLINE
  5
CCD
100
AcDbEntity
  8
0
100
AcDbPolyline
 62
2
420
16776960
  6
BYLAYER
 38
0
 90
2
 70
1
 10
139.008556
 20
107.597212
 10
139.008556
 20
106.390712
  0
HATCH
  5
CCE
100
AcDbEntity
  8
0
100
AcDbHatch
370
-1
 62
2
420
16776960
 10
0
 20
0
 30
0
210
0
220
0
230
1
  2
SOLID
 70
1
 71
0
 91
1
 92
3
 72
0
 73
1
 93
2
 10
139.008556
 20
107.597212
 10
139.008556
 20
106.390712
 97
0
 75
0
 76
1
 98
0
  0
LWPOLYLINE
  5
CCF
100
AcDbEntity
  8
0
100
AcDbPolyline
 62
2
420
16776960
  6
BYLAYER
 38
0
 90
2
 70
1
 10
139.008556
 20
107.597212
 10
139.008556
 20
106.390712
  0
HATCH
  5
CD0
100
AcDbEntity
  8
0
100
AcDbHatch
370
-1
 62
2
420
16776960
 10
0
 20
0
 30
0
210
0
220
0
230
1
  2
SOLID
 70
1
 71
0
 91
1
 92
3
 72
0
 73
1
 93
2
 10
139.008556
 20
107.597212
 10
139.008556
 20
106.157879
 97
0
 75
0
 76
1
 98
0
  0
LWPOLYLINE
  5
CD1
100
AcDbEntity
  8
0
100
AcDbPolyline
 62
2
420
16776960
  6
BYLAYER
 38
0
 90
2
 70
1
 10
139.008556
 20
107.597212
 10
139.008556
 20
106.157879
  0
HATCH
  5
CD2
100
AcDbEntity
  8
0
100
AcDbHatch
370
-1
 62
2
420
16776960
 10
0
 20
0
 30
0
210
0
220
0
230
1
  2
SOLID
 70
1
 71
0
 91
1
 92
3
 72
0
 73
1
 93
2
 10
139.008556
 20
107.597212
 10
139.008556
 20
106.157879
 97
0
 75
0
 76
1
 98
0
  0
LWPOLYLINE
  5
CD3
100
AcDbEntity
  8
0
100
AcDbPolyline
 62
2
420
16776960
  6
BYLAYER
 38
0
 90
2
 70
1
 10
139.008556
 20
107.597212
 10
139.008556
 20
106.157879
  0
HATCH
  5
CD4
100
AcDbEntity
  8
0
100
AcDbHatch
370
-1
 62
2
420
16776960
 10
0
 20
0
 30
0
210
0
220
0
230
1
  2
SOLID
 70
1
 71
0
 91
1
 92
3
 72
0
 73
1
 93
2
 10
139.008556
 20
107.597212
 10
139.008556
 20
106.157879
 97
0
 75
0
 76
1
 98
0
  0
LWPOLYLINE
  5
CD5
100
AcDbEntity
  8
0
100
AcDbPolyline
 62
2
420
16776960
  6
BYLAYER
 38
0
 90
2
 70
1
 10
139.008556
 20
107.597212
 10
139.008556
 20
106.157879
  0
HATCH
  5
CD6
100
AcDbEntity
  8
0
100
AcDbHatch
370
-1
 62
2
420
16776960
 10
0
 20
0
 30
0
210
0
220
0
230
1
  2
SOLID
 70
1
 71
0
 91
1
 92
3
 72
0
 73
1
 93
2
 10
139.008556
 20
107.597212
 10
139.008556
 20
106.157879
 97
0
 75
0
 76
1
 98
0
  0
LWPOLYLINE
  5
CD7
100
AcDbEntity
  8
0
100
AcDbPolyline
 62
2
420
16776960
  6
BYLAYER
 38
0
 90
2
 70
1
 10
139.008556
 20
107.597212
 10
139.008556
 20
106.157879
  0
HATCH
  5
CD8
100
AcDbEntity
  8
0
100
AcDbHatch
370
-1
 62
2
420
16776960
 10
0
 20
0
 30
0
210
0
220
0
230
1
  2
SOLID
 70
1
 71
0
 91
1
 92
3
 72
0
 73
1
 93
2
 10
139.008556
 20
107.597212
 10
139.008556
 20
106.644712
 97
0
 75
0
 76
1
 98
0
  0
LWPOLYLINE
  5
CD9
100
AcDbEntity
  8
0
100
AcDbPolyline
 62
2
420
16776960
  6
BYLAYER
 38
0
 90
2
 70
1
 10
139.008556
 20
107.597212
 10
139.008556
 20
106.644712
  0
HATCH
  5
CDA
100
AcDbEntity
  8
0
100
AcDbHatch
370
-1
 62
2
420
16776960
 10
0
 20
0
 30
0
210
0
220
0
230
1
  2
SOLID
 70
1
 71
0
 91
1
 92
3
 72
0
 73
1
 93
2
 10
139.008556
 20
107.597212
 10
139.008556
 20
106.644712
 97
0
 75
0
 76
1
 98
0
  0
LWPOLYLINE
  5
CDB
100
AcDbEntity
  8
0
100
AcDbPolyline
 62
2
420
16776960
  6
BYLAYER
 38
0
 90
2
 70
1
 10
139.008556
 20
107.597212
 10
139.008556
 20
106.644712
  0
HATCH
  5
CDC
100
AcDbEntity
  8
0
100
AcDbHatch
370
-1
 62
2
420
16776960
 10
0
 20
0
 30
0
210
0
220
0
230
1
  2
SOLID
 70
1
 71
0
 91
1
 92
3
 72
0
 73
1
 93
2
 10
139.008556
 20
106.644712
 10
139.008556
 20
106.157879
 97
0
 75
0
 76
1
 98
0
  0
LWPOLYLINE
  5
CDD
100
AcDbEntity
  8
0
100
AcDbPolyline
 62
2
420
16776960
  6
BYLAYER
 38
0
 90
2
 70
1
 10
139.008556
 20
106.644712
 10
139.008556
 20
106.157879
  0
HATCH
  5
CDE
100
AcDbEntity
  8
0
100
AcDbHatch
370
-1
 62
2
420
16776960
 10
0
 20
0
 30
0
210
0
220
0
230
1
  2
SOLID
 70
1
 71
0
 91
1
 92
3
 72
0
 73
1
 93
2
 10
139.008556
 20
106.644712
 10
139.008556
 20
106.157879
 97
0
 75
0
 76
1
 98
0
  0
LWPOLYLINE
  5
CDF
100
AcDbEntity
  8
0
100
AcDbPolyline
 62
2
420
16776960
  6
BYLAYER
 38
0
 90
2
 70
1
 10
139.008556
 20
106.644712
 10
139.008556
 20
106.157879
  0
HATCH
  5
CE0
100
AcDbEntity
  8
0
100
AcDbHatch
370
-1
 62
2
420
16776960
 10
0
 20
0
 30
0
210
0
220
0
230
1
  2
SOLID
 70
1
 71
0
 91
1
 92
3
 72
0
 73
1
 93
2
 10
139.008556
 20
107.597212
 10
139.008556
 20
106.644712
 97
0
 75
0
 76
1
 98
0
  0
LWPOLYLINE
  5
CE1
100
AcDbEntity
  8
0
100
AcDbPolyline
 62
2
420
16776960
  6
BYLAYER
 38
0
 90
2
 70
1
 10
139.008556
 20
107.597212
 10
139.008556
 20
106.644712
  0
HATCH
  5
CE2
100
AcDbEntity
  8
0
100
AcDbHatch
370
-1
 62
2
420
16776960
 10
0
 20
0
 30
0
210
0
220
0
230
1
  2
SOLID
 70
1
 71
0
 91
1
 92
3
 72
0
 73
1
 93
2
 10
139.008556
 20
107.597212
 10
139.008556
 20
106.644712
 97
0
 75
0
 76
1
 98
0
  0
LWPOLYLINE
  5
CE3
100
AcDbEntity
  8
0
100
AcDbPolyline
 62
2
420
16776960
  6
BYLAYER
 38
0
 90
2
 70
1
 10
139.008556
 20
107.597212
 10
139.008556
 20
106.644712
  0
HATCH
  5
CE4
100
AcDbEntity
  8
0
100
AcDbHatch
370
-1
 62
2
420
16776960
 10
0
 20
0
 30
0
210
0
220
0
230
1
  2
SOLID
 70
1
 71
0
 91
1
 92
3
 72
0
 73
1
 93
2
 10
139.008556
 20
106.644712
 10
139.008556
 20
106.157879
 97
0
 75
0
 76
1
 98
0
  0
LWPOLYLINE
  5
CE5
100
AcDbEntity
  8
0
100
AcDbPolyline
 62
2
420
16776960
  6
BYLAYER
 38
0
 90
2
 70
1
 10
139.008556
 20
106.644712
 10
139.008556
 20
106.157879
  0
HATCH
  5
CE6
100
AcDbEntity
  8
0
100
AcDbHatch
370
-1
 62
2
420
16776960
 10
0
 20
0
 30
0
210
0
220
0
230
1
  2
SOLID
 70
1
 71
0
 91
1
 92
3
 72
0
 73
1
 93
2
 10
139.008556
 20
106.644712
 10
139.008556
 20
106.157879
 97
0
 75
0
 76
1
 98
0
  0
LWPOLYLINE
  5
CE7
100
AcDbEntity
  8
0
100
AcDbPolyline
 62
2
420
16776960
  6
BYLAYER
 38
0
 90
2
 70
1
 10
139.008556
 20
106.644712
 10
139.008556
 20
106.157879
  0
HATCH
  5
CE8
100
AcDbEntity
  8
0
100
AcDbHatch
370
-1
 62
2
420
16776960
 10
0
 20
0
 30
0
210
0
220
0
230
1
  2
SOLID
 70
1
 71
0
 91
1
 92
3
 72
0
 73
1
 93
2
 10
139.008556
 20
107.597212
 10
139.008556
 20
106.644712
 97
0
 75
0
 76
1
 98
0
  0
LWPOLYLINE
  5
CE9
100
AcDbEntity
  8
0
100
AcDbPolyline
 62
2
420
16776960
  6
BYLAYER
 38
0
 90
2
 70
1
 10
139.008556
 20
107.597212
 10
139.008556
 20
106.644712
  0
HATCH
  5
CEA
100
AcDbEntity
  8
0
100
AcDbHatch
370
-1
 62
2
420
16776960
 10
0
 20
0
 30
0
210
0
220
0
230
1
  2
SOLID
 70
1
 71
0
 91
1
 92
3
 72
0
 73
1
 93
2
 10
139.008556
 20
107.597212
 10
139.008556
 20
106.644712
 97
0
 75
0
 76
1
 98
0
  0
LWPOLYLINE
  5
CEB
100
AcDbEntity
  8
0
100
AcDbPolyline
 62
2
420
16776960
  6
BYLAYER
 38
0
 90
2
 70
1
 10
139.008556
 20
107.597212
 10
139.008556
 20
106.644712
  0
HATCH
  5
CEC
100
AcDbEntity
  8
0
100
AcDbHatch
370
-1
 62
2
420
16776960
 10
0
 20
0
 30
0
210
0
220
0
230
1
  2
SOLID
 70
1
 71
0
 91
1
 92
3
 72
0
 73
1
 93
2
 10
139.008556
 20
106.644712
 10
139.008556
 20
106.157879
 97
0
 75
0
 76
1
 98
0
  0
LWPOLYLINE
  5
CED
100
AcDbEntity
  8
0
100
AcDbPolyline
 62
2
420
16776960
  6
BYLAYER
 38
0
 90
2
 70
1
 10
139.008556
 20
106.644712
 10
139.008556
 20
106.157879
  0
HATCH
  5
CEE
100
AcDbEntity
  8
0
100
AcDbHatch
370
-1
 62
2
420
16776960
 10
0
 20
0
 30
0
210
0
220
0
230
1
  2
SOLID
 70
1
 71
0
 91
1
 92
3
 72
0
 73
1
 93
2
 10
139.008556
 20
106.644712
 10
139.008556
 20
106.157879
 97
0
 75
0
 76
1
 98
0
  0
LWPOLYLINE
  5
CEF
100
AcDbEntity
  8
0
100
AcDbPolyline
 62
2
420
16776960
  6
BYLAYER
 38
0
 90
2
 70
1
 10
139.008556
 20
106.644712
 10
139.008556
 20
106.157879
  0
HATCH
  5
CF0
100
AcDbEntity
  8
0
100
AcDbHatch
370
-1
 62
2
420
16776960
 10
0
 20
0
 30
0
210
0
220
0
230
1
  2
SOLID
 70
1
 71
0
 91
1
 92
3
 72
0
 73
1
 93
3
 10
139.008556
 20
107.597212
 10
138.796889
 20
107.597212
 10
138.796889
 20
106.644712
 97
0
 75
0
 76
1
 98
0
  0
LWPOLYLINE
  5
CF1
100
AcDbEntity
  8
0
100
AcDbPolyline
 62
2
420
16776960
  6
BYLAYER
 38
0
 90
3
 70
1
 10
139.008556
 20
107.597212
 10
138.796889
 20
107.597212
 10
138.796889
 20
106.644712
  0
HATCH
  5
CF2
100
AcDbEntity
  8
0
100
AcDbHatch
370
-1
 62
2
420
16776960
 10
0
 20
0
 30
0
210
0
220
0
230
1
  2
SOLID
 70
1
 71
0
 91
1
 92
3
 72
0
 73
1
 93
3
 10
139.008556
 20
107.597212
 10
139.008556
 20
106.644712
 10
138.796889
 20
106.644712
 97
0
 75
0
 76
1
 98
0
  0
LWPOLYLINE
  5
CF3
100
AcDbEntity
  8
0
100
AcDbPolyline
 62
2
420
16776960
  6
BYLAYER
 38
0
 90
3
 70
1
 10
139.008556
 20
107.597212
 10
139.008556
 20
106.644712
 10
138.796889
 20
106.644712
  0
HATCH
  5
CF4
100
AcDbEntity
  8
0
100
AcDbHatch
370
-1
 62
2
420
16776960
 10
0
 20
0
 30
0
210
0
220
0
230
1
  2
SOLID
 70
1
 71
0
 91
1
 92
3
 72
0
 73
1
 93
3
 10
139.008556
 20
106.644712
 10
138.796889
 20
106.644712
 10
138.796889
 20
106.157879
 97
0
 75
0
 76
1
 98
0
  0
LWPOLYLINE
  5
CF5
100
AcDbEntity
  8
0
100
AcDbPolyline
 62
2
420
16776960
  6
BYLAYER
 38
0
 90
3
 70
1
 10
139.008556
 20
106.644712
 10
138.796889
 20
106.644712
 10
138.796889
 20
106.157879
  0
HATCH
  5
CF6
100
AcDbEntity
  8
0
100
AcDbHatch
370
-1
 62
2
420
16776960
 10
0
 20
0
 30
0
210
0
220
0
230
1
  2
SOLID
 70
1
 71
0
 91
1
 92
3
 72
0
 73
1
 93
3
 10
139.008556
 20
106.644712
 10
139.008556
 20
106.157879
 10
138.796889
 20
106.157879
 97
0
 75
0
 76
1
 98
0
  0
LWPOLYLINE
  5
CF7
100
AcDbEntity
  8
0
100
AcDbPolyline
 62
2
420
16776960
  6
BYLAYER
 38
0
 90
3
 70
1
 10
139.008556
 20
106.644712
 10
139.008556
 20
106.157879
 10
138.796889
 20
106.157879
  0
HATCH
  5
CF8
100
AcDbEntity
  8
0
100
AcDbHatch
370
-1
 62
2
420
16776960
 10
0
 20
0
 30
0
210
0
220
0
230
1
  2
SOLID
 70
1
 71
0
 91
1
 92
3
 72
0
 73
1
 93
2
 10
139.008556
 20
106.157879
 10
138.796889
 20
106.157879
 97
0
 75
0
 76
1
 98
0
  0
LWPOLYLINE
  5
CF9
100
AcDbEntity
  8
0
100
AcDbPolyline
 62
2
420
16776960
  6
BYLAYER
 38
0
 90
2
 70
1
 10
139.008556
 20
106.157879
 10
138.796889
 20
106.157879
  0
HATCH
  5
CFA
100
AcDbEntity
  8
0
100
AcDbHatch
370
-1
 62
2
420
16776960
 10
0
 20
0
 30
0
210
0
220
0
230
1
  2
SOLID
 70
1
 71
0
 91
1
 92
3
 72
0
 73
1
 93
2
 10
139.008556
 20
106.157879
 10
138.796889
 20
106.157879
 97
0
 75
0
 76
1
 98
0
  0
LWPOLYLINE
  5
CFB
100
AcDbEntity
  8
0
100
AcDbPolyline
 62
2
420
16776960
  6
BYLAYER
 38
0
 90
2
 70
1
 10
139.008556
 20
106.157879
 10
138.796889
 20
106.157879
  0
HATCH
  5
CFC
100
AcDbEntity
  8
0
100
AcDbHatch
370
-1
 62
2
420
16776960
 10
0
 20
0
 30
0
210
0
220
0
230
1
  2
SOLID
 70
1
 71
0
 91
1
 92
3
 72
0
 73
1
 93
2
 10
138.796889
 20
107.597212
 10
138.796889
 20
106.644712
 97
0
 75
0
 76
1
 98
0
  0
LWPOLYLINE
  5
CFD
100
AcDbEntity
  8
0
100
AcDbPolyline
 62
2
420
16776960
  6
BYLAYER
 38
0
 90
2
 70
1
 10
138.796889
 20
107.597212
 10
138.796889
 20
106.644712
  0
HATCH
  5
CFE
100
AcDbEntity
  8
0
100
AcDbHatch
370
-1
 62
2
420
16776960
 10
0
 20
0
 30
0
210
0
220
0
230
1
  2
SOLID
 70
1
 71
0
 91
1
 92
3
 72
0
 73
1
 93
2
 10
138.796889
 20
107.597212
 10
138.796889
 20
106.644712
 97
0
 75
0
 76
1
 98
0
  0
LWPOLYLINE
  5
CFF
100
AcDbEntity
  8
0
100
AcDbPolyline
 62
2
420
16776960
  6
BYLAYER
 38
0
 90
2
 70
1
 10
138.796889
 20
107.597212
 10
138.796889
 20
106.644712
  0
HATCH
  5
D00
100
AcDbEntity
  8
0
100
AcDbHatch
370
-1
 62
2
420
16776960
 10
0
 20
0
 30
0
210
0
220
0
230
1
  2
SOLID
 70
1
 71
0
 91
1
 92
3
 72
0
 73
1
 93
2
 10
138.796889
 20
106.644712
 10
138.796889
 20
106.157879
 97
0
 75
0
 76
1
 98
0
  0
LWPOLYLINE
  5
D01
100
AcDbEntity
  8
0
100
AcDbPolyline
 62
2
420
16776960
  6
BYLAYER
 38
0
 90
2
 70
1
 10
138.796889
 20
106.644712
 10
138.796889
 20
106.157879
  0
HATCH
  5
D02
100
AcDbEntity
  8
0
100
AcDbHatch
370
-1
 62
2
420
16776960
 10
0
 20
0
 30
0
210
0
220
0
230
1
  2
SOLID
 70
1
 71
0
 91
1
 92
3
 72
0
 73
1
 93
2
 10
138.796889
 20
106.644712
 10
138.796889
 20
106.157879
 97
0
 75
0
 76
1
 98
0
  0
LWPOLYLINE
  5
D03
100
AcDbEntity
  8
0
100
AcDbPolyline
 62
2
420
16776960
  6
BYLAYER
 38
0
 90
2
 70
1
 10
138.796889
 20
106.644712
 10
138.796889
 20
106.157879
  0
HATCH
  5
D04
100
AcDbEntity
  8
0
100
AcDbHatch
370
-1
 62
2
420
16776960
 10
0
 20
0
 30
0
210
0
220
0
230
1
  2
SOLID
 70
1
 71
0
 91
1
 92
3
 72
0
 73
1
 93
2
 10
138.796889
 20
107.597212
 10
138.796889
 20
106.644712
 97
0
 75
0
 76
1
 98
0
  0
LWPOLYLINE
  5
D05
100
AcDbEntity
  8
0
100
AcDbPolyline
 62
2
420
16776960
  6
BYLAYER
 38
0
 90
2
 70
1
 10
138.796889
 20
107.597212
 10
138.796889
 20
106.644712
  0
HATCH
  5
D06
100
AcDbEntity
  8
0
100
AcDbHatch
370
-1
 62
2
420
16776960
 10
0
 20
0
 30
0
210
0
220
0
230
1
  2
SOLID
 70
1
 71
0
 91
1
 92
3
 72
0
 73
1
 93
2
 10
138.796889
 20
107.597212
 10
138.796889
 20
106.644712
 97
0
 75
0
 76
1
 98
0
  0
LWPOLYLINE
  5
D07
100
AcDbEntity
  8
0
100
AcDbPolyline
 62
2
420
16776960
  6
BYLAYER
 38
0
 90
2
 70
1
 10
138.796889
 20
107.597212
 10
138.796889
 20
106.644712
  0
HATCH
  5
D08
100
AcDbEntity
  8
0
100
AcDbHatch
370
-1
 62
2
420
16776960
 10
0
 20
0
 30
0
210
0
220
0
230
1
  2
SOLID
 70
1
 71
0
 91
1
 92
3
 72
0
 73
1
 93
2
 10
138.796889
 20
106.644712
 10
138.796889
 20
106.157879
 97
0
 75
0
 76
1
 98
0
  0
LWPOLYLINE
  5
D09
100
AcDbEntity
  8
0
100
AcDbPolyline
 62
2
420
16776960
  6
BYLAYER
 38
0
 90
2
 70
1
 10
138.796889
 20
106.644712
 10
138.796889
 20
106.157879
  0
HATCH
  5
D0A
100
AcDbEntity
  8
0
100
AcDbHatch
370
-1
 62
2
420
16776960
 10
0
 20
0
 30
0
210
0
220
0
230
1
  2
SOLID
 70
1
 71
0
 91
1
 92
3
 72
0
 73
1
 93
2
 10
138.796889
 20
106.644712
 10
138.796889
 20
106.157879
 97
0
 75
0
 76
1
 98
0
  0
LWPOLYLINE
  5
D0B
100
AcDbEntity
  8
0
100
AcDbPolyline
 62
2
420
16776960
  6
BYLAYER
 38
0
 90
2
 70
1
 10
138.796889
 20
106.644712
 10
138.796889
 20
106.157879
  0
HATCH
  5
D0C
100
AcDbEntity
  8
0
100
AcDbHatch
370
-1
 62
2
420
16776960
 10
0
 20
0
 30
0
210
0
220
0
230
1
  2
SOLID
 70
1
 71
0
 91
1
 92
3
 72
0
 73
1
 93
2
 10
138.796889
 20
107.597212
 10
138.796889
 20
106.644712
 97
0
 75
0
 76
1
 98
0
  0
LWPOLYLINE
  5
D0D
100
AcDbEntity
  8
0
100
AcDbPolyline
 62
2
420
16776960
  6
BYLAYER
 38
0
 90
2
 70
1
 10
138.796889
 20
107.597212
 10
138.796889
 20
106.644712
  0
HATCH
  5
D0E
100
AcDbEntity
  8
0
100
AcDbHatch
370
-1
 62
2
420
16776960
 10
0
 20
0
 30
0
210
0
220
0
230
1
  2
SOLID
 70
1
 71
0
 91
1
 92
3
 72
0
 73
1
 93
2
 10
138.796889
 20
107.597212
 10
138.796889
 20
106.644712
 97
0
 75
0
 76
1
 98
0
  0
LWPOLYLINE
  5
D0F
100
AcDbEntity
  8
0
100
AcDbPolyline
 62
2
420
16776960
  6
BYLAYER
 38
0
 90
2
 70
1
 10
138.796889
 20
107.597212
 10
138.796889
 20
106.644712
  0
HATCH
  5
D10
100
AcDbEntity
  8
0
100
AcDbHatch
370
-1
 62
2
420
16776960
 10
0
 20
0
 30
0
210
0
220
0
230
1
  2
SOLID
 70
1
 71
0
 91
1
 92
3
 72
0
 73
1
 93
2
 10
138.796889
 20
106.644712
 10
138.796889
 20
106.157879
 97
0
 75
0
 76
1
 98
0
  0
LWPOLYLINE
  5
D11
100
AcDbEntity
  8
0
100
AcDbPolyline
 62
2
420
16776960
  6
BYLAYER
 38
0
 90
2
 70
1
 10
138.796889
 20
106.644712
 10
138.796889
 20
106.157879
  0
HATCH
  5
D12
100
AcDbEntity
  8
0
100
AcDbHatch
370
-1
 62
2
420
16776960
 10
0
 20
0
 30
0
210
0
220
0
230
1
  2
SOLID
 70
1
 71
0
 91
1
 92
3
 72
0
 73
1
 93
2
 10
138.796889
 20
106.644712
 10
138.796889
 20
106.157879
 97
0
 75
0
 76
1
 98
0
  0
LWPOLYLINE
  5
D13
100
AcDbEntity
  8
0
100
AcDbPolyline
 62
2
420
16776960
  6
BYLAYER
 38
0
 90
2
 70
1
 10
138.796889
 20
106.644712
 10
138.796889
 20
106.157879
  0
HATCH
  5
D14
100
AcDbEntity
  8
0
100
AcDbHatch
370
-1
 62
2
420
16776960
 10
0
 20
0
 30
0
210
0
220
0
230
1
  2
SOLID
 70
1
 71
0
 91
1
 92
3
 72
0
 73
1
 93
2
 10
138.796889
 20
107.597212
 10
138.796889
 20
106.644712
 97
0
 75
0
 76
1
 98
0
  0
LWPOLYLINE
  5
D15
100
AcDbEntity
  8
0
100
AcDbPolyline
 62
2
420
16776960
  6
BYLAYER
 38
0
 90
2
 70
1
 10
138.796889
 20
107.597212
 10
138.796889
 20
106.644712
  0
HATCH
  5
D16
100
AcDbEntity
  8
0
100
AcDbHatch
370
-1
 62
2
420
16776960
 10
0
 20
0
 30
0
210
0
220
0
230
1
  2
SOLID
 70
1
 71
0
 91
1
 92
3
 72
0
 73
1
 93
2
 10
138.796889
 20
107.597212
 10
138.796889
 20
106.644712
 97
0
 75
0
 76
1
 98
0
  0
LWPOLYLINE
  5
D17
100
AcDbEntity
  8
0
100
AcDbPolyline
 62
2
420
16776960
  6
BYLAYER
 38
0
 90
2
 70
1
 10
138.796889
 20
107.597212
 10
138.796889
 20
106.644712
  0
HATCH
  5
D18
100
AcDbEntity
  8
0
100
AcDbHatch
370
-1
 62
2
420
16776960
 10
0
 20
0
 30
0
210
0
220
0
230
1
  2
SOLID
 70
1
 71
0
 91
1
 92
3
 72
0
 73
1
 93
2
 10
138.796889
 20
106.644712
 10
138.796889
 20
106.157879
 97
0
 75
0
 76
1
 98
0
  0
LWPOLYLINE
  5
D19
100
AcDbEntity
  8
0
100
AcDbPolyline
 62
2
420
16776960
  6
BYLAYER
 38
0
 90
2
 70
1
 10
138.796889
 20
106.644712
 10
138.796889
 20
106.157879
  0
HATCH
  5
D1A
100
AcDbEntity
  8
0
100
AcDbHatch
370
-1
 62
2
420
16776960
 10
0
 20
0
 30
0
210
0
220
0
230
1
  2
SOLID
 70
1
 71
0
 91
1
 92
3
 72
0
 73
1
 93
2
 10
138.796889
 20
106.644712
 10
138.796889
 20
106.157879
 97
0
 75
0
 76
1
 98
0
  0
LWPOLYLINE
  5
D1B
100
AcDbEntity
  8
0
100
AcDbPolyline
 62
2
420
16776960
  6
BYLAYER
 38
0
 90
2
 70
1
 10
138.796889
 20
106.644712
 10
138.796889
 20
106.157879
  0
HATCH
  5
D1C
100
AcDbEntity
  8
0
100
AcDbHatch
370
-1
 62
2
420
16776960
 10
0
 20
0
 30
0
210
0
220
0
230
1
  2
SOLID
 70
1
 71
0
 91
1
 92
3
 72
0
 73
1
 93
2
 10
138.796889
 20
107.597212
 10
138.796889
 20
106.644712
 97
0
 75
0
 76
1
 98
0
  0
LWPOLYLINE
  5
D1D
100
AcDbEntity
  8
0
100
AcDbPolyline
 62
2
420
16776960
  6
BYLAYER
 38
0
 90
2
 70
1
 10
138.796889
 20
107.597212
 10
138.796889
 20
106.644712
  0
HATCH
  5
D1E
100
AcDbEntity
  8
0
100
AcDbHatch
370
-1
 62
2
420
16776960
 10
0
 20
0
 30
0
210
0
220
0
230
1
  2
SOLID
 70
1
 71
0
 91
1
 92
3
 72
0
 73
1
 93
2
 10
138.796889
 20
107.597212
 10
138.796889
 20
106.644712
 97
0
 75
0
 76
1
 98
0
  0
LWPOLYLINE
  5
D1F
100
AcDbEntity
  8
0
100
AcDbPolyline
 62
2
420
16776960
  6
BYLAYER
 38
0
 90
2
 70
1
 10
138.796889
 20
107.597212
 10
138.796889
 20
106.644712
  0
HATCH
  5
D20
100
AcDbEntity
  8
0
100
AcDbHatch
370
-1
 62
2
420
16776960
 10
0
 20
0
 30
0
210
0
220
0
230
1
  2
SOLID
 70
1
 71
0
 91
1
 92
3
 72
0
 73
1
 93
2
 10
138.796889
 20
106.644712
 10
138.796889
 20
106.157879
 97
0
 75
0
 76
1
 98
0
  0
LWPOLYLINE
  5
D21
100
AcDbEntity
  8
0
100
AcDbPolyline
 62
2
420
16776960
  6
BYLAYER
 38
0
 90
2
 70
1
 10
138.796889
 20
106.644712
 10
138.796889
 20
106.157879
  0
HATCH
  5
D22
100
AcDbEntity
  8
0
100
AcDbHatch
370
-1
 62
2
420
16776960
 10
0
 20
0
 30
0
210
0
220
0
230
1
  2
SOLID
 70
1
 71
0
 91
1
 92
3
 72
0
 73
1
 93
2
 10
138.796889
 20
106.644712
 10
138.796889
 20
106.157879
 97
0
 75
0
 76
1
 98
0
  0
LWPOLYLINE
  5
D23
100
AcDbEntity
  8
0
100
AcDbPolyline
 62
2
420
16776960
  6
BYLAYER
 38
0
 90
2
 70
1
 10
138.796889
 20
106.644712
 10
138.796889
 20
106.157879
  0
HATCH
  5
D24
100
AcDbEntity
  8
0
100
AcDbHatch
370
-1
 62
2
420
16776960
 10
0
 20
0
 30
0
210
0
220
0
230
1
  2
SOLID
 70
1
 71
0
 91
1
 92
3
 72
0
 73
1
 93
2
 10
138.796889
 20
107.597212
 10
138.796889
 20
106.644712
 97
0
 75
0
 76
1
 98
0
  0
LWPOLYLINE
  5
D25
100
AcDbEntity
  8
0
100
AcDbPolyline
 62
2
420
16776960
  6
BYLAYER
 38
0
 90
2
 70
1
 10
138.796889
 20
107.597212
 10
138.796889
 20
106.644712
  0
HATCH
  5
D26
100
AcDbEntity
  8
0
100
AcDbHatch
370
-1
 62
2
420
16776960
 10
0
 20
0
 30
0
210
0
220
0
230
1
  2
SOLID
 70
1
 71
0
 91
1
 92
3
 72
0
 73
1
 93
2
 10
138.796889
 20
107.597212
 10
138.796889
 20
106.644712
 97
0
 75
0
 76
1
 98
0
  0
LWPOLYLINE
  5
D27
100
AcDbEntity
  8
0
100
AcDbPolyline
 62
2
420
16776960
  6
BYLAYER
 38
0
 90
2
 70
1
 10
138.796889
 20
107.597212
 10
138.796889
 20
106.644712
  0
HATCH
  5
D28
100
AcDbEntity
  8
0
100
AcDbHatch
370
-1
 62
2
420
16776960
 10
0
 20
0
 30
0
210
0
220
0
230
1
  2
SOLID
 70
1
 71
0
 91
1
 92
3
 72
0
 73
1
 93
2
 10
138.796889
 20
106.644712
 10
138.796889
 20
106.157879
 97
0
 75
0
 76
1
 98
0
  0
LWPOLYLINE
  5
D29
100
AcDbEntity
  8
0
100
AcDbPolyline
 62
2
420
16776960
  6
BYLAYER
 38
0
 90
2
 70
1
 10
138.796889
 20
106.644712
 10
138.796889
 20
106.157879
  0
HATCH
  5
D2A
100
AcDbEntity
  8
0
100
AcDbHatch
370
-1
 62
2
420
16776960
 10
0
 20
0
 30
0
210
0
220
0
230
1
  2
SOLID
 70
1
 71
0
 91
1
 92
3
 72
0
 73
1
 93
2
 10
138.796889
 20
106.644712
 10
138.796889
 20
106.157879
 97
0
 75
0
 76
1
 98
0
  0
LWPOLYLINE
  5
D2B
100
AcDbEntity
  8
0
100
AcDbPolyline
 62
2
420
16776960
  6
BYLAYER
 38
0
 90
2
 70
1
 10
138.796889
 20
106.644712
 10
138.796889
 20
106.157879
  0
HATCH
  5
D2C
100
AcDbEntity
  8
0
100
AcDbHatch
370
-1
 62
2
420
16776960
 10
0
 20
0
 30
0
210
0
220
0
230
1
  2
SOLID
 70
1
 71
0
 91
1
 92
3
 72
0
 73
1
 93
2
 10
138.796889
 20
107.597212
 10
138.796889
 20
106.157879
 97
0
 75
0
 76
1
 98
0
  0
LWPOLYLINE
  5
D2D
100
AcDbEntity
  8
0
100
AcDbPolyline
 62
2
420
16776960
  6
BYLAYER
 38
0
 90
2
 70
1
 10
138.796889
 20
107.597212
 10
138.796889
 20
106.157879
  0
HATCH
  5
D2E
100
AcDbEntity
  8
0
100
AcDbHatch
370
-1
 62
2
420
16776960
 10
0
 20
0
 30
0
210
0
220
0
230
1
  2
SOLID
 70
1
 71
0
 91
1
 92
3
 72
0
 73
1
 93
2
 10
138.796889
 20
107.597212
 10
138.796889
 20
106.157879
 97
0
 75
0
 76
1
 98
0
  0
LWPOLYLINE
  5
D2F
100
AcDbEntity
  8
0
100
AcDbPolyline
 62
2
420
16776960
  6
BYLAYER
 38
0
 90
2
 70
1
 10
138.796889
 20
107.597212
 10
138.796889
 20
106.157879
  0
HATCH
  5
D30
100
AcDbEntity
  8
0
100
AcDbHatch
370
-1
 62
2
420
16776960
 10
0
 20
0
 30
0
210
0
220
0
230
1
  2
SOLID
 70
1
 71
0
 91
1
 92
3
 72
0
 73
1
 93
2
 10
138.796889
 20
107.597212
 10
138.796889
 20
106.157879
 97
0
 75
0
 76
1
 98
0
  0
LWPOLYLINE
  5
D31
100
AcDbEntity
  8
0
100
AcDbPolyline
 62
2
420
16776960
  6
BYLAYER
 38
0
 90
2
 70
1
 10
138.796889
 20
107.597212
 10
138.796889
 20
106.157879
  0
HATCH
  5
D32
100
AcDbEntity
  8
0
100
AcDbHatch
370
-1
 62
2
420
16776960
 10
0
 20
0
 30
0
210
0
220
0
230
1
  2
SOLID
 70
1
 71
0
 91
1
 92
3
 72
0
 73
1
 93
2
 10
138.796889
 20
107.597212
 10
138.796889
 20
106.157879
 97
0
 75
0
 76
1
 98
0
  0
LWPOLYLINE
  5
D33
100
AcDbEntity
  8
0
100
AcDbPolyline
 62
2
420
16776960
  6
BYLAYER
 38
0
 90
2
 70
1
 10
138.796889
 20
107.597212
 10
138.796889
 20
106.157879
  0
HATCH
  5
D34
100
AcDbEntity
  8
0
100
AcDbHatch
370
-1
 62
2
420
16776960
 10
0
 20
0
 30
0
210
0
220
0
230
1
  2
SOLID
 70
1
 71
0
 91
1
 92
3
 72
0
 73
1
 93
2
 10
138.796889
 20
107.597212
 10
138.796889
 20
106.157879
 97
0
 75
0
 76
1
 98
0
  0
LWPOLYLINE
  5
D35
100
AcDbEntity
  8
0
100
AcDbPolyline
 62
2
420
16776960
  6
BYLAYER
 38
0
 90
2
 70
1
 10
138.796889
 20
107.597212
 10
138.796889
 20
106.157879
  0
HATCH
  5
D36
100
AcDbEntity
  8
0
100
AcDbHatch
370
-1
 62
2
420
16776960
 10
0
 20
0
 30
0
210
0
220
0
230
1
  2
SOLID
 70
1
 71
0
 91
1
 92
3
 72
0
 73
1
 93
2
 10
138.796889
 20
107.597212
 10
138.796889
 20
106.157879
 97
0
 75
0
 76
1
 98
0
  0
LWPOLYLINE
  5
D37
100
AcDbEntity
  8
0
100
AcDbPolyline
 62
2
420
16776960
  6
BYLAYER
 38
0
 90
2
 70
1
 10
138.796889
 20
107.597212
 10
138.796889
 20
106.157879
  0
HATCH
  5
D38
100
AcDbEntity
  8
0
100
AcDbHatch
370
-1
 62
2
420
16776960
 10
0
 20
0
 30
0
210
0
220
0
230
1
  2
SOLID
 70
1
 71
0
 91
1
 92
3
 72
0
 73
1
 93
2
 10
138.796889
 20
106.877545
 10
138.796889
 20
106.157879
 97
0
 75
0
 76
1
 98
0
  0
LWPOLYLINE
  5
D39
100
AcDbEntity
  8
0
100
AcDbPolyline
 62
2
420
16776960
  6
BYLAYER
 38
0
 90
2
 70
1
 10
138.796889
 20
106.877545
 10
138.796889
 20
106.157879
  0
HATCH
  5
D3A
100
AcDbEntity
  8
0
100
AcDbHatch
370
-1
 62
2
420
16776960
 10
0
 20
0
 30
0
210
0
220
0
230
1
  2
SOLID
 70
1
 71
0
 91
1
 92
3
 72
0
 73
1
 93
2
 10
138.796889
 20
106.877545
 10
138.796889
 20
106.157879
 97
0
 75
0
 76
1
 98
0
  0
LWPOLYLINE
  5
D3B
100
AcDbEntity
  8
0
100
AcDbPolyline
 62
2
420
16776960
  6
BYLAYER
 38
0
 90
2
 70
1
 10
138.796889
 20
106.877545
 10
138.796889
 20
106.157879
  0
HATCH
  5
D3C
100
AcDbEntity
  8
0
100
AcDbHatch
370
-1
 62
2
420
16776960
 10
0
 20
0
 30
0
210
0
220
0
230
1
  2
SOLID
 70
1
 71
0
 91
1
 92
3
 72
0
 73
1
 93
2
 10
138.796889
 20
106.877545
 10
138.796889
 20
106.390712
 97
0
 75
0
 76
1
 98
0
  0
LWPOLYLINE
  5
D3D
100
AcDbEntity
  8
0
100
AcDbPolyline
 62
2
420
16776960
  6
BYLAYER
 38
0
 90
2
 70
1
 10
138.796889
 20
106.877545
 10
138.796889
 20
106.390712
  0
HATCH
  5
D3E
100
AcDbEntity
  8
0
100
AcDbHatch
370
-1
 62
2
420
16776960
 10
0
 20
0
 30
0
210
0
220
0
230
1
  2
SOLID
 70
1
 71
0
 91
1
 92
3
 72
0
 73
1
 93
2
 10
138.796889
 20
106.877545
 10
138.796889
 20
106.390712
 97
0
 75
0
 76
1
 98
0
  0
LWPOLYLINE
  5
D3F
100
AcDbEntity
  8
0
100
AcDbPolyline
 62
2
420
16776960
  6
BYLAYER
 38
0
 90
2
 70
1
 10
138.796889
 20
106.877545
 10
138.796889
 20
106.390712
  0
HATCH
  5
D40
100
AcDbEntity
  8
0
100
AcDbHatch
370
-1
 62
2
420
16776960
 10
0
 20
0
 30
0
210
0
220
0
230
1
  2
SOLID
 70
1
 71
0
 91
1
 92
3
 72
0
 73
1
 93
2
 10
138.796889
 20
106.390712
 10
138.796889
 20
106.157879
 97
0
 75
0
 76
1
 98
0
  0
LWPOLYLINE
  5
D41
100
AcDbEntity
  8
0
100
AcDbPolyline
 62
2
420
16776960
  6
BYLAYER
 38
0
 90
2
 70
1
 10
138.796889
 20
106.390712
 10
138.796889
 20
106.157879
  0
HATCH
  5
D42
100
AcDbEntity
  8
0
100
AcDbHatch
370
-1
 62
2
420
16776960
 10
0
 20
0
 30
0
210
0
220
0
230
1
  2
SOLID
 70
1
 71
0
 91
1
 92
3
 72
0
 73
1
 93
2
 10
138.796889
 20
106.390712
 10
138.796889
 20
106.157879
 97
0
 75
0
 76
1
 98
0
  0
LWPOLYLINE
  5
D43
100
AcDbEntity
  8
0
100
AcDbPolyline
 62
2
420
16776960
  6
BYLAYER
 38
0
 90
2
 70
1
 10
138.796889
 20
106.390712
 10
138.796889
 20
106.157879
  0
HATCH
  5
D44
100
AcDbEntity
  8
0
100
AcDbHatch
370
-1
 62
2
420
16776960
 10
0
 20
0
 30
0
210
0
220
0
230
1
  2
SOLID
 70
1
 71
0
 91
1
 92
3
 72
0
 73
1
 93
2
 10
138.796889
 20
106.877545
 10
138.796889
 20
106.644712
 97
0
 75
0
 76
1
 98
0
  0
LWPOLYLINE
  5
D45
100
AcDbEntity
  8
0
100
AcDbPolyline
 62
2
420
16776960
  6
BYLAYER
 38
0
 90
2
 70
1
 10
138.796889
 20
106.877545
 10
138.796889
 20
106.644712
  0
HATCH
  5
D46
100
AcDbEntity
  8
0
100
AcDbHatch
370
-1
 62
2
420
16776960
 10
0
 20
0
 30
0
210
0
220
0
230
1
  2
SOLID
 70
1
 71
0
 91
1
 92
3
 72
0
 73
1
 93
3
 10
138.796889
 20
106.877545
 10
138.796889
 20
106.390712
 10
138.796889
 20
106.644712
 97
0
 75
0
 76
1
 98
0
  0
LWPOLYLINE
  5
D47
100
AcDbEntity
  8
0
100
AcDbPolyline
 62
2
420
16776960
  6
BYLAYER
 38
0
 90
2
 70
1
 10
138.796889
 20
106.877545
 10
138.796889
 20
106.390712
  0
LWPOLYLINE
  5
D48
100
AcDbEntity
  8
0
100
AcDbPolyline
 62
40
420
16760576
  6
BYLAYER
 38
0
 90
2
 70
0
 10
138.564056
 20
108.549712
 10
138.564056
 20
106.157879
  0
LWPOLYLINE
  5
D49
100
AcDbEntity
  8
0
100
AcDbPolyline
 62
40
420
16760576
  6
BYLAYER
 38
0
 90
4
 70
1
 10
141.146389
 20
108.062879
 10
141.146389
 20
105.671045
 10
141.358059
 20
105.671045
 10
141.358059
 20
108.062879
  0
HATCH
  5
D4A
100
AcDbEntity
  8
0
100
AcDbHatch
370
-1
 62
40
420
16760576
 10
0
 20
0
 30
0
210
0
220
0
230
1
  2
SOLID
 70
1
 71
0
 91
1
 92
3
 72
0
 73
1
 93
4
 10
140.490222
 20
106.157879
 10
140.490222
 20
106.136713
 10
140.511388
 20
106.136713
 10
140.511388
 20
106.157879
 97
0
 75
0
 76
1
 98
0
  0
HATCH
  5
D4B
100
AcDbEntity
  8
0
100
AcDbHatch
370
-1
 62
40
420
16760576
 10
0
 20
0
 30
0
210
0
220
0
230
1
  2
SOLID
 70
1
 71
0
 91
1
 92
3
 72
0
 73
1
 93
4
 10
140.913556
 20
106.157879
 10
140.913556
 20
106.136713
 10
140.934732
 20
106.136713
 10
140.934732
 20
106.157879
 97
0
 75
0
 76
1
 98
0
  0
HATCH
  5
D4C
100
AcDbEntity
  8
0
100
AcDbHatch
370
-1
 62
40
420
16760576
 10
0
 20
0
 30
0
210
0
220
0
230
1
  2
SOLID
 70
1
 71
0
 91
1
 92
3
 72
0
 73
1
 93
4
 10
141.125222
 20
106.157879
 10
141.125222
 20
106.136713
 10
141.146388
 20
106.136713
 10
141.146388
 20
106.157879
 97
0
 75
0
 76
1
 98
0
  0
LWPOLYLINE
  5
D4D
100
AcDbEntity
  8
0
100
AcDbPolyline
 62
40
420
16760576
  6
BYLAYER
 38
0
 90
2
 70
0
 10
138.564056
 20
106.157879
 10
138.796889
 20
106.157879
  0
LWPOLYLINE
  5
D4E
100
AcDbEntity
  8
0
100
AcDbPolyline
 62
40
420
16760576
  6
BYLAYER
 38
0
 90
2
 70
0
 10
140.723056
 20
106.157879
 10
141.146389
 20
106.157879
  0
LWPOLYLINE
  5
D4F
100
AcDbEntity
  8
0
100
AcDbPolyline
 62
40
420
16760576
  6
BYLAYER
 38
0
 90
2
 70
0
 10
141.358056
 20
106.157879
 10
141.802556
 20
106.157879
  0
LWPOLYLINE
  5
D50
100
AcDbEntity
  8
0
100
AcDbPolyline
 62
40
420
16760576
  6
BYLAYER
 38
0
 90
2
 70
0
 10
140.511389
 20
106.157879
 10
140.299722
 20
106.157879
  0
LWPOLYLINE
  5
D51
100
AcDbEntity
  8
0
100
AcDbPolyline
 62
40
420
16760576
  6
BYLAYER
 38
0
 90
2
 70
0
 10
140.088056
 20
106.157879
 10
139.643556
 20
106.157879
  0
LWPOLYLINE
  5
D52
100
AcDbEntity
  8
0
100
AcDbPolyline
 62
40
420
16760576
  6
BYLAYER
 38
0
 90
2
 70
0
 10
138.796889
 20
107.597212
 10
139.008556
 20
107.597212
  0
LWPOLYLINE
  5
D53
100
AcDbEntity
  8
0
100
AcDbPolyline
 62
40
420
16760576
  6
BYLAYER
 38
0
 90
2
 70
0
 10
139.431889
 20
107.597212
 10
139.643556
 20
107.597212
  0
LWPOLYLINE
  5
D54
100
AcDbEntity
  8
0
100
AcDbPolyline
 62
40
420
16760576
  6
BYLAYER
 38
0
 90
2
 70
0
 10
139.855222
 20
107.597212
 10
140.299722
 20
107.597212
  0
LWPOLYLINE
  5
D55
100
AcDbEntity
  8
0
100
AcDbPolyline
 62
40
420
16760576
  6
BYLAYER
 38
0
 90
2
 70
0
 10
140.511389
 20
107.597212
 10
140.934722
 20
107.597212
  0
LWPOLYLINE
  5
D56
100
AcDbEntity
  8
0
100
AcDbPolyline
 62
40
420
16760576
  6
BYLAYER
 38
0
 90
2
 70
0
 10
141.146389
 20
107.597212
 10
141.358056
 20
107.597212
  0
LWPOLYLINE
  5
D57
100
AcDbEntity
  8
0
100
AcDbPolyline
 62
40
420
16760576
  6
BYLAYER
 38
0
 90
2
 70
0
 10
141.590889
 20
106.157879
 10
141.358056
 20
106.157879
  0
LWPOLYLINE
  5
D58
100
AcDbEntity
  8
0
100
AcDbPolyline
 62
40
420
16760576
  6
BYLAYER
 38
0
 90
2
 70
0
 10
140.723056
 20
106.157879
 10
140.511389
 20
106.157879
  0
LWPOLYLINE
  5
D59
100
AcDbEntity
  8
0
100
AcDbPolyline
 62
40
420
16760576
  6
BYLAYER
 38
0
 90
2
 70
0
 10
141.358056
 20
106.157879
 10
141.146389
 20
106.157879
  0
LWPOLYLINE
  5
D5A
100
AcDbEntity
  8
0
100
AcDbPolyline
 62
40
420
16760576
  6
BYLAYER
 38
0
 90
2
 70
0
 10
140.934722
 20
106.877545
 10
140.934722
 20
107.110379
  0
LWPOLYLINE
  5
D5B
100
AcDbEntity
  8
0
100
AcDbPolyline
 62
40
420
16760576
  6
BYLAYER
 38
0
 90
2
 70
0
 10
140.511389
 20
107.110379
 10
140.511389
 20
106.877545
  0
LWPOLYLINE
  5
D5C
100
AcDbEntity
  8
0
100
AcDbPolyline
 62
40
420
16760576
  6
BYLAYER
 38
0
 90
2
 70
0
 10
141.146389
 20
106.877545
 10
141.146389
 20
106.390712
  0
LWPOLYLINE
  5
D5D
100
AcDbEntity
  8
0
100
AcDbPolyline
 62
40
420
16760576
  6
BYLAYER
 38
0
 90
3
 70
0
 10
141.358056
 20
106.390712
 10
141.590889
 20
106.644712
 10
141.358056
 20
106.877545
  0
HATCH
  5
D5E
100
AcDbEntity
  8
0
100
AcDbHatch
370
-1
 62
40
420
16760576
 10
0
 20
0
 30
0
210
0
220
0
230
1
  2
SOLID
 70
1
 71
0
 91
1
 92
3
 72
0
 73
1
 93
4
 10
138.775722
 20
106.157879
 10
138.775722
 20
106.136713
 10
138.796888
 20
106.136713
 10
138.796888
 20
106.157879
 97
0
 75
0
 76
1
 98
0
  0
HATCH
  5
D5F
100
AcDbEntity
  8
0
100
AcDbHatch
370
-1
 62
40
420
16760576
 10
0
 20
0
 30
0
210
0
220
0
230
1
  2
SOLID
 70
1
 71
0
 91
1
 92
3
 72
0
 73
1
 93
4
 10
138.987389
 20
106.157879
 10
138.987389
 20
106.136713
 10
139.008555
 20
106.136713
 10
139.008555
 20
106.157879
 97
0
 75
0
 76
1
 98
0
  0
LWPOLYLINE
  5
D60
100
AcDbEntity
  8
0
100
AcDbPolyline
 62
40
420
16760576
  6
BYLAYER
 38
0
 90
3
 70
1
 10
140.723056
 20
106.877545
 10
140.723056
 20
107.110379
 10
140.511389
 20
106.877545
  0
LWPOLYLINE
  5
D61
100
AcDbEntity
  8
0
100
AcDbPolyline
 62
40
420
16760576
  6
BYLAYER
 38
0
 90
3
 70
1
 10
141.358056
 20
106.390712
 10
141.358056
 20
106.644712
 10
141.146389
 20
106.644712
  0
HATCH
  5
D62
100
AcDbEntity
  8
0
100
AcDbHatch
370
-1
 62
40
420
16760576
 10
0
 20
0
 30
0
210
0
220
0
230
1
  2
SOLID
 70
1
 71
0
 91
1
 92
3
 72
0
 73
1
 93
4
 10
139.622389
 20
106.157879
 10
139.622389
 20
106.136713
 10
139.643555
 20
106.136713
 10
139.643555
 20
106.157879
 97
0
 75
0
 76
1
 98
0
  0
HATCH
  5
D63
100
AcDbEntity
  8
0
100
AcDbHatch
370
-1
 62
40
420
16760576
 10
0
 20
0
 30
0
210
0
220
0
230
1
  2
SOLID
 70
1
 71
0
 91
1
 92
3
 72
0
 73
1
 93
4
 10
139.834056
 20
106.157879
 10
139.834056
 20
106.136713
 10
139.855222
 20
106.136713
 10
139.855222
 20
106.157879
 97
0
 75
0
 76
1
 98
0
  0
HATCH
  5
D64
100
AcDbEntity
  8
0
100
AcDbHatch
370
-1
 62
40
420
16760576
 10
0
 20
0
 30
0
210
0
220
0
230
1
  2
SOLID
 70
1
 71
0
 91
1
 92
3
 72
0
 73
1
 93
4
 10
140.278556
 20
106.157879
 10
140.278556
 20
106.136713
 10
140.299722
 20
106.136713
 10
140.299722
 20
106.157879
 97
0
 75
0
 76
1
 98
0
  0
LWPOLYLINE
  5
D65
100
AcDbEntity
  8
0
100
AcDbPolyline
 62
40
420
16760576
  6
BYLAYER
 38
0
 90
2
 70
0
 10
139.431889
 20
106.157879
 10
139.220222
 20
106.157879
  0
LWPOLYLINE
  5
D66
100
AcDbEntity
  8
0
100
AcDbPolyline
 62
40
420
16760576
  6
BYLAYER
 38
0
 90
2
 70
0
 10
139.008556
 20
106.157879
 10
138.796889
 20
106.157879
  0
LWPOLYLINE
  5
D67
100
AcDbEntity
  8
0
100
AcDbPolyline
 62
40
420
16760576
  6
BYLAYER
 38
0
 90
2
 70
0
 10
139.643556
 20
106.157879
 10
139.431889
 20
106.157879
  0
LWPOLYLINE
  5
D68
100
AcDbEntity
  8
0
100
AcDbPolyline
 62
40
420
16760576
  6
BYLAYER
 38
0
 90
2
 70
0
 10
140.299722
 20
106.157879
 10
140.088056
 20
106.157879
  0
LWPOLYLINE
  5
D69
100
AcDbEntity
  8
0
100
AcDbPolyline
 62
40
420
16760576
  6
BYLAYER
 38
0
 90
2
 70
0
 10
139.008556
 20
106.390712
 10
139.008556
 20
106.877545
  0
LWPOLYLINE
  5
D6A
100
AcDbEntity
  8
0
100
AcDbPolyline
 62
40
420
16760576
  6
BYLAYER
 38
0
 90
2
 70
0
 10
138.796889
 20
106.877545
 10
138.796889
 20
106.390712
  0
LWPOLYLINE
  5
D6B
100
AcDbEntity
  8
0
100
AcDbPolyline
 62
40
420
16760576
  6
BYLAYER
 38
0
 90
2
 70
0
 10
139.643556
 20
106.877545
 10
139.643556
 20
107.110379
  0
LWPOLYLINE
  5
D6C
100
AcDbEntity
  8
0
100
AcDbPolyline
 62
40
420
16760576
  6
BYLAYER
 38
0
 90
3
 70
0
 10
139.431889
 20
107.110379
 10
139.220222
 20
106.877545
 10
139.431889
 20
106.877545
  0
LWPOLYLINE
  5
D6D
100
AcDbEntity
  8
0
100
AcDbPolyline
 62
40
420
16760576
  6
BYLAYER
 38
0
 90
2
 70
0
 10
140.299722
 20
106.390712
 10
140.299722
 20
106.877545
  0
LWPOLYLINE
  5
D6E
100
AcDbEntity
  8
0
100
AcDbPolyline
 62
40
420
16760576
  6
BYLAYER
 38
0
 90
2
 70
0
 10
139.855222
 20
106.877545
 10
139.855222
 20
106.390712
  0
LWPOLYLINE
  5
D6F
100
AcDbEntity
  8
0
100
AcDbPolyline
 62
40
420
16760576
  6
BYLAYER
 38
0
 90
2
 70
1
 10
138.796889
 20
106.644712
 10
139.008556
 20
106.644712
  0
LWPOLYLINE
  5
D70
100
AcDbEntity
  8
0
100
AcDbPolyline
 62
40
420
16760576
  6
BYLAYER
 38
0
 90
4
 70
1
 10
139.431889
 20
107.110379
 10
139.431889
 20
106.877545
 10
139.643559
 20
106.877545
 10
139.643559
 20
107.110379
  0
LWPOLYLINE
  5
D71
100
AcDbEntity
  8
0
100
AcDbPolyline
 62
40
420
16760576
  6
BYLAYER
 38
0
 90
4
 70
1
 10
140.088056
 20
106.390712
 10
140.088056
 20
106.644712
 10
140.299722
 20
106.644712
 10
140.088056
 20
106.644712
  0
LWPOLYLINE
  5
D72
100
AcDbEntity
  8
0
100
AcDbPolyline
 62
2
420
16776960
  6
BYLAYER
 38
0
 90
2
 70
0
 10
138.352389
 20
105.438212
 10
138.352389
 20
105.671045
  0
LWPOLYLINE
  5
D73
100
AcDbEntity
  8
0
100
AcDbPolyline
 62
2
420
16776960
  6
BYLAYER
 38
0
 90
2
 70
0
 10
139.008556
 20
105.438212
 10
138.352389
 20
106.390712
  0
LWPOLYLINE
  5
D74
100
AcDbEntity
  8
0
100
AcDbPolyline
 62
2
420
16776960
  6
BYLAYER
 38
0
 90
2
 70
0
 10
139.643556
 20
105.438212
 10
138.352389
 20
106.877545
  0
LWPOLYLINE
  5
D75
100
AcDbEntity
  8
0
100
AcDbPolyline
 62
2
420
16776960
  6
BYLAYER
 38
0
 90
2
 70
0
 10
140.088056
 20
105.438212
 10
138.352389
 20
107.597212
  0
LWPOLYLINE
  5
D76
100
AcDbEntity
  8
0
100
AcDbPolyline
 62
2
420
16776960
  6
BYLAYER
 38
0
 90
2
 70
0
 10
140.723056
 20
105.438212
 10
138.352389
 20
108.316879
  0
LWPOLYLINE
  5
D77
100
AcDbEntity
  8
0
100
AcDbPolyline
 62
2
420
16776960
  6
BYLAYER
 38
0
 90
2
 70
0
 10
141.358056
 20
105.438212
 10
138.796889
 20
108.549712
  0
LWPOLYLINE
  5
D78
100
AcDbEntity
  8
0
100
AcDbPolyline
 62
2
420
16776960
  6
BYLAYER
 38
0
 90
2
 70
0
 10
142.014222
 20
105.438212
 10
139.220222
 20
108.549712
  0
LWPOLYLINE
  5
D79
100
AcDbEntity
  8
0
100
AcDbPolyline
 62
2
420
16776960
  6
BYLAYER
 38
0
 90
2
 70
0
 10
142.225889
 20
105.671045
 10
139.855222
 20
108.549712
  0
LWPOLYLINE
  5
D7A
100
AcDbEntity
  8
0
100
AcDbPolyline
 62
2
420
16776960
  6
BYLAYER
 38
0
 90
2
 70
0
 10
142.225889
 20
106.390712
 10
140.511389
 20
108.549712
  0
LWPOLYLINE
  5
D7B
100
AcDbEntity
  8
0
100
AcDbPolyline
 62
2
420
16776960
  6
BYLAYER
 38
0
 90
2
 70
0
 10
142.225889
 20
107.110379
 10
141.146389
 20
108.549712
  0
LWPOLYLINE
  5
D7C
100
AcDbEntity
  8
0
100
AcDbPolyline
 62
2
420
16776960
  6
BYLAYER
 38
0
 90
2
 70
0
 10
142.225889
 20
107.830045
 10
141.590889
 20
108.549712
  0
LWPOLYLINE
  5
D7D
100
AcDbEntity
  8
0
100
AcDbPolyline
 62
2
420
16776960
  6
BYLAYER
 38
0
 90
2
 70
0
 10
142.437556
 20
108.316879
 10
142.225889
 20
108.549712
  0
LWPOLYLINE
  5
D7E
100
AcDbEntity
  8
0
100
AcDbPolyline
 62
2
420
16776960
  6
BYLAYER
 38
0
 90
2
 70
0
 10
138.352389
 20
108.062879
 10
138.796889
 20
108.549712
  0
LWPOLYLINE
  5
D7F
100
AcDbEntity
  8
0
100
AcDbPolyline
 62
2
420
16776960
  6
BYLAYER
 38
0
 90
2
 70
0
 10
138.352389
 20
107.343212
 10
139.431889
 20
108.549712
  0
LWPOLYLINE
  5
D80
100
AcDbEntity
  8
0
100
AcDbPolyline
 62
2
420
16776960
  6
BYLAYER
 38
0
 90
2
 70
0
 10
138.352389
 20
106.644712
 10
139.855222
 20
108.549712
  0
LWPOLYLINE
  5
D81
100
AcDbEntity
  8
0
100
AcDbPolyline
 62
2
420
16776960
  6
BYLAYER
 38
0
 90
2
 70
0
 10
138.352389
 20
105.925045
 10
140.511389
 20
108.549712
  0
LWPOLYLINE
  5
D82
100
AcDbEntity
  8
0
100
AcDbPolyline
 62
2
420
16776960
  6
BYLAYER
 38
0
 90
2
 70
0
 10
138.352389
 20
105.438212
 10
141.146389
 20
108.549712
  0
LWPOLYLINE
  5
D83
100
AcDbEntity
  8
0
100
AcDbPolyline
 62
2
420
16776960
  6
BYLAYER
 38
0
 90
2
 70
0
 10
139.008556
 20
105.438212
 10
141.802556
 20
108.549712
  0
LWPOLYLINE
  5
D84
100
AcDbEntity
  8
0
100
AcDbPolyline
 62
2
420
16776960
  6
BYLAYER
 38
0
 90
2
 70
0
 10
139.643556
 20
105.438212
 10
142.437556
 20
108.549712
  0
LWPOLYLINE
  5
D85
100
AcDbEntity
  8
0
100
AcDbPolyline
 62
2
420
16776960
  6
BYLAYER
 38
0
 90
2
 70
0
 10
140.299722
 20
105.438212
 10
142.437556
 20
107.830045
  0
LWPOLYLINE
  5
D86
100
AcDbEntity
  8
0
100
AcDbPolyline
 62
2
420
16776960
  6
BYLAYER
 38
0
 90
2
 70
0
 10
140.723056
 20
105.438212
 10
142.225889
 20
107.110379
  0
LWPOLYLINE
  5
D87
100
AcDbEntity
  8
0
100
AcDbPolyline
 62
2
420
16776960
  6
BYLAYER
 38
0
 90
2
 70
0
 10
141.358056
 20
105.438212
 10
142.225889
 20
106.390712
  0
LWPOLYLINE
  5
D88
100
AcDbEntity
  8
0
100
AcDbPolyline
 62
2
420
16776960
  6
BYLAYER
 38
0
 90
2
 70
0
 10
142.014222
 20
105.438212
 10
142.225889
 20
105.925045
  0
LWPOLYLINE
  5
D89
100
AcDbEntity
  8
0
100
AcDbPolyline
 62
2
420
16776960
  6
BYLAYER
 38
0
 90
4
 70
1
 10
142.437556
 20
108.549712
 10
142.225889
 20
105.438212
 10
138.352389
 20
105.438212
 10
138.352389
 20
108.549712
  0
LWPOLYLINE
  5
D8A
100
AcDbEntity
  8
0
100
AcDbPolyline
 62
40
420
16760576
  6
BYLAYER
 38
0
 90
4
 70
1
 10
140.511389
 20
108.062879
 10
140.511389
 20
105.671045
 10
140.934722
 20
105.671045
 10
140.934722
 20
108.062879
  0
LWPOLYLINE
  5
D8B
100
AcDbEntity
  8
0
100
AcDbPolyline
 62
40
420
16760576
  6
BYLAYER
 38
0
 90
4
 70
1
 10
139.855222
 20
108.062879
 10
139.855222
 20
105.671045
 10
140.299722
 20
105.671045
 10
140.299722
 20
108.062879
  0
LWPOLYLINE
  5
D8C
100
AcDbEntity
  8
0
100
AcDbPolyline
 62
40
420
16760576
  6
BYLAYER
 38
0
 90
4
 70
1
 10
139.431889
 20
108.062879
 10
139.431889
 20
105.671045
 10
139.643559
 20
105.671045
 10
139.643559
 20
108.062879
  0
LWPOLYLINE
  5
D8D
100
AcDbEntity
  8
0
100
AcDbPolyline
 62
40
420
16760576
  6
BYLAYER
 38
0
 90
4
 70
1
 10
138.796889
 20
108.062879
 10
138.796889
 20
105.671045
 10
139.008559
 20
105.671045
 10
139.008559
 20
108.062879
  0
HATCH
  5
D8E
100
AcDbEntity
  8
0
100
AcDbHatch
370
-1
 62
7
 10
0
 20
0
 30
0
210
0
220
0
230
1
  2
SOLID
 70
1
 71
0
 91
1
 92
3
 72
0
 73
1
 93
2
 10
138.796889
 20
106.157879
 10
138.352389
 20
106.157879
 97
0
 75
0
 76
1
 98
0
  0
HATCH
  5
D8F
100
AcDbEntity
  8
0
100
AcDbHatch
370
-1
 62
7
 10
0
 20
0
 30
0
210
0
220
0
230
1
  2
SOLID
 70
1
 71
0
 91
1
 92
3
 72
0
 73
1
 93
2
 10
138.796889
 20
106.157879
 10
138.352389
 20
106.157879
 97
0
 75
0
 76
1
 98
0
  0
LWPOLYLINE
  5
D90
100
AcDbEntity
  8
0
100
AcDbPolyline
 62
7
  6
BYLAYER
 38
0
 90
2
 70
1
 10
138.796536
 20
106.155409
 10
138.352168
 20
106.155409
  0
HATCH
  5
D91
100
AcDbEntity
  8
0
100
AcDbHatch
370
-1
 62
7
 10
0
 20
0
 30
0
210
0
220
0
230
1
  2
SOLID
 70
1
 71
0
 91
1
 92
3
 72
0
 73
1
 93
4
 10
138.796889
 20
108.782545
 10
138.796889
 20
108.062875
 10
141.358059
 20
108.062875
 10
141.358059
 20
108.782545
 97
0
 75
0
 76
1
 98
0
  0
MTEXT
  5
D92
100
AcDbEntity
  8
0
100
AcDbMText
370
-1
 62
3
420
65280
 10
83.975339
 20
97.775789
 30
0
 40
1.234361
  1
{\fSimSun|b0|i0|c0;4.60}
 50
-90
 41
0
  7
Standard
 71
7
 73
1
 44
1
  0
MTEXT
  5
D93
100
AcDbEntity
  8
0
100
AcDbMText
370
-1
 62
7
 10
149.972551
 20
102.632501
 30
0
 40
0.771466
  1
{\fSimSun|b0|i0|c0;12}
 50
0
 41
0
  7
Standard
 71
1
 73
1
 44
1
  0
LWPOLYLINE
  5
D94
100
AcDbEntity
  8
0
100
AcDbPolyline
 62
40
420
16760576
  6
BYLAYER
 38
0
 90
6
 70
1
 10
176.198389
 20
116.677712
 10
176.410056
 20
116.910545
 10
176.621722
 20
117.164545
 10
176.198389
 20
117.630212
 10
175.965556
 20
117.397379
 10
175.965556
 20
116.910545
  0
LWPOLYLINE
  5
D95
100
AcDbEntity
  8
0
100
AcDbPolyline
 62
40
420
16760576
  6
BYLAYER
 38
0
 90
6
 70
1
 10
182.844722
 20
116.677712
 10
183.289222
 20
116.910545
 10
183.289222
 20
117.397379
 10
182.844722
 20
117.630212
 10
182.633056
 20
117.397379
 10
182.633056
 20
116.910545
  0
HATCH
  5
D96
100
AcDbEntity
  8
0
100
AcDbHatch
370
-1
 62
6
420
16711935
 10
0
 20
0
 30
0
210
0
220
0
230
1
  2
SOLID
 70
1
 71
0
 91
1
 92
3
 72
0
 73
1
 93
4
 10
89.986556
 20
112.380879
 10
89.986556
 20
111.428375
 10
95.151222
 20
111.428375
 10
95.151222
 20
112.380879
 97
0
 75
0
 76
1
 98
0
  0
HATCH
  5
D97
100
AcDbEntity
  8
0
100
AcDbHatch
370
-1
 62
3
420
65280
 10
0
 20
0
 30
0
210
0
220
0
230
1
  2
SOLID
 70
1
 71
0
 91
1
 92
3
 72
0
 73
1
 93
4
 10
129.123722
 20
106.390712
 10
129.123722
 20
105.438208
 10
140.723056
 20
105.438208
 10
140.723056
 20
106.390712
 97
0
 75
0
 76
1
 98
0
  0
HATCH
  5
D98
100
AcDbEntity
  8
0
100
AcDbHatch
370
-1
 62
3
420
65280
 10
0
 20
0
 30
0
210
0
220
0
230
1
  2
SOLID
 70
1
 71
0
 91
1
 92
3
 72
0
 73
1
 93
4
 10
129.123722
 20
107.830045
 10
129.123722
 20
106.877542
 10
137.272889
 20
106.877542
 10
137.272889
 20
107.830045
 97
0
 75
0
 76
1
 98
0
  0
HATCH
  5
D99
100
AcDbEntity
  8
0
100
AcDbHatch
370
-1
 62
3
420
65280
 10
0
 20
0
 30
0
210
0
220
0
230
1
  2
SOLID
 70
1
 71
0
 91
1
 92
3
 72
0
 73
1
 93
3
 10
137.061222
 20
106.877545
 10
137.717389
 20
106.644712
 10
137.061222
 20
106.644712
 97
0
 75
0
 76
1
 98
0
  0
LWPOLYLINE
  5
D9A
100
AcDbEntity
  8
0
100
AcDbPolyline
 62
3
420
65280
  6
BYLAYER
 38
0
 90
3
 70
1
 10
137.060869
 20
106.875076
 10
137.716889
 20
106.642069
 10
137.060869
 20
106.642069
  0
LWPOLYLINE
  5
D9B
100
AcDbEntity
  8
0
100
AcDbPolyline
 62
3
420
65280
  6
BYLAYER
 38
0
 90
2
 70
0
 10
137.061222
 20
106.877545
 10
135.346722
 20
107.343212
  0
LWPOLYLINE
  5
D9C
100
AcDbEntity
  8
0
100
AcDbPolyline
 62
3
420
65280
  6
BYLAYER
 38
0
 90
2
 70
0
 10
102.453722
 20
148.258379
 10
102.453722
 20
151.137045
  0
LWPOLYLINE
  5
D9D
100
AcDbEntity
  8
0
100
AcDbPolyline
 62
3
420
65280
  6
BYLAYER
 38
0
 90
2
 70
0
 10
104.189389
 20
148.258379
 10
104.189389
 20
151.137045
  0
LWPOLYLINE
  5
D9E
100
AcDbEntity
  8
0
100
AcDbPolyline
 62
2
420
16776960
  6
BYLAYER
 38
0
 90
2
 70
0
 10
101.818722
 20
150.650212
 10
101.183722
 20
150.650212
  0
LWPOLYLINE
  5
D9F
100
AcDbEntity
  8
0
100
AcDbPolyline
 62
2
420
16776960
  6
BYLAYER
 38
0
 90
2
 70
0
 10
104.824389
 20
150.650212
 10
105.692222
 20
150.650212
  0
HATCH
  5
DA0
100
AcDbEntity
  8
0
100
AcDbHatch
370
-1
 62
2
420
16776960
 10
0
 20
0
 30
0
210
0
220
0
230
1
  2
SOLID
 70
1
 71
0
 91
1
 92
3
 72
0
 73
1
 93
3
 10
101.818722
 20
150.883045
 10
101.818722
 20
150.650212
 10
102.453722
 20
150.650212
 97
0
 75
0
 76
1
 98
0
  0
LWPOLYLINE
  5
DA1
100
AcDbEntity
  8
0
100
AcDbPolyline
 62
2
420
16776960
  6
BYLAYER
 38
0
 90
3
 70
1
 10
101.818722
 20
150.881281
 10
101.818722
 20
150.648274
 10
102.453677
 20
150.648274
  0
HATCH
  5
DA2
100
AcDbEntity
  8
0
100
AcDbHatch
370
-1
 62
2
420
16776960
 10
0
 20
0
 30
0
210
0
220
0
230
1
  2
SOLID
 70
1
 71
0
 91
1
 92
3
 72
0
 73
1
 93
3
 10
104.824389
 20
150.883045
 10
104.824389
 20
150.650212
 10
104.189389
 20
150.650212
 97
0
 75
0
 76
1
 98
0
  0
LWPOLYLINE
  5
DA3
100
AcDbEntity
  8
0
100
AcDbPolyline
 62
2
420
16776960
  6
BYLAYER
 38
0
 90
3
 70
1
 10
104.824389
 20
150.881281
 10
104.824389
 20
150.648274
 10
104.189434
 20
150.648274
  0
HATCH
  5
DA4
100
AcDbEntity
  8
0
100
AcDbHatch
370
-1
 62
3
420
65280
 10
0
 20
0
 30
0
210
0
220
0
230
1
  2
SOLID
 70
1
 71
0
 91
1
 92
3
 72
0
 73
1
 93
4
 10
105.692222
 20
151.369879
 10
105.692222
 20
150.163379
 10
107.618385
 20
150.163379
 10
107.618385
 20
151.369879
 97
0
 75
0
 76
1
 98
0
  0
HATCH
  5
DA5
100
AcDbEntity
  8
0
100
AcDbHatch
370
-1
 62
7
 10
0
 20
0
 30
0
210
0
220
0
230
1
  2
SOLID
 70
1
 71
0
 91
1
 92
3
 72
0
 73
1
 93
4
 10
102.432556
 20
148.025545
 10
102.432556
 20
148.004379
 10
102.453722
 20
148.004379
 10
102.453722
 20
148.025545
 97
0
 75
0
 76
1
 98
0
  0
HATCH
  5
DA6
100
AcDbEntity
  8
0
100
AcDbHatch
370
-1
 62
7
 10
0
 20
0
 30
0
210
0
220
0
230
1
  2
SOLID
 70
1
 71
0
 91
1
 92
3
 72
0
 73
1
 93
4
 10
104.168222
 20
148.025545
 10
104.168222
 20
148.004379
 10
104.189388
 20
148.004379
 10
104.189388
 20
148.025545
 97
0
 75
0
 76
1
 98
0
  0
HATCH
  5
DA7
100
AcDbEntity
  8
0
100
AcDbHatch
370
-1
 62
7
 10
0
 20
0
 30
0
210
0
220
0
230
1
  2
SOLID
 70
1
 71
0
 91
1
 92
3
 72
0
 73
1
 93
4
 10
104.168222
 20
150.650212
 10
104.168222
 20
150.629046
 10
104.189388
 20
150.629046
 10
104.189388
 20
150.650212
 97
0
 75
0
 76
1
 98
0
  0
LWPOLYLINE
  5
DA8
100
AcDbEntity
  8
0
100
AcDbPolyline
 62
3
420
65280
  6
BYLAYER
 38
0
 90
2
 70
0
 10
81.392889
 20
150.163379
 10
75.804889
 20
150.163379
  0
LWPOLYLINE
  5
DA9
100
AcDbEntity
  8
0
100
AcDbPolyline
 62
3
420
65280
  6
BYLAYER
 38
0
 90
2
 70
0
 10
81.837389
 20
148.258379
 10
75.804889
 20
148.258379
  0
LWPOLYLINE
  5
DAA
100
AcDbEntity
  8
0
100
AcDbPolyline
 62
2
420
16776960
  6
BYLAYER
 38
0
 90
2
 70
0
 10
76.249389
 20
147.051879
 10
76.249389
 20
145.866545
  0
LWPOLYLINE
  5
DAB
100
AcDbEntity
  8
0
100
AcDbPolyline
 62
2
420
16776960
  6
BYLAYER
 38
0
 90
2
 70
0
 10
76.249389
 20
151.137045
 10
76.249389
 20
156.153545
  0
HATCH
  5
DAC
100
AcDbEntity
  8
0
100
AcDbHatch
370
-1
 62
2
420
16776960
 10
0
 20
0
 30
0
210
0
220
0
230
1
  2
SOLID
 70
1
 71
0
 91
1
 92
3
 72
0
 73
1
 93
3
 10
76.461056
 20
147.051879
 10
76.016556
 20
147.051879
 10
76.249389
 20
148.258379
 97
0
 75
0
 76
1
 98
0
  0
LWPOLYLINE
  5
DAD
100
AcDbEntity
  8
0
100
AcDbPolyline
 62
2
420
16776960
  6
BYLAYER
 38
0
 90
3
 70
1
 10
76.461056
 20
147.050115
 10
76.016687
 20
147.050115
 10
76.249404
 20
148.256466
  0
HATCH
  5
DAE
100
AcDbEntity
  8
0
100
AcDbHatch
370
-1
 62
2
420
16776960
 10
0
 20
0
 30
0
210
0
220
0
230
1
  2
SOLID
 70
1
 71
0
 91
1
 92
3
 72
0
 73
1
 93
3
 10
76.461056
 20
151.115879
 10
76.016556
 20
151.115879
 10
76.249389
 20
150.163379
 97
0
 75
0
 76
1
 98
0
  0
MTEXT
  5
DAF
100
AcDbEntity
  8
0
100
AcDbMText
370
-1
 62
7
 10
143.940034
 20
102.865372
 30
0
 40
0.771466
  1
{\fSimSun|b0|i0|c0;1}
 50
0
 41
0
  7
Standard
 71
1
 73
1
 44
1
  0
HATCH
  5
DB0
100
AcDbEntity
  8
0
100
AcDbHatch
370
-1
 62
3
420
65280
 10
0
 20
0
 30
0
210
0
220
0
230
1
  2
SOLID
 70
1
 71
0
 91
1
 92
3
 72
0
 73
1
 93
4
 10
81.816222
 20
150.163379
 10
81.816222
 20
150.142207
 10
81.837388
 20
150.142207
 10
81.837388
 20
150.163379
 97
0
 75
0
 76
1
 98
0
  0
HATCH
  5
DB1
100
AcDbEntity
  8
0
100
AcDbHatch
370
-1
 62
3
420
65280
 10
0
 20
0
 30
0
210
0
220
0
230
1
  2
SOLID
 70
1
 71
0
 91
1
 92
3
 72
0
 73
1
 93
4
 10
82.027889
 20
148.258379
 10
82.027889
 20
148.237213
 10
82.049055
 20
148.237213
 10
82.049055
 20
148.258379
 97
0
 75
0
 76
1
 98
0
  0
HATCH
  5
DB2
100
AcDbEntity
  8
0
100
AcDbHatch
370
-1
 62
3
420
65280
 10
0
 20
0
 30
0
210
0
220
0
230
1
  2
SOLID
 70
1
 71
0
 91
1
 92
3
 72
0
 73
1
 93
4
 10
76.228222
 20
148.258379
 10
76.228222
 20
148.237213
 10
76.249393
 20
148.237213
 10
76.249393
 20
148.258379
 97
0
 75
0
 76
1
 98
0
  0
LWPOLYLINE
  5
DB3
100
AcDbEntity
  8
0
100
AcDbPolyline
 62
2
420
16776960
  6
BYLAYER
 38
0
 90
3
 70
1
 10
76.461056
 20
151.114467
 10
76.016687
 20
151.114467
 10
76.249404
 20
150.161967
  0
LWPOLYLINE
  5
DB4
100
AcDbEntity
  8
0
100
AcDbPolyline
 62
3
420
65280
  6
BYLAYER
 38
0
 90
2
 70
0
 10
121.165056
 20
99.934879
 10
121.165056
 20
94.198712
  0
LWPOLYLINE
  5
DB5
100
AcDbEntity
  8
0
100
AcDbPolyline
 62
3
420
65280
  6
BYLAYER
 38
0
 90
2
 70
0
 10
121.165056
 20
99.934879
 10
121.165056
 20
94.198712
  0
LWPOLYLINE
  5
DB6
100
AcDbEntity
  8
0
100
AcDbPolyline
 62
2
420
16776960
  6
BYLAYER
 38
0
 90
2
 70
0
 10
120.508889
 20
94.431545
 10
119.873889
 20
94.431545
  0
LWPOLYLINE
  5
DB7
100
AcDbEntity
  8
0
100
AcDbPolyline
 62
2
420
16776960
  6
BYLAYER
 38
0
 90
2
 70
0
 10
122.032889
 20
94.431545
 10
122.667889
 20
94.431545
  0
HATCH
  5
DB8
100
AcDbEntity
  8
0
100
AcDbHatch
370
-1
 62
2
420
16776960
 10
0
 20
0
 30
0
210
0
220
0
230
1
  2
SOLID
 70
1
 71
0
 91
1
 92
3
 72
0
 73
1
 93
3
 10
120.508889
 20
94.664379
 10
120.508889
 20
94.431545
 10
121.165056
 20
94.431545
 97
0
 75
0
 76
1
 98
0
  0
LWPOLYLINE
  5
DB9
100
AcDbEntity
  8
0
100
AcDbPolyline
 62
2
420
16776960
  6
BYLAYER
 38
0
 90
3
 70
1
 10
120.508536
 20
94.661556
 10
120.508536
 20
94.428549
 10
121.164556
 20
94.428549
  0
HATCH
  5
DBA
100
AcDbEntity
  8
0
100
AcDbHatch
370
-1
 62
2
420
16776960
 10
0
 20
0
 30
0
210
0
220
0
230
1
  2
SOLID
 70
1
 71
0
 91
1
 92
3
 72
0
 73
1
 93
3
 10
122.032889
 20
94.664379
 10
122.032889
 20
94.431545
 10
121.165056
 20
94.431545
 97
0
 75
0
 76
1
 98
0
  0
LWPOLYLINE
  5
DBB
100
AcDbEntity
  8
0
100
AcDbPolyline
 62
2
420
16776960
  6
BYLAYER
 38
0
 90
3
 70
1
 10
122.032889
 20
94.661556
 10
122.032889
 20
94.428549
 10
121.165217
 20
94.428549
  0
HATCH
  5
DBC
100
AcDbEntity
  8
0
100
AcDbHatch
370
-1
 62
3
420
65280
 10
0
 20
0
 30
0
210
0
220
0
230
1
  2
SOLID
 70
1
 71
0
 91
1
 92
3
 72
0
 73
1
 93
4
 10
122.667889
 20
95.151212
 10
122.667889
 20
93.965882
 10
127.620889
 20
93.965882
 10
127.620889
 20
95.151212
 97
0
 75
0
 76
1
 98
0
  0
HATCH
  5
DBD
100
AcDbEntity
  8
0
100
AcDbHatch
370
-1
 62
7
 10
0
 20
0
 30
0
210
0
220
0
230
1
  2
SOLID
 70
1
 71
0
 91
1
 92
3
 72
0
 73
1
 93
4
 10
121.143889
 20
100.167712
 10
121.143889
 20
100.146546
 10
121.165065
 20
100.146546
 10
121.165065
 20
100.167712
 97
0
 75
0
 76
1
 98
0
  0
HATCH
  5
DBE
100
AcDbEntity
  8
0
100
AcDbHatch
370
-1
 62
7
 10
0
 20
0
 30
0
210
0
220
0
230
1
  2
SOLID
 70
1
 71
0
 91
1
 92
3
 72
0
 73
1
 93
4
 10
121.143889
 20
100.167712
 10
121.143889
 20
100.146546
 10
121.165065
 20
100.146546
 10
121.165065
 20
100.167712
 97
0
 75
0
 76
1
 98
0
  0
HATCH
  5
DBF
100
AcDbEntity
  8
0
100
AcDbHatch
370
-1
 62
7
 10
0
 20
0
 30
0
210
0
220
0
230
1
  2
SOLID
 70
1
 71
0
 91
1
 92
3
 72
0
 73
1
 93
4
 10
121.143889
 20
94.431545
 10
121.143889
 20
94.410379
 10
121.165065
 20
94.410379
 10
121.165065
 20
94.431545
 97
0
 75
0
 76
1
 98
0
  0
MTEXT
  5
DC0
100
AcDbEntity
  8
0
100
AcDbMText
370
-1
 62
3
420
65280
 10
76.249601
 20
156.386294
 30
0
 40
1.234361
  1
{\fSimSun|b0|i0|c0;2.44}
 50
-90
 41
0
  7
Standard
 71
7
 73
1
 44
1
  0
MTEXT
  5
DC1
100
AcDbEntity
  8
0
100
AcDbMText
370
-1
 62
7
 10
158.055021
 20
46.431756
 30
0
 40
3.798579
  1
{\fArial|b0|i0|c0;GoldenMorning Electronic}
 50
0
 41
0
  7
Standard
 71
1
 73
1
 44
1
  0
MTEXT
  5
DC2
100
AcDbEntity
  8
0
100
AcDbMText
370
-1
 62
7
 10
188.764326
 20
37.487427
 30
0
 40
2.532386
  1
{\fArial|b0|i0|c0;GMT020-01}
 50
0
 41
0
  7
Standard
 71
1
 73
1
 44
1
  0
MTEXT
  5
200F8C
100
AcDbEntity
  8
0
100
AcDbMText
370
-1
 10
50.3869131335997
 20
55.4254496294409
 30
3.47811408158473E-252
 40
2
  3
{\fArial|b0|i0|c0|p34;\C256;Notes:\P1.DISPLAY TYPE:2.0 TFT\P2.DRIVER IC:ST7789V\P3.OPERATION\fArial|b0|i0|c1|p34; \fArial|b0|i0|c0|p34;TEMPERATURE\fArial|b0|i0|c1|p34;:-20¡æ-70¡æ \P\fArial|b0|i0|c1|p34;4.\fArial|b0|i0|c0|p34;STORAGE\fArial|b0|i0|c1|p34
  1
; \fArial|b0|i0|c0|p34;TEMPATURE\fArial|b0|i0|c1|p34;:-30¡æ-80¡æ }
 50
0
 41
73.3857269287109
  7
Standard
 71
0
 73
1
 44
1
  0
ENDSEC
  0
SECTION
  2
OBJECTS
  0
DICTIONARY
  5
201B60
100
AcDbDictionary
  3
ACAD_GROUP
350
201B61
  3
ACAD_MATERIAL
350
201B62
  3
ACAD_WIPEOUT_VARS
350
201B63
  3
ACAD_MLINESTYLE
350
201B64
  3
ACAD_IMAGE_VARS
350
201B65
  3
AcDbVariableDictionary
350
201B66
  3
ACAD_LAYOUT
350
201B67
  0
DICTIONARY
  5
201B61
330
201B60
100
AcDbDictionary
  0
DICTIONARY
  5
201B62
330
201B60
100
AcDbDictionary
  0
WIPEOUTVARIABLES
  5
201B63
330
201B60
100
AcDbWipeoutVariables
 70
1
  0
DICTIONARY
  5
201B64
330
201B60
100
AcDbDictionary
  3
Standard
350
18
  0
MLINESTYLE
  5
18
330
201B64
100
AcDbMlineStyle
  2
Standard
 70
0
  3

 62
256
 51
90
 52
90
 71
2
 49
0.5
 62
256
  6
BYLAYER
 49
-0.5
 62
256
  6
BYLAYER
  0
DICTIONARY
  5
201B67
100
AcDbDictionary
281
1
  3
Model
350
22
  0
LAYOUT
  5
22
102
{ACAD_REACTORS
330
201B67
102
}
330
201B67
100
AcDbPlotSettings
  1

  2
HP LaserJet 4/NT4SERVER/Session 2
  4

  6

 40
0
 41
0
 42
0
 43
0
 44
0
 45
0
 46
0
 47
0
 48
0
 49
0
 70
1712
 72
0
 73
0
 74
0
 75
0
 76
0
 77
0
 78
100
140
0
141
0
142
1
143
1
147
1
148
0
149
0
100
AcDbLayout
  1
Model
 70
1
 71
1
 10
34.318222
 20
20.517545
 11
257.224389
 21
185.808045
 12
0
 22
0
 32
0
 14
34.318222
 24
20.517545
 34
0
 15
257.224389
 25
185.808045
 35
3.47811408158473E-252
146
0
 13
0
 23
0
 33
0
 16
1
 26
0
 36
0
 17
0
 27
1
 37
0
 76
0
330
1F
  0
RASTERVARIABLES
  5
201B65
330
201B60
100
AcDbRasterVariables
 90
0
 70
0
 71
1
 72
1
  0
DICTIONARY
  5
201B66
100
AcDbDictionary
281
1
  0
DICTIONARY
  5
201B68
100
AcDbDictionary
280
1
  3
XINFO
360
201B69
  0
XRECORD
  5
201B69
102
{ACAD_REACTORS
330
201B68
102
}
330
201B68
100
AcDbXrecord
280
0
310
0900000000000E00
311
5F9377148E7FE0E9
  0
ENDSEC
  0
EOF
